experiment,stage,data_type,layer,minimum,maximum,maximum_abs,smallest_nonzero,zero_percent,observed_min_spacing,dynamic_range,FP16_range_ok,FP16_result,FP8_E4M3_range_ok,FP8_E4M3_result,FP8_E5M2_range_ok,FP8_E5M2_result,INT8_scale,INT8_quantization_step,INT8_zero_threshold,INT8_smallest_may_be_lost,INT8_result,INT16_scale,INT16_quantization_step,INT16_zero_threshold,INT16_smallest_may_be_lost,INT16_result
LeNet5_MNIST,inference,activations,conv1,-1.1040208339691162,1.6056585311889648,1.6056585311889648,1.952052116394043e-06,0.0,1.862645149230957e-09,822549.0076335878,True,RANGE ADEQUATE,True,RANGE ADEQUATE,True,RANGE ADEQUATE,0.01264298056054303,0.01264298056054303,0.006321490280271515,True,SMALL VALUES MAY BE LOST,4.900230509930616e-05,4.900230509930616e-05,2.450115254965308e-05,True,SMALL VALUES MAY BE LOST
LeNet5_MNIST,inference,activations,conv2,-0.9452335834503174,0.8815861344337463,0.9452335834503174,9.55536961555481e-07,0.0,2.3283064365386963e-10,989217.1851851852,True,RANGE ADEQUATE,True,RANGE ADEQUATE,True,RANGE ADEQUATE,0.007442784121656042,0.007442784121656042,0.003721392060828021,True,SMALL VALUES MAY BE LOST,2.8847120073559294e-05,2.8847120073559294e-05,1.4423560036779647e-05,True,SMALL VALUES MAY BE LOST
LeNet5_MNIST,inference,activations,fc1,-0.2896836102008819,0.3109519779682159,0.3109519779682159,1.043081283569336e-07,0.0,8.731149137020111e-11,2981090.571428571,True,RANGE ADEQUATE,True,RANGE ADEQUATE,True,RANGE ADEQUATE,0.0024484407714032747,0.0024484407714032747,0.0012242203857016373,True,SMALL VALUES MAY BE LOST,9.489790886203067e-06,9.489790886203067e-06,4.744895443101534e-06,True,SMALL VALUES MAY BE LOST
LeNet5_MNIST,inference,activations,fc2,-0.1766100823879242,0.1749162375926971,0.1766100823879242,3.213062882423401e-07,0.0,4.656612873077393e-10,549662.7014492754,True,RANGE ADEQUATE,True,RANGE ADEQUATE,True,RANGE ADEQUATE,0.001390630569983655,0.001390630569983655,0.0006953152849918275,True,SMALL VALUES MAY BE LOST,5.3898764729125095e-06,5.3898764729125095e-06,2.6949382364562547e-06,True,SMALL VALUES MAY BE LOST
LeNet5_MNIST,inference,activations,fc3,-0.1052320003509521,0.1058825924992561,0.1058825924992561,1.8114224076271057e-07,0.0,4.656612873077393e-10,584527.3419023135,True,RANGE ADEQUATE,True,RANGE ADEQUATE,True,RANGE ADEQUATE,0.0008337212007815441,0.0008337212007815441,0.00041686060039077205,True,SMALL VALUES MAY BE LOST,3.2313789025316966e-06,3.2313789025316966e-06,1.6156894512658483e-06,True,SMALL VALUES MAY BE LOST
LeNet5_MNIST,inference,activations,pool1,0.0,1.453417181968689,1.453417181968689,1.9818544387817383e-06,8.4662,4.656612873077393e-10,733362.2255639097,True,RANGE ADEQUATE,True,RANGE ADEQUATE,True,RANGE ADEQUATE,0.011444229779281015,0.011444229779281015,0.0057221148896405075,True,SMALL VALUES MAY BE LOST,4.435612604048857e-05,4.435612604048857e-05,2.2178063020244286e-05,True,SMALL VALUES MAY BE LOST
LeNet5_MNIST,inference,activations,pool2,0.0,0.7559208869934082,0.7559208869934082,3.948807716369629e-07,36.9224,5.820766091346741e-11,1914301.5849056605,True,RANGE ADEQUATE,True,RANGE ADEQUATE,True,RANGE ADEQUATE,0.005952132968452033,0.005952132968452033,0.0029760664842260164,True,SMALL VALUES MAY BE LOST,2.3069578752812533e-05,2.3069578752812533e-05,1.1534789376406266e-05,True,SMALL VALUES MAY BE LOST
LeNet5_MNIST,inference,activations,relu1,0.0,1.6021283864974976,1.6021283864974976,1.989305019378662e-06,15.9158,1.862645149230957e-09,805370.9063670412,True,RANGE ADEQUATE,True,RANGE ADEQUATE,True,RANGE ADEQUATE,0.012615184145649588,0.012615184145649588,0.006307592072824794,True,SMALL VALUES MAY BE LOST,4.8894570345087974e-05,4.8894570345087974e-05,2.4447285172543987e-05,True,SMALL VALUES MAY BE LOST
LeNet5_MNIST,inference,activations,relu2,0.0,0.879491925239563,0.879491925239563,2.682209014892578e-07,55.01859999999999,2.3283064365386963e-10,3278983.5555555555,True,RANGE ADEQUATE,True,RANGE ADEQUATE,True,RANGE ADEQUATE,0.006925133269602858,0.006925133269602858,0.003462566634801429,True,SMALL VALUES MAY BE LOST,2.6840782654486617e-05,2.6840782654486617e-05,1.3420391327243308e-05,True,SMALL VALUES MAY BE LOST
LeNet5_MNIST,inference,activations,relu3,0.0,0.2948959469795227,0.2948959469795227,1.043081283569336e-07,52.0432,4.656612873077393e-10,2827161.714285714,True,RANGE ADEQUATE,True,RANGE ADEQUATE,True,RANGE ADEQUATE,0.002322015330547423,0.002322015330547423,0.0011610076652737115,True,SMALL VALUES MAY BE LOST,8.99978475232773e-06,8.99978475232773e-06,4.499892376163865e-06,True,SMALL VALUES MAY BE LOST
LeNet5_MNIST,inference,activations,relu4,0.0,0.1749162375926971,0.1749162375926971,5.21540641784668e-08,57.249,2.3283064365386963e-10,3353837.142857142,True,RANGE ADEQUATE,True,RANGE ADEQUATE,True,RANGE ADEQUATE,0.0013772932093913156,0.0013772932093913156,0.0006886466046956578,True,SMALL VALUES MAY BE LOST,5.338182854478502e-06,5.338182854478502e-06,2.669091427239251e-06,True,SMALL VALUES MAY BE LOST
LeNet5_MNIST,inference,biases,conv1.bias,0.0314554944634437,0.193041130900383,0.193041130900383,0.0314554944634437,0.0,0.0138600841164588,6.136960623039245,True,RANGE ADEQUATE,True,RANGE ADEQUATE,True,RANGE ADEQUATE,0.0015200089047274251,0.0015200089047274251,0.0007600044523637126,False,RANGE/STEP APPEARS ADEQUATE,5.891327582640553e-06,5.891327582640553e-06,2.9456637913202764e-06,False,RANGE/STEP APPEARS ADEQUATE
LeNet5_MNIST,inference,biases,conv2.bias,-0.0656192973256111,0.0811205431818962,0.0811205431818962,0.0020007973071187,0.0,0.000745266675949,40.54410853776884,True,RANGE ADEQUATE,True,RANGE ADEQUATE,True,RANGE ADEQUATE,0.0006387444345031197,0.0006387444345031197,0.00031937221725155985,False,RANGE/STEP APPEARS ADEQUATE,2.4756780657947386e-06,2.4756780657947386e-06,1.2378390328973693e-06,False,RANGE/STEP APPEARS ADEQUATE
LeNet5_MNIST,inference,biases,fc1.bias,-0.0616909489035606,0.0621632859110832,0.0621632859110832,0.0002017766237258,0.0,1.2367963790893557e-06,308.0797208479346,True,RANGE ADEQUATE,True,RANGE ADEQUATE,True,RANGE ADEQUATE,0.0004894746922132536,0.0004894746922132536,0.0002447373461066268,True,SMALL VALUES MAY BE LOST,1.8971308301365155e-06,1.8971308301365155e-06,9.485654150682577e-07,False,RANGE/STEP APPEARS ADEQUATE
LeNet5_MNIST,inference,biases,fc2.bias,-0.0903345346450805,0.0868053883314132,0.0903345346450805,0.0010720884893089,0.0,9.097158908843994e-06,84.26033442753669,True,RANGE ADEQUATE,True,RANGE ADEQUATE,True,RANGE ADEQUATE,0.0007112955483864606,0.0007112955483864606,0.0003556477741932303,False,RANGE/STEP APPEARS ADEQUATE,2.756875351575686e-06,2.756875351575686e-06,1.378437675787843e-06,False,RANGE/STEP APPEARS ADEQUATE
LeNet5_MNIST,inference,biases,fc3.bias,-0.0834078714251518,0.1020276024937629,0.1020276024937629,0.004412283655256,0.0,0.0004312396049499,23.12353657775959,True,RANGE ADEQUATE,True,RANGE ADEQUATE,True,RANGE ADEQUATE,0.0008033669487697866,0.0008033669487697866,0.0004016834743848933,False,RANGE/STEP APPEARS ADEQUATE,3.1137303535191777e-06,3.1137303535191777e-06,1.5568651767595888e-06,False,RANGE/STEP APPEARS ADEQUATE
LeNet5_MNIST,inference,inputs,network_input,0.0,1.0,1.0,0.0039215688593685,80.71436708516397,0.0039215683937072,254.99998491956416,True,RANGE ADEQUATE,True,RANGE ADEQUATE,True,RANGE ADEQUATE,0.007874015748031496,0.007874015748031496,0.003937007874015748,True,SMALL VALUES MAY BE LOST,3.051850947599719e-05,3.051850947599719e-05,1.5259254737998596e-05,False,RANGE/STEP APPEARS ADEQUATE
LeNet5_MNIST,inference,logits,output_logits,-0.1052320003509521,0.1058825924992561,0.1058825924992561,1.8114224076271057e-07,0.0,4.656612873077393e-10,584527.3419023135,True,RANGE ADEQUATE,True,RANGE ADEQUATE,True,RANGE ADEQUATE,0.0008337212007815441,0.0008337212007815441,0.00041686060039077205,True,SMALL VALUES MAY BE LOST,3.2313789025316966e-06,3.2313789025316966e-06,1.6156894512658483e-06,True,SMALL VALUES MAY BE LOST
LeNet5_MNIST,inference,weights,conv1.weight,-0.1939191073179245,0.1928424388170242,0.1939191073179245,0.0018148183589801,0.0,1.5720725059509275e-06,106.85317699061854,True,RANGE ADEQUATE,True,RANGE ADEQUATE,True,RANGE ADEQUATE,0.0015269221048655472,0.0015269221048655472,0.0007634610524327736,False,RANGE/STEP APPEARS ADEQUATE,5.918122114258995e-06,5.918122114258995e-06,2.9590610571294976e-06,False,RANGE/STEP APPEARS ADEQUATE
LeNet5_MNIST,inference,weights,conv2.weight,-0.0816449970006942,0.0816386491060257,0.0816449970006942,2.349642272747587e-05,0.0,8.940696716308595e-08,3474.7841383199784,True,RANGE ADEQUATE,True,RANGE ADEQUATE,True,RANGE ADEQUATE,0.0006428739921314504,0.0006428739921314504,0.0003214369960657252,True,SMALL VALUES MAY BE LOST,2.4916836146334484e-06,2.4916836146334484e-06,1.2458418073167242e-06,False,RANGE/STEP APPEARS ADEQUATE
LeNet5_MNIST,inference,weights,fc1.weight,-0.0624999031424522,0.0624984875321388,0.0624999031424522,4.708766937255859e-06,0.0,7.450580596923828e-09,13273.093354430372,True,RANGE ADEQUATE,True,RANGE ADEQUATE,True,RANGE ADEQUATE,0.0004921252215941118,0.0004921252215941118,0.0002460626107970559,True,SMALL VALUES MAY BE LOST,1.9074038863018343e-06,1.9074038863018343e-06,9.537019431509172e-07,False,RANGE/STEP APPEARS ADEQUATE
LeNet5_MNIST,inference,weights,fc2.weight,-0.0912718549370765,0.091262899339199,0.0912718549370765,8.052879252318235e-07,0.0,7.450580596923828e-09,113340.64758365956,True,RANGE ADEQUATE,True,RANGE ADEQUATE,True,RANGE ADEQUATE,0.0007186760231265866,0.0007186760231265866,0.0003593380115632933,True,SMALL VALUES MAY BE LOST,2.78548096978901e-06,2.78548096978901e-06,1.392740484894505e-06,True,SMALL VALUES MAY BE LOST
LeNet5_MNIST,inference,weights,fc3.weight,-0.1090110838413238,0.1089535132050514,0.1090110838413238,0.0002335501048946,0.0,1.4901161193847656e-08,466.75673252435473,True,RANGE ADEQUATE,True,RANGE ADEQUATE,True,RANGE ADEQUATE,0.0008583549908765653,0.0008583549908765653,0.00042917749543828267,True,SMALL VALUES MAY BE LOST,3.3268557952001646e-06,3.3268557952001646e-06,1.6634278976000823e-06,False,RANGE/STEP APPEARS ADEQUATE
MobileNetV2_CIFAR100,inference,activations,classifier.1,-8.689316488563746e-10,1.1220044893178738e-09,1.1220044893178738e-09,1.2037887986079287e-16,0.0,2.1684043449710093e-19,9320609.151832689,True,RANGE ADEQUATE,True,RANGE ADEQUATE,True,RANGE ADEQUATE,8.834681018250974e-12,8.834681018250974e-12,4.417340509125487e-12,True,SMALL VALUES MAY BE LOST,3.424190463935892e-14,3.424190463935892e-14,1.712095231967946e-14,True,SMALL VALUES MAY BE LOST
MobileNetV2_CIFAR100,inference,activations,features.0.0,-2.7160050868988037,2.620020627975464,2.7160050868988037,1.2872786392392754e-08,0.0,3.4924596548080444e-10,210988126.7433943,True,RANGE ADEQUATE,True,RANGE ADEQUATE,True,RANGE ADEQUATE,0.021385866825974834,0.021385866825974834,0.010692933412987417,True,SMALL VALUES MAY BE LOST,8.288842698137771e-05,8.288842698137771e-05,4.144421349068886e-05,True,SMALL VALUES MAY BE LOST
MobileNetV2_CIFAR100,inference,activations,features.0.1,-3.0283384323120117,3.063305616378784,3.063305616378784,2.7896982146558e-07,0.0,4.656612873077393e-10,10980777.778347405,True,RANGE ADEQUATE,True,RANGE ADEQUATE,True,RANGE ADEQUATE,0.024120516664399877,0.024120516664399877,0.012060258332199938,True,SMALL VALUES MAY BE LOST,9.348752148133135e-05,9.348752148133135e-05,4.6743760740665675e-05,True,SMALL VALUES MAY BE LOST
MobileNetV2_CIFAR100,inference,activations,features.1.conv.0.0,-0.5074112415313721,0.4678136110305786,0.5074112415313721,6.502999472246529e-09,23.4642,1.4551915228366852e-11,78027261.68084426,True,RANGE ADEQUATE,True,RANGE ADEQUATE,True,RANGE ADEQUATE,0.003995364106546237,0.003995364106546237,0.0019976820532731183,True,SMALL VALUES MAY BE LOST,1.548543478290268e-05,1.548543478290268e-05,7.74271739145134e-06,True,SMALL VALUES MAY BE LOST
MobileNetV2_CIFAR100,inference,activations,features.1.conv.0.1,-0.5270183086395264,0.4833757579326629,0.5270183086395264,2.151905542646659e-09,23.5292,1.4551915228366852e-11,244907733.26014075,True,RANGE ADEQUATE,True,RANGE ADEQUATE,True,RANGE ADEQUATE,0.0041497504617285545,0.0041497504617285545,0.0020748752308642772,True,SMALL VALUES MAY BE LOST,1.60838132462394e-05,1.60838132462394e-05,8.0419066231197e-06,True,SMALL VALUES MAY BE LOST
MobileNetV2_CIFAR100,inference,activations,features.1.conv.1,-0.4574458599090576,0.4104757010936737,0.4574458599090576,1.350588973991762e-07,0.0,1.1641532182693479e-10,3387010.1764346836,True,RANGE ADEQUATE,True,RANGE ADEQUATE,True,RANGE ADEQUATE,0.0036019359047957293,0.0036019359047957293,0.0018009679523978647,True,SMALL VALUES MAY BE LOST,1.3960565810390259e-05,1.3960565810390259e-05,6.980282905195129e-06,True,SMALL VALUES MAY BE LOST
MobileNetV2_CIFAR100,inference,activations,features.1.conv.2,-0.4766094982624054,0.494803637266159,0.494803637266159,1.3416004307487128e-08,0.0,2.9103830456733704e-11,36881594.99099309,True,RANGE ADEQUATE,True,RANGE ADEQUATE,True,RANGE ADEQUATE,0.003896091632017,0.003896091632017,0.0019480458160085,True,SMALL VALUES MAY BE LOST,1.5100669492665151e-05,1.5100669492665151e-05,7.550334746332576e-06,True,SMALL VALUES MAY BE LOST
MobileNetV2_CIFAR100,inference,activations,features.10.conv.0.0,-0.0003639965434558,0.0003499075828585,0.0003639965434558,3.271764803525201e-11,0.0,5.684341886080803e-14,11125388.446736993,True,RANGE ADEQUATE,True,RANGE ADEQUATE,True,RANGE ADEQUATE,2.8661145154e-06,2.8661145154e-06,1.4330572577e-06,True,SMALL VALUES MAY BE LOST,1.1108631960686057e-08,1.1108631960686057e-08,5.554315980343028e-09,True,SMALL VALUES MAY BE LOST
MobileNetV2_CIFAR100,inference,activations,features.10.conv.0.1,-0.0003639947099145,0.0003272691101301,0.0003639947099145,1.8608047394619295e-11,0.0,2.4868995751603507e-14,19561144.82058729,True,RANGE ADEQUATE,True,RANGE ADEQUATE,True,RANGE ADEQUATE,2.866100078066929e-06,2.866100078066929e-06,1.4330500390334646e-06,True,SMALL VALUES MAY BE LOST,1.1108576003738516e-08,1.1108576003738516e-08,5.554288001869258e-09,True,SMALL VALUES MAY BE LOST
MobileNetV2_CIFAR100,inference,activations,features.10.conv.1.0,-1.8365999494562857e-05,1.9697206880664453e-05,1.9697206880664453e-05,4.1879253699899505e-14,25.451400000000003,5.551115123125783e-17,470333282.9618146,True,RANGE ADEQUATE,True,RANGE ADEQUATE,True,RANGE ADEQUATE,1.5509611717058624e-07,1.5509611717058624e-07,7.754805858529312e-08,True,SMALL VALUES MAY BE LOST,6.011293948382352e-10,6.011293948382352e-10,3.005646974191176e-10,True,SMALL VALUES MAY BE LOST
MobileNetV2_CIFAR100,inference,activations,features.10.conv.1.1,-1.935413274622988e-05,1.918665657285601e-05,1.935413274622988e-05,5.711525545050444e-13,25.3986,2.498001805406602e-16,33886100.2959218,True,RANGE ADEQUATE,True,RANGE ADEQUATE,True,RANGE ADEQUATE,1.5239474603330614e-07,1.5239474603330614e-07,7.619737301665307e-08,True,SMALL VALUES MAY BE LOST,5.906592836155242e-10,5.906592836155242e-10,2.953296418077621e-10,True,SMALL VALUES MAY BE LOST
MobileNetV2_CIFAR100,inference,activations,features.10.conv.2,-2.0993247744627297e-05,1.6134059478645213e-05,2.0993247744627297e-05,4.721301474774897e-13,0.0,8.881784197001252e-16,44464959.19989565,True,RANGE ADEQUATE,True,RANGE ADEQUATE,True,RANGE ADEQUATE,1.6530116334352203e-07,1.6530116334352203e-07,8.265058167176102e-08,True,SMALL VALUES MAY BE LOST,6.406826302263648e-10,6.406826302263648e-10,3.203413151131824e-10,True,SMALL VALUES MAY BE LOST
MobileNetV2_CIFAR100,inference,activations,features.10.conv.3,-2.027442133112345e-05,1.5449393686139956e-05,2.027442133112345e-05,4.721277622327102e-13,0.0,6.661338147750939e-15,42942658.64655985,True,RANGE ADEQUATE,True,RANGE ADEQUATE,True,RANGE ADEQUATE,1.5964111284349172e-07,1.5964111284349172e-07,7.982055642174586e-08,True,SMALL VALUES MAY BE LOST,6.187451195142506e-10,6.187451195142506e-10,3.093725597571253e-10,True,SMALL VALUES MAY BE LOST
MobileNetV2_CIFAR100,inference,activations,features.11.conv.0.0,-0.0002500162809155,0.0002907092566601,0.0002907092566601,1.963820599193422e-12,0.0,5.684341886080803e-14,148032491.75586596,True,RANGE ADEQUATE,True,RANGE ADEQUATE,True,RANGE ADEQUATE,2.2890492650401577e-06,2.2890492650401577e-06,1.1445246325200789e-06,True,SMALL VALUES MAY BE LOST,8.872013204141362e-09,8.872013204141362e-09,4.436006602070681e-09,True,SMALL VALUES MAY BE LOST
MobileNetV2_CIFAR100,inference,activations,features.11.conv.0.1,-0.000255883205682,0.0003022563760168,0.0003022563760168,8.091745329341649e-11,0.0,5.684341886080803e-14,3735366.8919952507,True,RANGE ADEQUATE,True,RANGE ADEQUATE,True,RANGE ADEQUATE,2.3799714646992125e-06,2.3799714646992125e-06,1.1899857323496062e-06,True,SMALL VALUES MAY BE LOST,9.22441407564928e-09,9.22441407564928e-09,4.61220703782464e-09,True,SMALL VALUES MAY BE LOST
MobileNetV2_CIFAR100,inference,activations,features.11.conv.1.0,-1.6640144167467952e-05,1.799321034923196e-05,1.799321034923196e-05,1.3099536646382637e-13,26.7652,2.220446049250313e-16,137357609.16551718,True,RANGE ADEQUATE,True,RANGE ADEQUATE,True,RANGE ADEQUATE,1.4167882164749575e-07,1.4167882164749575e-07,7.083941082374787e-08,True,SMALL VALUES MAY BE LOST,5.491259605466463e-10,5.491259605466463e-10,2.7456298027332314e-10,True,SMALL VALUES MAY BE LOST
MobileNetV2_CIFAR100,inference,activations,features.11.conv.1.1,-1.605246143299155e-05,1.8017406546277925e-05,1.8017406546277925e-05,3.370271184528762e-13,26.707399999999996,4.440892098500626e-16,53459812.45956371,True,RANGE ADEQUATE,True,RANGE ADEQUATE,True,RANGE ADEQUATE,1.4186934288407815e-07,1.4186934288407815e-07,7.093467144203908e-08,True,SMALL VALUES MAY BE LOST,5.498643924154767e-10,5.498643924154767e-10,2.7493219620773835e-10,True,SMALL VALUES MAY BE LOST
MobileNetV2_CIFAR100,inference,activations,features.11.conv.2,-1.518436511105392e-05,1.3892349670641124e-05,1.518436511105392e-05,3.424000232649105e-12,0.0,1.7763568394002505e-15,4434685.770831848,True,RANGE ADEQUATE,True,RANGE ADEQUATE,True,RANGE ADEQUATE,1.1956193000829857e-07,1.1956193000829857e-07,5.978096500414929e-08,True,SMALL VALUES MAY BE LOST,4.634041905287002e-10,4.634041905287002e-10,2.317020952643501e-10,True,SMALL VALUES MAY BE LOST
MobileNetV2_CIFAR100,inference,activations,features.11.conv.3,-1.4433389878831804e-05,1.3947713341622148e-05,1.4433389878831804e-05,4.187203535288564e-12,0.0,8.881784197001252e-16,3447023.7133665197,True,RANGE ADEQUATE,True,RANGE ADEQUATE,True,RANGE ADEQUATE,1.1364873920340003e-07,1.1364873920340003e-07,5.6824369601700013e-08,True,SMALL VALUES MAY BE LOST,4.4048554578789036e-10,4.4048554578789036e-10,2.2024277289394518e-10,True,SMALL VALUES MAY BE LOST
MobileNetV2_CIFAR100,inference,activations,features.12.conv.0.0,-9.337260962638538e-06,1.0965514775307383e-05,1.0965514775307383e-05,5.2180026792469905e-12,0.0,1.3322676295501878e-15,2101477.4137467127,True,RANGE ADEQUATE,True,RANGE ADEQUATE,True,RANGE ADEQUATE,8.634263602604238e-08,8.634263602604238e-08,4.317131801302119e-08,True,SMALL VALUES MAY BE LOST,3.346511665794056e-10,3.346511665794056e-10,1.673255832897028e-10,True,SMALL VALUES MAY BE LOST
MobileNetV2_CIFAR100,inference,activations,features.12.conv.0.1,-8.852686733007431e-06,9.871174370346124e-06,9.871174370346124e-06,2.6093252992326343e-12,0.0,1.5543122344752194e-15,3783037.0836664545,True,RANGE ADEQUATE,True,RANGE ADEQUATE,True,RANGE ADEQUATE,7.772578244367027e-08,7.772578244367027e-08,3.8862891221835133e-08,True,SMALL VALUES MAY BE LOST,3.012535285606288e-10,3.012535285606288e-10,1.506267642803144e-10,True,SMALL VALUES MAY BE LOST
MobileNetV2_CIFAR100,inference,activations,features.12.conv.1.0,-5.090110448691121e-07,5.067288952886884e-07,5.090110448691121e-07,2.021596425146304e-14,15.0332,1.3877787807814457e-17,25178667.637991823,True,RANGE ADEQUATE,True,RANGE ADEQUATE,True,RANGE ADEQUATE,4.007960983221355e-09,4.007960983221355e-09,2.0039804916106777e-09,True,SMALL VALUES MAY BE LOST,1.553425839622523e-11,1.553425839622523e-11,7.767129198112614e-12,True,SMALL VALUES MAY BE LOST
MobileNetV2_CIFAR100,inference,activations,features.12.conv.1.1,-4.677134199937427e-07,4.6364331751647114e-07,4.677134199937427e-07,1.3712307216074122e-14,15.0322,1.3877787807814457e-17,34109024.2964707,True,RANGE ADEQUATE,True,RANGE ADEQUATE,True,RANGE ADEQUATE,3.6827828345963994e-09,3.6827828345963994e-09,1.8413914172981997e-09,True,SMALL VALUES MAY BE LOST,1.4273916440130092e-11,1.4273916440130092e-11,7.136958220065046e-12,True,SMALL VALUES MAY BE LOST
MobileNetV2_CIFAR100,inference,activations,features.12.conv.2,-6.08657785505784e-07,6.073717599974771e-07,6.08657785505784e-07,8.874057223643221e-14,0.0,5.551115123125783e-17,6858844.496563897,True,RANGE ADEQUATE,True,RANGE ADEQUATE,True,RANGE ADEQUATE,4.7925809882345195e-09,4.7925809882345195e-09,2.3962904941172598e-09,True,SMALL VALUES MAY BE LOST,1.8575328394597735e-11,1.8575328394597735e-11,9.287664197298868e-12,True,SMALL VALUES MAY BE LOST
MobileNetV2_CIFAR100,inference,activations,features.12.conv.3,-5.635798743242049e-07,6.298242283264699e-07,6.298242283264699e-07,5.96746908615095e-14,0.0,5.551115123125783e-17,10554293.94327554,True,RANGE ADEQUATE,True,RANGE ADEQUATE,True,RANGE ADEQUATE,4.959245892334409e-09,4.959245892334409e-09,2.4796229461672043e-09,True,SMALL VALUES MAY BE LOST,1.9221296680393992e-11,1.9221296680393992e-11,9.610648340196996e-12,True,SMALL VALUES MAY BE LOST
MobileNetV2_CIFAR100,inference,activations,features.13.conv.0.0,-1.047488422045717e-05,9.842445251706522e-06,1.047488422045717e-05,1.2407629177563217e-12,0.0,1.7208456881689926e-15,8442293.100924518,True,RANGE ADEQUATE,True,RANGE ADEQUATE,True,RANGE ADEQUATE,8.247940331068638e-08,8.247940331068638e-08,4.123970165534319e-08,True,SMALL VALUES MAY BE LOST,3.196778533419956e-10,3.196778533419956e-10,1.598389266709978e-10,True,SMALL VALUES MAY BE LOST
MobileNetV2_CIFAR100,inference,activations,features.13.conv.0.1,-9.80243657977553e-06,9.8551563496585e-06,9.8551563496585e-06,1.7788579853919573e-12,0.0,1.7763568394002505e-15,5540159.153001185,True,RANGE ADEQUATE,True,RANGE ADEQUATE,True,RANGE ADEQUATE,7.759965629652362e-08,7.759965629652362e-08,3.879982814826181e-08,True,SMALL VALUES MAY BE LOST,3.0076468244448685e-10,3.0076468244448685e-10,1.5038234122224343e-10,True,SMALL VALUES MAY BE LOST
MobileNetV2_CIFAR100,inference,activations,features.13.conv.1.0,-4.5306697415981034e-07,6.614968128815235e-07,6.614968128815235e-07,5.3680065052036634e-15,15.2252,1.3010426069826053e-17,123229510.29218735,True,RANGE ADEQUATE,True,RANGE ADEQUATE,True,RANGE ADEQUATE,5.20863632190176e-09,5.20863632190176e-09,2.60431816095088e-09,True,SMALL VALUES MAY BE LOST,2.0187896752266717e-11,2.0187896752266717e-11,1.0093948376133358e-11,True,SMALL VALUES MAY BE LOST
MobileNetV2_CIFAR100,inference,activations,features.13.conv.1.1,-4.131596824663575e-07,7.278765110640961e-07,7.278765110640961e-07,2.086088412607415e-15,15.2818,1.3877787807814457e-17,348919301.15000194,True,RANGE ADEQUATE,True,RANGE ADEQUATE,True,RANGE ADEQUATE,5.731311110740915e-09,5.731311110740915e-09,2.8656555553704573e-09,True,SMALL VALUES MAY BE LOST,2.2213706200265393e-11,2.2213706200265393e-11,1.1106853100132696e-11,True,SMALL VALUES MAY BE LOST
MobileNetV2_CIFAR100,inference,activations,features.13.conv.2,-6.597707624678151e-07,5.254755706118885e-07,6.597707624678151e-07,2.5363708732579173e-14,0.0,1.1102230246251563e-16,26012393.11742895,True,RANGE ADEQUATE,True,RANGE ADEQUATE,True,RANGE ADEQUATE,5.195045373762323e-09,5.195045373762323e-09,2.5975226868811615e-09,True,SMALL VALUES MAY BE LOST,2.0135220266359907e-11,2.0135220266359907e-11,1.0067610133179953e-11,True,SMALL VALUES MAY BE LOST
MobileNetV2_CIFAR100,inference,activations,features.13.conv.3,-6.025335324011394e-07,5.276552883515251e-07,6.025335324011394e-07,7.323584420111316e-14,0.0,5.551115123125783e-17,8227303.705908275,True,RANGE ADEQUATE,True,RANGE ADEQUATE,True,RANGE ADEQUATE,4.744358522843617e-09,4.744358522843617e-09,2.3721792614218085e-09,True,SMALL VALUES MAY BE LOST,1.8388425318190234e-11,1.8388425318190234e-11,9.194212659095117e-12,True,SMALL VALUES MAY BE LOST
MobileNetV2_CIFAR100,inference,activations,features.14.conv.0.0,-1.0030293196905404e-05,1.2037991837132722e-05,1.2037991837132722e-05,6.810903837445316e-13,0.0,1.2212453270876722e-15,17674587.873271193,True,RANGE ADEQUATE,True,RANGE ADEQUATE,True,RANGE ADEQUATE,9.478733730025766e-08,9.478733730025766e-08,4.739366865012883e-08,True,SMALL VALUES MAY BE LOST,3.6738156795351183e-10,3.6738156795351183e-10,1.8369078397675592e-10,True,SMALL VALUES MAY BE LOST
MobileNetV2_CIFAR100,inference,activations,features.14.conv.0.1,-1.040309052768862e-05,1.239151333720656e-05,1.239151333720656e-05,4.595856247652241e-12,0.0,8.881784197001252e-16,2696236.059066615,True,RANGE ADEQUATE,True,RANGE ADEQUATE,True,RANGE ADEQUATE,9.757097115910677e-08,9.757097115910677e-08,4.8785485579553385e-08,True,SMALL VALUES MAY BE LOST,3.7817051720348395e-10,3.7817051720348395e-10,1.8908525860174198e-10,True,SMALL VALUES MAY BE LOST
MobileNetV2_CIFAR100,inference,activations,features.14.conv.1.0,-4.86375313357712e-07,5.984849167361972e-07,5.984849167361972e-07,1.2197989336269408e-14,14.266000000000002,4.3368086899420185e-18,49064226.91784676,True,RANGE ADEQUATE,True,RANGE ADEQUATE,True,RANGE ADEQUATE,4.712479659340136e-09,4.712479659340136e-09,2.356239829670068e-09,True,SMALL VALUES MAY BE LOST,1.8264867602655026e-11,1.8264867602655026e-11,9.132433801327513e-12,True,SMALL VALUES MAY BE LOST
MobileNetV2_CIFAR100,inference,activations,features.14.conv.1.1,-4.492208631745598e-07,5.942426923866151e-07,5.942426923866151e-07,1.209977925416706e-14,14.3514,1.3877787807814457e-17,49111862.28310429,True,RANGE ADEQUATE,True,RANGE ADEQUATE,True,RANGE ADEQUATE,4.679076318004843e-09,4.679076318004843e-09,2.3395381590024215e-09,True,SMALL VALUES MAY BE LOST,1.8135401238643e-11,1.8135401238643e-11,9.0677006193215e-12,True,SMALL VALUES MAY BE LOST
MobileNetV2_CIFAR100,inference,activations,features.14.conv.2,-5.834338026033947e-07,4.431620652667334e-07,5.834338026033947e-07,1.2401042107264284e-13,0.0,5.551115123125783e-17,4704715.922717743,True,RANGE ADEQUATE,True,RANGE ADEQUATE,True,RANGE ADEQUATE,4.5939669496330295e-09,4.5939669496330295e-09,2.2969834748165147e-09,True,SMALL VALUES MAY BE LOST,1.780553003336878e-11,1.780553003336878e-11,8.90276501668439e-12,True,SMALL VALUES MAY BE LOST
MobileNetV2_CIFAR100,inference,activations,features.14.conv.3,-5.819424586661626e-07,4.44520310338703e-07,5.819424586661626e-07,2.521299141688971e-13,0.0,5.551115123125783e-17,2308105.5676571964,True,RANGE ADEQUATE,True,RANGE ADEQUATE,True,RANGE ADEQUATE,4.582224083985532e-09,4.582224083985532e-09,2.291112041992766e-09,True,SMALL VALUES MAY BE LOST,1.7760016439288386e-11,1.7760016439288386e-11,8.880008219644193e-12,True,SMALL VALUES MAY BE LOST
MobileNetV2_CIFAR100,inference,activations,features.15.conv.0.0,-2.95986694709427e-07,2.808350529903692e-07,2.95986694709427e-07,1.321958357667838e-13,0.0,5.551115123125783e-17,2239001.6523031667,True,RANGE ADEQUATE,True,RANGE ADEQUATE,True,RANGE ADEQUATE,2.330603895349819e-09,2.330603895349819e-09,1.1653019476749096e-09,True,SMALL VALUES MAY BE LOST,9.033072747258736e-12,9.033072747258736e-12,4.516536373629368e-12,True,SMALL VALUES MAY BE LOST
MobileNetV2_CIFAR100,inference,activations,features.15.conv.0.1,-2.6175499101555033e-07,2.865409669539077e-07,2.865409669539077e-07,2.1414447092752561e-13,0.0,1.3877787807814457e-17,1338073.1508631092,True,RANGE ADEQUATE,True,RANGE ADEQUATE,True,RANGE ADEQUATE,2.2562280862512416e-09,2.2562280862512416e-09,1.1281140431256208e-09,True,SMALL VALUES MAY BE LOST,8.74480321524423e-12,8.74480321524423e-12,4.372401607622115e-12,True,SMALL VALUES MAY BE LOST
MobileNetV2_CIFAR100,inference,activations,features.15.conv.1.0,-7.138424518160491e-09,8.596628298107591e-09,8.596628298107591e-09,3.594662773755033e-16,48.108,1.0842021724855044e-19,23914978.508894835,True,RANGE ADEQUATE,True,RANGE ADEQUATE,True,RANGE ADEQUATE,6.768998659927237e-11,6.768998659927237e-11,3.384499329963618e-11,True,SMALL VALUES MAY BE LOST,2.623562821774221e-13,2.623562821774221e-13,1.3117814108871106e-13,True,SMALL VALUES MAY BE LOST
MobileNetV2_CIFAR100,inference,activations,features.15.conv.1.1,-6.848221101307672e-09,8.316312971601292e-09,8.316312971601292e-09,2.0649432409308363e-16,48.2236,1.0842021724855044e-19,40273809.01691254,True,RANGE ADEQUATE,True,RANGE ADEQUATE,True,RANGE ADEQUATE,6.548277930394718e-11,6.548277930394718e-11,3.274138965197359e-11,True,SMALL VALUES MAY BE LOST,2.538014762291724e-13,2.538014762291724e-13,1.269007381145862e-13,True,SMALL VALUES MAY BE LOST
MobileNetV2_CIFAR100,inference,activations,features.15.conv.2,-8.912456550547176e-09,7.068490681660933e-09,8.912456550547176e-09,9.436657693055652e-15,0.0,1.3010426069826053e-18,944450.5502309117,True,RANGE ADEQUATE,True,RANGE ADEQUATE,True,RANGE ADEQUATE,7.017682323265493e-11,7.017682323265493e-11,3.5088411616327465e-11,True,SMALL VALUES MAY BE LOST,2.7199488969228725e-13,2.7199488969228725e-13,1.3599744484614362e-13,True,SMALL VALUES MAY BE LOST
MobileNetV2_CIFAR100,inference,activations,features.15.conv.3,-9.440613624178697e-09,7.149371761272505e-09,9.440613624178697e-09,6.711710773607679e-15,0.0,1.734723475976807e-18,1406588.2667801816,True,RANGE ADEQUATE,True,RANGE ADEQUATE,True,RANGE ADEQUATE,7.433554034786376e-11,7.433554034786376e-11,3.716777017393188e-11,True,SMALL VALUES MAY BE LOST,2.8811345634872575e-13,2.8811345634872575e-13,1.4405672817436288e-13,True,SMALL VALUES MAY BE LOST
MobileNetV2_CIFAR100,inference,activations,features.16.conv.0.0,-2.9004959856138157e-07,3.1171268233265437e-07,3.1171268233265437e-07,3.1340202107750174e-14,0.0,1.0408340855860844e-17,9946096.750140944,True,RANGE ADEQUATE,True,RANGE ADEQUATE,True,RANGE ADEQUATE,2.4544305695484595e-09,2.4544305695484595e-09,1.2272152847742298e-09,True,SMALL VALUES MAY BE LOST,9.513006449557615e-12,9.513006449557615e-12,4.7565032247788076e-12,True,SMALL VALUES MAY BE LOST
MobileNetV2_CIFAR100,inference,activations,features.16.conv.0.1,-3.190003212694137e-07,3.201346032710717e-07,3.201346032710717e-07,1.1554893123593736e-14,0.0,3.0357660829594124e-18,27705544.29598266,True,RANGE ADEQUATE,True,RANGE ADEQUATE,True,RANGE ADEQUATE,2.520744907646234e-09,2.520744907646234e-09,1.260372453823117e-09,True,SMALL VALUES MAY BE LOST,9.770030923522802e-12,9.770030923522802e-12,4.885015461761401e-12,True,SMALL VALUES MAY BE LOST
MobileNetV2_CIFAR100,inference,activations,features.16.conv.1.0,-9.421002644671717e-09,6.745215497261371e-09,9.421002644671717e-09,2.3572214885015893e-16,50.474,2.1684043449710093e-19,39966556.772992715,True,RANGE ADEQUATE,True,RANGE ADEQUATE,True,RANGE ADEQUATE,7.418112318639147e-11,7.418112318639147e-11,3.7090561593195734e-11,True,SMALL VALUES MAY BE LOST,2.875149584848084e-13,2.875149584848084e-13,1.437574792424042e-13,True,SMALL VALUES MAY BE LOST
MobileNetV2_CIFAR100,inference,activations,features.16.conv.1.1,-9.284477187065932e-09,7.115126265944127e-09,9.284477187065932e-09,3.6160802665241543e-16,50.462,5.421010862427522e-20,25675528.480429303,True,RANGE ADEQUATE,True,RANGE ADEQUATE,True,RANGE ADEQUATE,7.310611958319631e-11,7.310611958319631e-11,3.6553059791598153e-11,True,SMALL VALUES MAY BE LOST,2.833484050131514e-13,2.833484050131514e-13,1.416742025065757e-13,True,SMALL VALUES MAY BE LOST
MobileNetV2_CIFAR100,inference,activations,features.16.conv.2,-7.599814111358683e-09,7.060113826895531e-09,7.599814111358683e-09,5.484980061153588e-15,0.0,7.589415207398531e-19,1385568.2293511033,True,RANGE ADEQUATE,True,RANGE ADEQUATE,True,RANGE ADEQUATE,5.984105599495026e-11,5.984105599495026e-11,2.992052799747513e-11,True,SMALL VALUES MAY BE LOST,2.3193499897331716e-13,2.3193499897331716e-13,1.1596749948665858e-13,True,SMALL VALUES MAY BE LOST
MobileNetV2_CIFAR100,inference,activations,features.16.conv.3,-7.599775919686635e-09,7.189167483545589e-09,7.599775919686635e-09,1.995001877591477e-15,0.0,1.1892342579450377e-18,3809407.9033457763,True,RANGE ADEQUATE,True,RANGE ADEQUATE,True,RANGE ADEQUATE,5.984075527312311e-11,5.984075527312311e-11,2.9920377636561554e-11,True,SMALL VALUES MAY BE LOST,2.3193383342041186e-13,2.3193383342041186e-13,1.1596691671020593e-13,True,SMALL VALUES MAY BE LOST
MobileNetV2_CIFAR100,inference,activations,features.17.conv.0.0,-3.0527186822837393e-07,2.952251634269487e-07,3.0527186822837393e-07,4.2625486338298754e-14,0.0,5.551115123125783e-17,7161721.647128491,True,RANGE ADEQUATE,True,RANGE ADEQUATE,True,RANGE ADEQUATE,2.403715497861212e-09,2.403715497861212e-09,1.201857748930606e-09,True,SMALL VALUES MAY BE LOST,9.316442403282995e-12,9.316442403282995e-12,4.658221201641498e-12,True,SMALL VALUES MAY BE LOST
MobileNetV2_CIFAR100,inference,activations,features.17.conv.0.1,-3.089771212216874e-07,2.801068887947622e-07,3.089771212216874e-07,4.154040579264695e-15,0.0,2.7755575615628914e-17,74379899.60039806,True,RANGE ADEQUATE,True,RANGE ADEQUATE,True,RANGE ADEQUATE,2.432890718281003e-09,2.432890718281003e-09,1.2164453591405015e-09,True,SMALL VALUES MAY BE LOST,9.4295212018704e-12,9.4295212018704e-12,4.7147606009352e-12,True,SMALL VALUES MAY BE LOST
MobileNetV2_CIFAR100,inference,activations,features.17.conv.1.0,-5.011450809888629e-09,8.291999087362001e-09,8.291999087362001e-09,4.592741812537273e-16,51.348400000000005,2.710505431213761e-19,18054572.684069656,True,RANGE ADEQUATE,True,RANGE ADEQUATE,True,RANGE ADEQUATE,6.529133139655119e-11,6.529133139655119e-11,3.2645665698275594e-11,True,SMALL VALUES MAY BE LOST,2.530594527226173e-13,2.530594527226173e-13,1.2652972636130865e-13,True,SMALL VALUES MAY BE LOST
MobileNetV2_CIFAR100,inference,activations,features.17.conv.1.1,-5.236019173793238e-09,8.700001608019647e-09,8.700001608019647e-09,8.588262928580405e-16,51.2186,1.0842021724855044e-19,10130106.262894437,True,RANGE ADEQUATE,True,RANGE ADEQUATE,True,RANGE ADEQUATE,6.850394966944604e-11,6.850394966944604e-11,3.425197483472302e-11,True,SMALL VALUES MAY BE LOST,2.655110815155384e-13,2.655110815155384e-13,1.327555407577692e-13,True,SMALL VALUES MAY BE LOST
MobileNetV2_CIFAR100,inference,activations,features.17.conv.2,-4.9274722080383534e-09,5.352669862901393e-09,5.352669862901393e-09,9.4748311386478e-16,0.0,2.439454888092385e-19,5649356.473560645,True,RANGE ADEQUATE,True,RANGE ADEQUATE,True,RANGE ADEQUATE,4.2147006794499154e-11,4.2147006794499154e-11,2.1073503397249577e-11,True,SMALL VALUES MAY BE LOST,1.6335550593284074e-13,1.6335550593284074e-13,8.167775296642037e-14,True,SMALL VALUES MAY BE LOST
MobileNetV2_CIFAR100,inference,activations,features.17.conv.3,-4.946550724582721e-09,5.352643217548802e-09,5.352643217548802e-09,1.2475508881767202e-15,0.0,4.336808689942019e-19,4290520.946501527,True,RANGE ADEQUATE,True,RANGE ADEQUATE,True,RANGE ADEQUATE,4.214679698857324e-11,4.214679698857324e-11,2.107339849428662e-11,True,SMALL VALUES MAY BE LOST,1.633546927563952e-13,1.633546927563952e-13,8.16773463781976e-14,True,SMALL VALUES MAY BE LOST
MobileNetV2_CIFAR100,inference,activations,features.18.0,-5.285038184865698e-09,4.65605776156508e-09,5.285038184865698e-09,7.228820046862576e-16,0.0,4.336808689942019e-19,7311066.19144502,True,RANGE ADEQUATE,True,RANGE ADEQUATE,True,RANGE ADEQUATE,4.16144738965803e-11,4.16144738965803e-11,2.080723694829015e-11,True,SMALL VALUES MAY BE LOST,1.6129148792583082e-13,1.6129148792583082e-13,8.064574396291541e-14,True,SMALL VALUES MAY BE LOST
MobileNetV2_CIFAR100,inference,activations,features.18.1,-4.944581633026246e-09,4.925796659449588e-09,4.944581633026246e-09,5.047222171121345e-17,0.0,8.673617379884035e-19,97966395.48220451,True,RANGE ADEQUATE,True,RANGE ADEQUATE,True,RANGE ADEQUATE,3.8933713645875954e-11,3.8933713645875954e-11,1.9466856822937977e-11,True,SMALL VALUES MAY BE LOST,1.5090126142235316e-13,1.5090126142235316e-13,7.545063071117658e-14,True,SMALL VALUES MAY BE LOST
MobileNetV2_CIFAR100,inference,activations,features.2.conv.0.0,-0.4105812311172485,0.3927747905254364,0.4105812311172485,2.0673329714782085e-08,0.0,8.003553375601767e-11,19860430.650591806,True,RANGE ADEQUATE,True,RANGE ADEQUATE,True,RANGE ADEQUATE,0.003232923079663374,0.003232923079663374,0.001616461539831687,True,SMALL VALUES MAY BE LOST,1.253032719251834e-05,1.253032719251834e-05,6.26516359625917e-06,True,SMALL VALUES MAY BE LOST
MobileNetV2_CIFAR100,inference,activations,features.2.conv.0.1,-0.4186534881591797,0.3547941446304321,0.4186534881591797,7.689044956293856e-10,0.0,2.9103830456733704e-11,544480479.0957706,True,RANGE ADEQUATE,True,RANGE ADEQUATE,True,RANGE ADEQUATE,0.003296484158733698,0.003296484158733698,0.001648242079366849,True,SMALL VALUES MAY BE LOST,1.2776680445545203e-05,1.2776680445545203e-05,6.3883402227726015e-06,True,SMALL VALUES MAY BE LOST
MobileNetV2_CIFAR100,inference,activations,features.2.conv.1.0,-0.0594326518476009,0.0788413733243942,0.0788413733243942,8.097383874527964e-11,25.425399999999996,4.547473508864641e-13,973664760.6939625,True,RANGE ADEQUATE,True,RANGE ADEQUATE,True,RANGE ADEQUATE,0.0006207982151527102,0.0006207982151527102,0.0003103991075763551,True,SMALL VALUES MAY BE LOST,2.4061211989011564e-06,2.4061211989011564e-06,1.2030605994505782e-06,True,SMALL VALUES MAY BE LOST
MobileNetV2_CIFAR100,inference,activations,features.2.conv.1.1,-0.0597564876079559,0.0722671076655387,0.0722671076655387,1.2294340545615512e-10,25.5692,1.1368683772161605e-13,587807921.8434459,True,RANGE ADEQUATE,True,RANGE ADEQUATE,True,RANGE ADEQUATE,0.0005690323438231394,0.0005690323438231394,0.0002845161719115697,True,SMALL VALUES MAY BE LOST,2.2054844100936525e-06,2.2054844100936525e-06,1.1027422050468262e-06,True,SMALL VALUES MAY BE LOST
MobileNetV2_CIFAR100,inference,activations,features.2.conv.2,-0.0756219550967216,0.0605049133300781,0.0756219550967216,6.968145616070842e-09,0.0,7.275957614183426e-12,10852522.21513747,True,RANGE ADEQUATE,True,RANGE ADEQUATE,True,RANGE ADEQUATE,0.0005954484653285164,0.0005954484653285164,0.0002977242326642582,True,SMALL VALUES MAY BE LOST,2.307869353212732e-06,2.307869353212732e-06,1.153934676606366e-06,True,SMALL VALUES MAY BE LOST
MobileNetV2_CIFAR100,inference,activations,features.2.conv.3,-0.0875292271375656,0.0584745146334171,0.0875292271375656,2.0380483078952242e-08,0.0,3.637978807091713e-12,4294757.234089344,True,RANGE ADEQUATE,True,RANGE ADEQUATE,True,RANGE ADEQUATE,0.0006892065128942173,0.0006892065128942173,0.00034460325644710863,True,SMALL VALUES MAY BE LOST,2.6712615478245062e-06,2.6712615478245062e-06,1.3356307739122531e-06,True,SMALL VALUES MAY BE LOST
MobileNetV2_CIFAR100,inference,activations,features.3.conv.0.0,-0.0467951111495494,0.0517891235649585,0.0517891235649585,2.2000821164880335e-09,0.0,7.275957614183426e-12,23539632.078655727,True,RANGE ADEQUATE,True,RANGE ADEQUATE,True,RANGE ADEQUATE,0.0004077883745272323,0.0004077883745272323,0.00020389418726361616,True,SMALL VALUES MAY BE LOST,1.5805268582707756e-06,1.5805268582707756e-06,7.902634291353878e-07,True,SMALL VALUES MAY BE LOST
MobileNetV2_CIFAR100,inference,activations,features.3.conv.0.1,-0.047562837600708,0.0491961389780044,0.0491961389780044,1.1063252536303024e-08,0.0,7.275957614183426e-12,4446806.110280127,True,RANGE ADEQUATE,True,RANGE ADEQUATE,True,RANGE ADEQUATE,0.00038737117305515274,0.00038737117305515274,0.00019368558652757637,True,SMALL VALUES MAY BE LOST,1.5013928335827022e-06,1.5013928335827022e-06,7.506964167913511e-07,True,SMALL VALUES MAY BE LOST
MobileNetV2_CIFAR100,inference,activations,features.3.conv.1.0,-0.0079690106213092,0.0055652516894042,0.0079690106213092,2.1596386137745505e-11,27.581,2.8421709430404014e-14,368997413.2931994,True,RANGE ADEQUATE,True,RANGE ADEQUATE,True,RANGE ADEQUATE,6.27481151284189e-05,6.27481151284189e-05,3.137405756420945e-05,True,SMALL VALUES MAY BE LOST,2.4320232616074713e-07,2.4320232616074713e-07,1.2160116308037357e-07,True,SMALL VALUES MAY BE LOST
MobileNetV2_CIFAR100,inference,activations,features.3.conv.1.1,-0.0080692237243056,0.0055672824382781,0.0080692237243056,8.48988501028769e-12,27.6178,7.105427357601003e-14,950451474.2576195,True,RANGE ADEQUATE,True,RANGE ADEQUATE,True,RANGE ADEQUATE,6.353719467957166e-05,6.353719467957166e-05,3.176859733978583e-05,True,SMALL VALUES MAY BE LOST,2.4626068069416183e-07,2.4626068069416183e-07,1.2313034034708092e-07,True,SMALL VALUES MAY BE LOST
MobileNetV2_CIFAR100,inference,activations,features.3.conv.2,-0.0076079624705016,0.0076222540810704,0.0076222540810704,2.305182933426408e-09,0.0,4.547473508864641e-13,3306572.320375778,True,RANGE ADEQUATE,True,RANGE ADEQUATE,True,RANGE ADEQUATE,6.001774866984567e-05,6.001774866984567e-05,3.0008874334922833e-05,True,SMALL VALUES MAY BE LOST,2.3261983340160527e-07,2.3261983340160527e-07,1.1630991670080264e-07,True,SMALL VALUES MAY BE LOST
MobileNetV2_CIFAR100,inference,activations,features.3.conv.3,-0.0085021555423736,0.0076920758001506,0.0085021555423736,2.5832889161137022e-09,0.0,9.094947017729282e-13,3291213.572488917,True,RANGE ADEQUATE,True,RANGE ADEQUATE,True,RANGE ADEQUATE,6.694610663286299e-05,6.694610663286299e-05,3.347305331643149e-05,True,SMALL VALUES MAY BE LOST,2.5947311448633074e-07,2.5947311448633074e-07,1.2973655724316537e-07,True,SMALL VALUES MAY BE LOST
MobileNetV2_CIFAR100,inference,activations,features.4.conv.0.0,-0.048615351319313,0.0534592941403389,0.0534592941403389,1.0386331794620672e-08,0.0,1.8189894035458565e-12,5147081.29852223,True,RANGE ADEQUATE,True,RANGE ADEQUATE,True,RANGE ADEQUATE,0.00042093932393967636,0.00042093932393967636,0.00021046966196983818,True,SMALL VALUES MAY BE LOST,1.6314979748020538e-06,1.6314979748020538e-06,8.157489874010269e-07,True,SMALL VALUES MAY BE LOST
MobileNetV2_CIFAR100,inference,activations,features.4.conv.0.1,-0.0489326901733875,0.0495571978390216,0.0495571978390216,2.2294067036909837e-08,0.0,3.637978807091713e-12,2222887.2711728727,True,RANGE ADEQUATE,True,RANGE ADEQUATE,True,RANGE ADEQUATE,0.0003902141562127685,0.0003902141562127685,0.00019510707810638426,True,SMALL VALUES MAY BE LOST,1.5124118118540482e-06,1.5124118118540482e-06,7.562059059270241e-07,True,SMALL VALUES MAY BE LOST
MobileNetV2_CIFAR100,inference,activations,features.4.conv.1.0,-0.0078295404091477,0.0087987286970019,0.0087987286970019,1.371311814102327e-10,25.5238,2.8421709430404014e-14,64162859.289312154,True,RANGE ADEQUATE,True,RANGE ADEQUATE,True,RANGE ADEQUATE,6.92813283228496e-05,6.92813283228496e-05,3.46406641614248e-05,True,SMALL VALUES MAY BE LOST,2.685240851161809e-07,2.685240851161809e-07,1.3426204255809046e-07,True,SMALL VALUES MAY BE LOST
MobileNetV2_CIFAR100,inference,activations,features.4.conv.1.1,-0.0077681420370936,0.0086089419201016,0.0086089419201016,2.0729513938722022e-10,25.646200000000004,2.8421709430404014e-14,41529878.34423069,True,RANGE ADEQUATE,True,RANGE ADEQUATE,True,RANGE ADEQUATE,6.77869442527685e-05,6.77869442527685e-05,3.389347212638425e-05,True,SMALL VALUES MAY BE LOST,2.6273207556693014e-07,2.6273207556693014e-07,1.3136603778346507e-07,True,SMALL VALUES MAY BE LOST
MobileNetV2_CIFAR100,inference,activations,features.4.conv.2,-0.0067192395217716,0.0057931789197027,0.0067192395217716,1.9651935634357187e-09,0.0,3.410605131648481e-13,3419123.5137288226,True,RANGE ADEQUATE,True,RANGE ADEQUATE,True,RANGE ADEQUATE,5.29073978092252e-05,5.29073978092252e-05,2.64536989046126e-05,True,SMALL VALUES MAY BE LOST,2.0506117501668143e-07,2.0506117501668143e-07,1.0253058750834071e-07,True,SMALL VALUES MAY BE LOST
MobileNetV2_CIFAR100,inference,activations,features.4.conv.3,-0.0081104654818773,0.0059730419889092,0.0081104654818773,6.0845826155286894e-09,0.0,1.8189894035458565e-12,1332953.4652349495,True,RANGE ADEQUATE,True,RANGE ADEQUATE,True,RANGE ADEQUATE,6.38619329281677e-05,6.38619329281677e-05,3.193096646408385e-05,True,SMALL VALUES MAY BE LOST,2.475193176634205e-07,2.475193176634205e-07,1.2375965883171025e-07,True,SMALL VALUES MAY BE LOST
MobileNetV2_CIFAR100,inference,activations,features.5.conv.0.0,-0.0044540204107761,0.0046594114974141,0.0046594114974141,2.044284963531595e-09,0.0,3.410605131648481e-13,2279237.767989427,True,RANGE ADEQUATE,True,RANGE ADEQUATE,True,RANGE ADEQUATE,3.668827950719764e-05,3.668827950719764e-05,1.834413975359882e-05,True,SMALL VALUES MAY BE LOST,1.4219829393640248e-07,1.4219829393640248e-07,7.109914696820124e-08,True,SMALL VALUES MAY BE LOST
MobileNetV2_CIFAR100,inference,activations,features.5.conv.0.1,-0.0045037297531962,0.0049874722026288,0.0049874722026288,6.591382994969307e-10,0.0,2.273736754432321e-13,7566655.141167417,True,RANGE ADEQUATE,True,RANGE ADEQUATE,True,RANGE ADEQUATE,3.92714346663685e-05,3.92714346663685e-05,1.963571733318425e-05,True,SMALL VALUES MAY BE LOST,1.5221021767719962e-07,1.5221021767719962e-07,7.610510883859981e-08,True,SMALL VALUES MAY BE LOST
MobileNetV2_CIFAR100,inference,activations,features.5.conv.1.0,-0.0004880515334662,0.0006463072495535,0.0006463072495535,2.212449407706929e-12,20.3818,1.4210854715202004e-14,292122950.83545375,True,RANGE ADEQUATE,True,RANGE ADEQUATE,True,RANGE ADEQUATE,5.089033461051181e-06,5.089033461051181e-06,2.5445167305255906e-06,True,SMALL VALUES MAY BE LOST,1.972433391990417e-08,1.972433391990417e-08,9.862166959952085e-09,True,SMALL VALUES MAY BE LOST
MobileNetV2_CIFAR100,inference,activations,features.5.conv.1.1,-0.0004749243962578,0.0006912271492183,0.0006912271492183,2.2511641856182152e-11,20.4482,1.3322676295501878e-15,30705319.21368832,True,RANGE ADEQUATE,True,RANGE ADEQUATE,True,RANGE ADEQUATE,5.442733458411811e-06,5.442733458411811e-06,2.7213667292059055e-06,True,SMALL VALUES MAY BE LOST,2.1095222303485214e-08,2.1095222303485214e-08,1.0547611151742607e-08,True,SMALL VALUES MAY BE LOST
MobileNetV2_CIFAR100,inference,activations,features.5.conv.2,-0.0006929148221388,0.0006094858981668,0.0006929148221388,2.611817706554831e-10,0.0,5.684341886080803e-14,2652998.4094977393,True,RANGE ADEQUATE,True,RANGE ADEQUATE,True,RANGE ADEQUATE,5.456022221565354e-06,5.456022221565354e-06,2.728011110782677e-06,True,SMALL VALUES MAY BE LOST,2.1146727565501877e-08,2.1146727565501877e-08,1.0573363782750938e-08,True,SMALL VALUES MAY BE LOST
MobileNetV2_CIFAR100,inference,activations,features.5.conv.3,-0.0007123848190531,0.0006852075457572,0.0007123848190531,2.77713324559059e-10,0.0,1.1368683772161605e-13,2565180.551506462,True,RANGE ADEQUATE,True,RANGE ADEQUATE,True,RANGE ADEQUATE,5.609329283882677e-06,5.609329283882677e-06,2.8046646419413386e-06,True,SMALL VALUES MAY BE LOST,2.174092285082858e-08,2.174092285082858e-08,1.087046142541429e-08,True,SMALL VALUES MAY BE LOST
MobileNetV2_CIFAR100,inference,activations,features.6.conv.0.0,-0.0056401984766125,0.0039733881130814,0.0056401984766125,1.5388081919809336e-09,0.0,4.547473508864641e-13,3665303.1261497107,True,RANGE ADEQUATE,True,RANGE ADEQUATE,True,RANGE ADEQUATE,4.441101162687008e-05,4.441101162687008e-05,2.220550581343504e-05,True,SMALL VALUES MAY BE LOST,1.7213045065500352e-07,1.7213045065500352e-07,8.606522532750176e-08,True,SMALL VALUES MAY BE LOST
MobileNetV2_CIFAR100,inference,activations,features.6.conv.0.1,-0.0049591618590056,0.0038173403590917,0.0049591618590056,5.699062333164305e-10,0.0,4.547473508864641e-13,8701715.421056136,True,RANGE ADEQUATE,True,RANGE ADEQUATE,True,RANGE ADEQUATE,3.9048518574847244e-05,3.9048518574847244e-05,1.9524259287423622e-05,True,SMALL VALUES MAY BE LOST,1.5134622818706626e-07,1.5134622818706626e-07,7.567311409353313e-08,True,SMALL VALUES MAY BE LOST
MobileNetV2_CIFAR100,inference,activations,features.6.conv.1.0,-0.0005673885461874,0.0004788892110809,0.0005673885461874,2.9737135063406805e-12,27.3072,5.3290705182007506e-15,190801348.2057332,True,RANGE ADEQUATE,True,RANGE ADEQUATE,True,RANGE ADEQUATE,4.467626347932284e-06,4.467626347932284e-06,2.233813173966142e-06,True,SMALL VALUES MAY BE LOST,1.7315852723392438e-08,1.7315852723392438e-08,8.657926361696219e-09,True,SMALL VALUES MAY BE LOST
MobileNetV2_CIFAR100,inference,activations,features.6.conv.1.1,-0.0005560570280067,0.0004897908074781,0.0005560570280067,6.567803158968877e-12,27.4298,1.3322676295501878e-14,84664082.4256979,True,RANGE ADEQUATE,True,RANGE ADEQUATE,True,RANGE ADEQUATE,4.3784017953283465e-06,4.3784017953283465e-06,2.1892008976641733e-06,True,SMALL VALUES MAY BE LOST,1.697003167841731e-08,1.697003167841731e-08,8.485015839208655e-09,True,SMALL VALUES MAY BE LOST
MobileNetV2_CIFAR100,inference,activations,features.6.conv.2,-0.0006793396314606,0.0005065486766397,0.0006793396314606,6.340990926778645e-11,0.0,1.1368683772161605e-13,10713461.654576419,True,RANGE ADEQUATE,True,RANGE ADEQUATE,True,RANGE ADEQUATE,5.349130956382677e-06,5.349130956382677e-06,2.6745654781913385e-06,True,SMALL VALUES MAY BE LOST,2.073243298015076e-08,2.073243298015076e-08,1.036621649007538e-08,True,SMALL VALUES MAY BE LOST
MobileNetV2_CIFAR100,inference,activations,features.6.conv.3,-0.0006611632416024,0.0005227366345934,0.0006611632416024,1.0236705233479526e-10,0.0,2.8421709430404014e-14,6458750.413561201,True,RANGE ADEQUATE,True,RANGE ADEQUATE,True,RANGE ADEQUATE,5.20600977639685e-06,5.20600977639685e-06,2.603004888198425e-06,True,SMALL VALUES MAY BE LOST,2.0177716654023863e-08,2.0177716654023863e-08,1.0088858327011932e-08,True,SMALL VALUES MAY BE LOST
MobileNetV2_CIFAR100,inference,activations,features.7.conv.0.0,-0.0045203482732176,0.0046737156808376,0.0046737156808376,1.0128397009978583e-09,0.0,4.547473508864641e-13,4614467.300435613,True,RANGE ADEQUATE,True,RANGE ADEQUATE,True,RANGE ADEQUATE,3.6800910872737005e-05,3.6800910872737005e-05,1.8400455436368502e-05,True,SMALL VALUES MAY BE LOST,1.4263483629375896e-07,1.4263483629375896e-07,7.131741814687948e-08,True,SMALL VALUES MAY BE LOST
MobileNetV2_CIFAR100,inference,activations,features.7.conv.0.1,-0.0041712098754942,0.0047772554680705,0.0047772554680705,2.903099149964561e-10,0.0,1.7053025658242404e-13,16455708.955475453,True,RANGE ADEQUATE,True,RANGE ADEQUATE,True,RANGE ADEQUATE,3.761618478795669e-05,3.761618478795669e-05,1.8808092393978346e-05,True,SMALL VALUES MAY BE LOST,1.4579471627156897e-07,1.4579471627156897e-07,7.289735813578449e-08,True,SMALL VALUES MAY BE LOST
MobileNetV2_CIFAR100,inference,activations,features.7.conv.1.0,-0.000495757733006,0.0005490562762133,0.0005490562762133,2.7533008425256744e-12,27.228400000000004,1.4210854715202004e-14,199417465.65901473,True,RANGE ADEQUATE,True,RANGE ADEQUATE,True,RANGE ADEQUATE,4.323277765459055e-06,4.323277765459055e-06,2.1616388827295274e-06,True,SMALL VALUES MAY BE LOST,1.6756379168471326e-08,1.6756379168471326e-08,8.378189584235663e-09,True,SMALL VALUES MAY BE LOST
MobileNetV2_CIFAR100,inference,activations,features.7.conv.1.1,-0.000428784667747,0.0005268294480629,0.0005268294480629,1.4936810469046158e-11,27.434399999999997,1.4210854715202004e-14,35270545.151165895,True,RANGE ADEQUATE,True,RANGE ADEQUATE,True,RANGE ADEQUATE,4.148263370574015e-06,4.148263370574015e-06,2.0741316852870076e-06,True,SMALL VALUES MAY BE LOST,1.6078049502941985e-08,1.6078049502941985e-08,8.039024751470992e-09,True,SMALL VALUES MAY BE LOST
MobileNetV2_CIFAR100,inference,activations,features.7.conv.2,-0.0003222938394173,0.0005494454526342,0.0005494454526342,4.7317549184411334e-11,0.0,2.8421709430404014e-14,11611874.708320979,True,RANGE ADEQUATE,True,RANGE ADEQUATE,True,RANGE ADEQUATE,4.326342146725984e-06,4.326342146725984e-06,2.163171073362992e-06,True,SMALL VALUES MAY BE LOST,1.67682562527604e-08,1.67682562527604e-08,8.3841281263802e-09,True,SMALL VALUES MAY BE LOST
MobileNetV2_CIFAR100,inference,activations,features.7.conv.3,-0.0003265607811044,0.0005097686662338,0.0005097686662338,4.671976139292154e-10,0.0,2.131628207280301e-14,1091120.0122503932,True,RANGE ADEQUATE,True,RANGE ADEQUATE,True,RANGE ADEQUATE,4.013926505777953e-06,4.013926505777953e-06,2.0069632528889764e-06,True,SMALL VALUES MAY BE LOST,1.5557379871022674e-08,1.5557379871022674e-08,7.778689935511337e-09,True,SMALL VALUES MAY BE LOST
MobileNetV2_CIFAR100,inference,activations,features.8.conv.0.0,-0.0002892941411118,0.0002316380414413,0.0002892941411118,9.830824349021937e-11,0.0,7.105427357601002e-15,2942725.1555011426,True,RANGE ADEQUATE,True,RANGE ADEQUATE,True,RANGE ADEQUATE,2.277906622927559e-06,2.277906622927559e-06,1.1389533114637795e-06,True,SMALL VALUES MAY BE LOST,8.828825986870936e-09,8.828825986870936e-09,4.414412993435468e-09,True,SMALL VALUES MAY BE LOST
MobileNetV2_CIFAR100,inference,activations,features.8.conv.0.1,-0.0002765956742223,0.0002487315796315,0.0002765956742223,2.335934223829383e-10,0.0,1.4210854715202004e-14,1184090.1657276398,True,RANGE ADEQUATE,True,RANGE ADEQUATE,True,RANGE ADEQUATE,2.1779186946637793e-06,2.1779186946637793e-06,1.0889593473318896e-06,True,SMALL VALUES MAY BE LOST,8.441287704773095e-09,8.441287704773095e-09,4.220643852386548e-09,True,SMALL VALUES MAY BE LOST
MobileNetV2_CIFAR100,inference,activations,features.8.conv.1.0,-1.641708513488993e-05,1.4654020560556091e-05,1.641708513488993e-05,1.0234537826600554e-12,25.431199999999997,2.775557561562891e-16,16040866.146608338,True,RANGE ADEQUATE,True,RANGE ADEQUATE,True,RANGE ADEQUATE,1.292683868888971e-07,1.292683868888971e-07,6.463419344444854e-08,True,SMALL VALUES MAY BE LOST,5.01024968257391e-10,5.01024968257391e-10,2.505124841286955e-10,True,SMALL VALUES MAY BE LOST
MobileNetV2_CIFAR100,inference,activations,features.8.conv.1.1,-1.7404137906851247e-05,1.4361488865688443e-05,1.7404137906851247e-05,3.699994412416363e-13,25.561,3.3306690738754696e-16,47038281.59428243,True,RANGE ADEQUATE,True,RANGE ADEQUATE,True,RANGE ADEQUATE,1.3704045595945865e-07,1.3704045595945865e-07,6.852022797972932e-08,True,SMALL VALUES MAY BE LOST,5.311483476318017e-10,5.311483476318017e-10,2.6557417381590086e-10,True,SMALL VALUES MAY BE LOST
MobileNetV2_CIFAR100,inference,activations,features.8.conv.2,-1.955865263880696e-05,1.5602838175254874e-05,1.955865263880696e-05,2.0623244865319856e-12,0.0,3.552713678800501e-15,9483790.143856984,True,RANGE ADEQUATE,True,RANGE ADEQUATE,True,RANGE ADEQUATE,1.5400513888824378e-07,1.5400513888824378e-07,7.700256944412189e-08,True,SMALL VALUES MAY BE LOST,5.969009258951678e-10,5.969009258951678e-10,2.984504629475839e-10,True,SMALL VALUES MAY BE LOST
MobileNetV2_CIFAR100,inference,activations,features.8.conv.3,-2.072994902846403e-05,1.560275995871052e-05,2.072994902846403e-05,1.5157050961556173e-11,0.0,1.7763568394002505e-15,1367676.9366971692,True,RANGE ADEQUATE,True,RANGE ADEQUATE,True,RANGE ADEQUATE,1.63227945106016e-07,1.63227945106016e-07,8.1613972553008e-08,True,SMALL VALUES MAY BE LOST,6.326471458621183e-10,6.326471458621183e-10,3.1632357293105916e-10,True,SMALL VALUES MAY BE LOST
MobileNetV2_CIFAR100,inference,activations,features.9.conv.0.0,-0.000316846941132,0.0003271098539698,0.0003271098539698,1.9461576447610263e-11,0.0,2.8421709430404014e-14,16807983.40516586,True,RANGE ADEQUATE,True,RANGE ADEQUATE,True,RANGE ADEQUATE,2.5756681414944882e-06,2.5756681414944882e-06,1.2878340707472441e-06,True,SMALL VALUES MAY BE LOST,9.982905178069399e-09,9.982905178069399e-09,4.9914525890346996e-09,True,SMALL VALUES MAY BE LOST
MobileNetV2_CIFAR100,inference,activations,features.9.conv.0.1,-0.0003405477909836,0.0003352071798872,0.0003405477909836,4.728545680010576e-12,0.0,5.684341886080803e-14,72019562.46784917,True,RANGE ADEQUATE,True,RANGE ADEQUATE,True,RANGE ADEQUATE,2.6814786691622044e-06,2.6814786691622044e-06,1.3407393345811022e-06,True,SMALL VALUES MAY BE LOST,1.0393010986162907e-08,1.0393010986162907e-08,5.196505493081454e-09,True,SMALL VALUES MAY BE LOST
MobileNetV2_CIFAR100,inference,activations,features.9.conv.1.0,-1.7334945368929766e-05,1.5349576642620377e-05,1.7334945368929766e-05,2.2231248756492995e-14,25.491999999999997,5.551115123125783e-17,779755809.4376869,True,RANGE ADEQUATE,True,RANGE ADEQUATE,True,RANGE ADEQUATE,1.3649563282621864e-07,1.3649563282621864e-07,6.824781641310932e-08,True,SMALL VALUES MAY BE LOST,5.290366945075767e-10,5.290366945075767e-10,2.6451834725378836e-10,True,SMALL VALUES MAY BE LOST
MobileNetV2_CIFAR100,inference,activations,features.9.conv.1.1,-1.7205544281750917e-05,1.7318210666417144e-05,1.7318210666417144e-05,7.920619997554834e-13,25.5296,4.8572257327350605e-17,21864715.984056085,True,RANGE ADEQUATE,True,RANGE ADEQUATE,True,RANGE ADEQUATE,1.3636386351509563e-07,1.3636386351509563e-07,6.818193175754782e-08,True,SMALL VALUES MAY BE LOST,5.285259763303673e-10,5.285259763303673e-10,2.6426298816518364e-10,True,SMALL VALUES MAY BE LOST
MobileNetV2_CIFAR100,inference,activations,features.9.conv.2,-2.4712531740078703e-05,1.7116079106926918e-05,2.4712531740078703e-05,5.375601439677746e-12,0.0,3.552713678800501e-15,4597165.920388651,True,RANGE ADEQUATE,True,RANGE ADEQUATE,True,RANGE ADEQUATE,1.945868640951079e-07,1.945868640951079e-07,9.729343204755395e-08,True,SMALL VALUES MAY BE LOST,7.541896340854732e-10,7.541896340854732e-10,3.770948170427366e-10,True,SMALL VALUES MAY BE LOST
MobileNetV2_CIFAR100,inference,activations,features.9.conv.3,-2.471240804879926e-05,1.7981999917537905e-05,2.471240804879926e-05,5.391920417097129e-12,0.0,1.7763568394002505e-15,4583229.376019571,True,RANGE ADEQUATE,True,RANGE ADEQUATE,True,RANGE ADEQUATE,1.9458589014802567e-07,1.9458589014802567e-07,9.729294507401283e-08,True,SMALL VALUES MAY BE LOST,7.541858592119895e-10,7.541858592119895e-10,3.7709292960599476e-10,True,SMALL VALUES MAY BE LOST
MobileNetV2_CIFAR100,inference,biases,classifier.1.bias,0.0,0.0,0.0,0.0,100.0,0.0,inf,True,RANGE ADEQUATE,True,RANGE ADEQUATE,True,RANGE ADEQUATE,0.0,0.0,0.0,False,RANGE/STEP APPEARS ADEQUATE,0.0,0.0,0.0,False,RANGE/STEP APPEARS ADEQUATE
MobileNetV2_CIFAR100,inference,biases,features.0.1.bias,0.0,0.0,0.0,0.0,100.0,0.0,inf,True,RANGE ADEQUATE,True,RANGE ADEQUATE,True,RANGE ADEQUATE,0.0,0.0,0.0,False,RANGE/STEP APPEARS ADEQUATE,0.0,0.0,0.0,False,RANGE/STEP APPEARS ADEQUATE
MobileNetV2_CIFAR100,inference,biases,features.1.conv.0.1.bias,0.0,0.0,0.0,0.0,100.0,0.0,inf,True,RANGE ADEQUATE,True,RANGE ADEQUATE,True,RANGE ADEQUATE,0.0,0.0,0.0,False,RANGE/STEP APPEARS ADEQUATE,0.0,0.0,0.0,False,RANGE/STEP APPEARS ADEQUATE
MobileNetV2_CIFAR100,inference,biases,features.1.conv.2.bias,0.0,0.0,0.0,0.0,100.0,0.0,inf,True,RANGE ADEQUATE,True,RANGE ADEQUATE,True,RANGE ADEQUATE,0.0,0.0,0.0,False,RANGE/STEP APPEARS ADEQUATE,0.0,0.0,0.0,False,RANGE/STEP APPEARS ADEQUATE
MobileNetV2_CIFAR100,inference,biases,features.10.conv.0.1.bias,0.0,0.0,0.0,0.0,100.0,0.0,inf,True,RANGE ADEQUATE,True,RANGE ADEQUATE,True,RANGE ADEQUATE,0.0,0.0,0.0,False,RANGE/STEP APPEARS ADEQUATE,0.0,0.0,0.0,False,RANGE/STEP APPEARS ADEQUATE
MobileNetV2_CIFAR100,inference,biases,features.10.conv.1.1.bias,0.0,0.0,0.0,0.0,100.0,0.0,inf,True,RANGE ADEQUATE,True,RANGE ADEQUATE,True,RANGE ADEQUATE,0.0,0.0,0.0,False,RANGE/STEP APPEARS ADEQUATE,0.0,0.0,0.0,False,RANGE/STEP APPEARS ADEQUATE
MobileNetV2_CIFAR100,inference,biases,features.10.conv.3.bias,0.0,0.0,0.0,0.0,100.0,0.0,inf,True,RANGE ADEQUATE,True,RANGE ADEQUATE,True,RANGE ADEQUATE,0.0,0.0,0.0,False,RANGE/STEP APPEARS ADEQUATE,0.0,0.0,0.0,False,RANGE/STEP APPEARS ADEQUATE
MobileNetV2_CIFAR100,inference,biases,features.11.conv.0.1.bias,0.0,0.0,0.0,0.0,100.0,0.0,inf,True,RANGE ADEQUATE,True,RANGE ADEQUATE,True,RANGE ADEQUATE,0.0,0.0,0.0,False,RANGE/STEP APPEARS ADEQUATE,0.0,0.0,0.0,False,RANGE/STEP APPEARS ADEQUATE
MobileNetV2_CIFAR100,inference,biases,features.11.conv.1.1.bias,0.0,0.0,0.0,0.0,100.0,0.0,inf,True,RANGE ADEQUATE,True,RANGE ADEQUATE,True,RANGE ADEQUATE,0.0,0.0,0.0,False,RANGE/STEP APPEARS ADEQUATE,0.0,0.0,0.0,False,RANGE/STEP APPEARS ADEQUATE
MobileNetV2_CIFAR100,inference,biases,features.11.conv.3.bias,0.0,0.0,0.0,0.0,100.0,0.0,inf,True,RANGE ADEQUATE,True,RANGE ADEQUATE,True,RANGE ADEQUATE,0.0,0.0,0.0,False,RANGE/STEP APPEARS ADEQUATE,0.0,0.0,0.0,False,RANGE/STEP APPEARS ADEQUATE
MobileNetV2_CIFAR100,inference,biases,features.12.conv.0.1.bias,0.0,0.0,0.0,0.0,100.0,0.0,inf,True,RANGE ADEQUATE,True,RANGE ADEQUATE,True,RANGE ADEQUATE,0.0,0.0,0.0,False,RANGE/STEP APPEARS ADEQUATE,0.0,0.0,0.0,False,RANGE/STEP APPEARS ADEQUATE
MobileNetV2_CIFAR100,inference,biases,features.12.conv.1.1.bias,0.0,0.0,0.0,0.0,100.0,0.0,inf,True,RANGE ADEQUATE,True,RANGE ADEQUATE,True,RANGE ADEQUATE,0.0,0.0,0.0,False,RANGE/STEP APPEARS ADEQUATE,0.0,0.0,0.0,False,RANGE/STEP APPEARS ADEQUATE
MobileNetV2_CIFAR100,inference,biases,features.12.conv.3.bias,0.0,0.0,0.0,0.0,100.0,0.0,inf,True,RANGE ADEQUATE,True,RANGE ADEQUATE,True,RANGE ADEQUATE,0.0,0.0,0.0,False,RANGE/STEP APPEARS ADEQUATE,0.0,0.0,0.0,False,RANGE/STEP APPEARS ADEQUATE
MobileNetV2_CIFAR100,inference,biases,features.13.conv.0.1.bias,0.0,0.0,0.0,0.0,100.0,0.0,inf,True,RANGE ADEQUATE,True,RANGE ADEQUATE,True,RANGE ADEQUATE,0.0,0.0,0.0,False,RANGE/STEP APPEARS ADEQUATE,0.0,0.0,0.0,False,RANGE/STEP APPEARS ADEQUATE
MobileNetV2_CIFAR100,inference,biases,features.13.conv.1.1.bias,0.0,0.0,0.0,0.0,100.0,0.0,inf,True,RANGE ADEQUATE,True,RANGE ADEQUATE,True,RANGE ADEQUATE,0.0,0.0,0.0,False,RANGE/STEP APPEARS ADEQUATE,0.0,0.0,0.0,False,RANGE/STEP APPEARS ADEQUATE
MobileNetV2_CIFAR100,inference,biases,features.13.conv.3.bias,0.0,0.0,0.0,0.0,100.0,0.0,inf,True,RANGE ADEQUATE,True,RANGE ADEQUATE,True,RANGE ADEQUATE,0.0,0.0,0.0,False,RANGE/STEP APPEARS ADEQUATE,0.0,0.0,0.0,False,RANGE/STEP APPEARS ADEQUATE
MobileNetV2_CIFAR100,inference,biases,features.14.conv.0.1.bias,0.0,0.0,0.0,0.0,100.0,0.0,inf,True,RANGE ADEQUATE,True,RANGE ADEQUATE,True,RANGE ADEQUATE,0.0,0.0,0.0,False,RANGE/STEP APPEARS ADEQUATE,0.0,0.0,0.0,False,RANGE/STEP APPEARS ADEQUATE
MobileNetV2_CIFAR100,inference,biases,features.14.conv.1.1.bias,0.0,0.0,0.0,0.0,100.0,0.0,inf,True,RANGE ADEQUATE,True,RANGE ADEQUATE,True,RANGE ADEQUATE,0.0,0.0,0.0,False,RANGE/STEP APPEARS ADEQUATE,0.0,0.0,0.0,False,RANGE/STEP APPEARS ADEQUATE
MobileNetV2_CIFAR100,inference,biases,features.14.conv.3.bias,0.0,0.0,0.0,0.0,100.0,0.0,inf,True,RANGE ADEQUATE,True,RANGE ADEQUATE,True,RANGE ADEQUATE,0.0,0.0,0.0,False,RANGE/STEP APPEARS ADEQUATE,0.0,0.0,0.0,False,RANGE/STEP APPEARS ADEQUATE
MobileNetV2_CIFAR100,inference,biases,features.15.conv.0.1.bias,0.0,0.0,0.0,0.0,100.0,0.0,inf,True,RANGE ADEQUATE,True,RANGE ADEQUATE,True,RANGE ADEQUATE,0.0,0.0,0.0,False,RANGE/STEP APPEARS ADEQUATE,0.0,0.0,0.0,False,RANGE/STEP APPEARS ADEQUATE
MobileNetV2_CIFAR100,inference,biases,features.15.conv.1.1.bias,0.0,0.0,0.0,0.0,100.0,0.0,inf,True,RANGE ADEQUATE,True,RANGE ADEQUATE,True,RANGE ADEQUATE,0.0,0.0,0.0,False,RANGE/STEP APPEARS ADEQUATE,0.0,0.0,0.0,False,RANGE/STEP APPEARS ADEQUATE
MobileNetV2_CIFAR100,inference,biases,features.15.conv.3.bias,0.0,0.0,0.0,0.0,100.0,0.0,inf,True,RANGE ADEQUATE,True,RANGE ADEQUATE,True,RANGE ADEQUATE,0.0,0.0,0.0,False,RANGE/STEP APPEARS ADEQUATE,0.0,0.0,0.0,False,RANGE/STEP APPEARS ADEQUATE
MobileNetV2_CIFAR100,inference,biases,features.16.conv.0.1.bias,0.0,0.0,0.0,0.0,100.0,0.0,inf,True,RANGE ADEQUATE,True,RANGE ADEQUATE,True,RANGE ADEQUATE,0.0,0.0,0.0,False,RANGE/STEP APPEARS ADEQUATE,0.0,0.0,0.0,False,RANGE/STEP APPEARS ADEQUATE
MobileNetV2_CIFAR100,inference,biases,features.16.conv.1.1.bias,0.0,0.0,0.0,0.0,100.0,0.0,inf,True,RANGE ADEQUATE,True,RANGE ADEQUATE,True,RANGE ADEQUATE,0.0,0.0,0.0,False,RANGE/STEP APPEARS ADEQUATE,0.0,0.0,0.0,False,RANGE/STEP APPEARS ADEQUATE
MobileNetV2_CIFAR100,inference,biases,features.16.conv.3.bias,0.0,0.0,0.0,0.0,100.0,0.0,inf,True,RANGE ADEQUATE,True,RANGE ADEQUATE,True,RANGE ADEQUATE,0.0,0.0,0.0,False,RANGE/STEP APPEARS ADEQUATE,0.0,0.0,0.0,False,RANGE/STEP APPEARS ADEQUATE
MobileNetV2_CIFAR100,inference,biases,features.17.conv.0.1.bias,0.0,0.0,0.0,0.0,100.0,0.0,inf,True,RANGE ADEQUATE,True,RANGE ADEQUATE,True,RANGE ADEQUATE,0.0,0.0,0.0,False,RANGE/STEP APPEARS ADEQUATE,0.0,0.0,0.0,False,RANGE/STEP APPEARS ADEQUATE
MobileNetV2_CIFAR100,inference,biases,features.17.conv.1.1.bias,0.0,0.0,0.0,0.0,100.0,0.0,inf,True,RANGE ADEQUATE,True,RANGE ADEQUATE,True,RANGE ADEQUATE,0.0,0.0,0.0,False,RANGE/STEP APPEARS ADEQUATE,0.0,0.0,0.0,False,RANGE/STEP APPEARS ADEQUATE
MobileNetV2_CIFAR100,inference,biases,features.17.conv.3.bias,0.0,0.0,0.0,0.0,100.0,0.0,inf,True,RANGE ADEQUATE,True,RANGE ADEQUATE,True,RANGE ADEQUATE,0.0,0.0,0.0,False,RANGE/STEP APPEARS ADEQUATE,0.0,0.0,0.0,False,RANGE/STEP APPEARS ADEQUATE
MobileNetV2_CIFAR100,inference,biases,features.18.1.bias,0.0,0.0,0.0,0.0,100.0,0.0,inf,True,RANGE ADEQUATE,True,RANGE ADEQUATE,True,RANGE ADEQUATE,0.0,0.0,0.0,False,RANGE/STEP APPEARS ADEQUATE,0.0,0.0,0.0,False,RANGE/STEP APPEARS ADEQUATE
MobileNetV2_CIFAR100,inference,biases,features.2.conv.0.1.bias,0.0,0.0,0.0,0.0,100.0,0.0,inf,True,RANGE ADEQUATE,True,RANGE ADEQUATE,True,RANGE ADEQUATE,0.0,0.0,0.0,False,RANGE/STEP APPEARS ADEQUATE,0.0,0.0,0.0,False,RANGE/STEP APPEARS ADEQUATE
MobileNetV2_CIFAR100,inference,biases,features.2.conv.1.1.bias,0.0,0.0,0.0,0.0,100.0,0.0,inf,True,RANGE ADEQUATE,True,RANGE ADEQUATE,True,RANGE ADEQUATE,0.0,0.0,0.0,False,RANGE/STEP APPEARS ADEQUATE,0.0,0.0,0.0,False,RANGE/STEP APPEARS ADEQUATE
MobileNetV2_CIFAR100,inference,biases,features.2.conv.3.bias,0.0,0.0,0.0,0.0,100.0,0.0,inf,True,RANGE ADEQUATE,True,RANGE ADEQUATE,True,RANGE ADEQUATE,0.0,0.0,0.0,False,RANGE/STEP APPEARS ADEQUATE,0.0,0.0,0.0,False,RANGE/STEP APPEARS ADEQUATE
MobileNetV2_CIFAR100,inference,biases,features.3.conv.0.1.bias,0.0,0.0,0.0,0.0,100.0,0.0,inf,True,RANGE ADEQUATE,True,RANGE ADEQUATE,True,RANGE ADEQUATE,0.0,0.0,0.0,False,RANGE/STEP APPEARS ADEQUATE,0.0,0.0,0.0,False,RANGE/STEP APPEARS ADEQUATE
MobileNetV2_CIFAR100,inference,biases,features.3.conv.1.1.bias,0.0,0.0,0.0,0.0,100.0,0.0,inf,True,RANGE ADEQUATE,True,RANGE ADEQUATE,True,RANGE ADEQUATE,0.0,0.0,0.0,False,RANGE/STEP APPEARS ADEQUATE,0.0,0.0,0.0,False,RANGE/STEP APPEARS ADEQUATE
MobileNetV2_CIFAR100,inference,biases,features.3.conv.3.bias,0.0,0.0,0.0,0.0,100.0,0.0,inf,True,RANGE ADEQUATE,True,RANGE ADEQUATE,True,RANGE ADEQUATE,0.0,0.0,0.0,False,RANGE/STEP APPEARS ADEQUATE,0.0,0.0,0.0,False,RANGE/STEP APPEARS ADEQUATE
MobileNetV2_CIFAR100,inference,biases,features.4.conv.0.1.bias,0.0,0.0,0.0,0.0,100.0,0.0,inf,True,RANGE ADEQUATE,True,RANGE ADEQUATE,True,RANGE ADEQUATE,0.0,0.0,0.0,False,RANGE/STEP APPEARS ADEQUATE,0.0,0.0,0.0,False,RANGE/STEP APPEARS ADEQUATE
MobileNetV2_CIFAR100,inference,biases,features.4.conv.1.1.bias,0.0,0.0,0.0,0.0,100.0,0.0,inf,True,RANGE ADEQUATE,True,RANGE ADEQUATE,True,RANGE ADEQUATE,0.0,0.0,0.0,False,RANGE/STEP APPEARS ADEQUATE,0.0,0.0,0.0,False,RANGE/STEP APPEARS ADEQUATE
MobileNetV2_CIFAR100,inference,biases,features.4.conv.3.bias,0.0,0.0,0.0,0.0,100.0,0.0,inf,True,RANGE ADEQUATE,True,RANGE ADEQUATE,True,RANGE ADEQUATE,0.0,0.0,0.0,False,RANGE/STEP APPEARS ADEQUATE,0.0,0.0,0.0,False,RANGE/STEP APPEARS ADEQUATE
MobileNetV2_CIFAR100,inference,biases,features.5.conv.0.1.bias,0.0,0.0,0.0,0.0,100.0,0.0,inf,True,RANGE ADEQUATE,True,RANGE ADEQUATE,True,RANGE ADEQUATE,0.0,0.0,0.0,False,RANGE/STEP APPEARS ADEQUATE,0.0,0.0,0.0,False,RANGE/STEP APPEARS ADEQUATE
MobileNetV2_CIFAR100,inference,biases,features.5.conv.1.1.bias,0.0,0.0,0.0,0.0,100.0,0.0,inf,True,RANGE ADEQUATE,True,RANGE ADEQUATE,True,RANGE ADEQUATE,0.0,0.0,0.0,False,RANGE/STEP APPEARS ADEQUATE,0.0,0.0,0.0,False,RANGE/STEP APPEARS ADEQUATE
MobileNetV2_CIFAR100,inference,biases,features.5.conv.3.bias,0.0,0.0,0.0,0.0,100.0,0.0,inf,True,RANGE ADEQUATE,True,RANGE ADEQUATE,True,RANGE ADEQUATE,0.0,0.0,0.0,False,RANGE/STEP APPEARS ADEQUATE,0.0,0.0,0.0,False,RANGE/STEP APPEARS ADEQUATE
MobileNetV2_CIFAR100,inference,biases,features.6.conv.0.1.bias,0.0,0.0,0.0,0.0,100.0,0.0,inf,True,RANGE ADEQUATE,True,RANGE ADEQUATE,True,RANGE ADEQUATE,0.0,0.0,0.0,False,RANGE/STEP APPEARS ADEQUATE,0.0,0.0,0.0,False,RANGE/STEP APPEARS ADEQUATE
MobileNetV2_CIFAR100,inference,biases,features.6.conv.1.1.bias,0.0,0.0,0.0,0.0,100.0,0.0,inf,True,RANGE ADEQUATE,True,RANGE ADEQUATE,True,RANGE ADEQUATE,0.0,0.0,0.0,False,RANGE/STEP APPEARS ADEQUATE,0.0,0.0,0.0,False,RANGE/STEP APPEARS ADEQUATE
MobileNetV2_CIFAR100,inference,biases,features.6.conv.3.bias,0.0,0.0,0.0,0.0,100.0,0.0,inf,True,RANGE ADEQUATE,True,RANGE ADEQUATE,True,RANGE ADEQUATE,0.0,0.0,0.0,False,RANGE/STEP APPEARS ADEQUATE,0.0,0.0,0.0,False,RANGE/STEP APPEARS ADEQUATE
MobileNetV2_CIFAR100,inference,biases,features.7.conv.0.1.bias,0.0,0.0,0.0,0.0,100.0,0.0,inf,True,RANGE ADEQUATE,True,RANGE ADEQUATE,True,RANGE ADEQUATE,0.0,0.0,0.0,False,RANGE/STEP APPEARS ADEQUATE,0.0,0.0,0.0,False,RANGE/STEP APPEARS ADEQUATE
MobileNetV2_CIFAR100,inference,biases,features.7.conv.1.1.bias,0.0,0.0,0.0,0.0,100.0,0.0,inf,True,RANGE ADEQUATE,True,RANGE ADEQUATE,True,RANGE ADEQUATE,0.0,0.0,0.0,False,RANGE/STEP APPEARS ADEQUATE,0.0,0.0,0.0,False,RANGE/STEP APPEARS ADEQUATE
MobileNetV2_CIFAR100,inference,biases,features.7.conv.3.bias,0.0,0.0,0.0,0.0,100.0,0.0,inf,True,RANGE ADEQUATE,True,RANGE ADEQUATE,True,RANGE ADEQUATE,0.0,0.0,0.0,False,RANGE/STEP APPEARS ADEQUATE,0.0,0.0,0.0,False,RANGE/STEP APPEARS ADEQUATE
MobileNetV2_CIFAR100,inference,biases,features.8.conv.0.1.bias,0.0,0.0,0.0,0.0,100.0,0.0,inf,True,RANGE ADEQUATE,True,RANGE ADEQUATE,True,RANGE ADEQUATE,0.0,0.0,0.0,False,RANGE/STEP APPEARS ADEQUATE,0.0,0.0,0.0,False,RANGE/STEP APPEARS ADEQUATE
MobileNetV2_CIFAR100,inference,biases,features.8.conv.1.1.bias,0.0,0.0,0.0,0.0,100.0,0.0,inf,True,RANGE ADEQUATE,True,RANGE ADEQUATE,True,RANGE ADEQUATE,0.0,0.0,0.0,False,RANGE/STEP APPEARS ADEQUATE,0.0,0.0,0.0,False,RANGE/STEP APPEARS ADEQUATE
MobileNetV2_CIFAR100,inference,biases,features.8.conv.3.bias,0.0,0.0,0.0,0.0,100.0,0.0,inf,True,RANGE ADEQUATE,True,RANGE ADEQUATE,True,RANGE ADEQUATE,0.0,0.0,0.0,False,RANGE/STEP APPEARS ADEQUATE,0.0,0.0,0.0,False,RANGE/STEP APPEARS ADEQUATE
MobileNetV2_CIFAR100,inference,biases,features.9.conv.0.1.bias,0.0,0.0,0.0,0.0,100.0,0.0,inf,True,RANGE ADEQUATE,True,RANGE ADEQUATE,True,RANGE ADEQUATE,0.0,0.0,0.0,False,RANGE/STEP APPEARS ADEQUATE,0.0,0.0,0.0,False,RANGE/STEP APPEARS ADEQUATE
MobileNetV2_CIFAR100,inference,biases,features.9.conv.1.1.bias,0.0,0.0,0.0,0.0,100.0,0.0,inf,True,RANGE ADEQUATE,True,RANGE ADEQUATE,True,RANGE ADEQUATE,0.0,0.0,0.0,False,RANGE/STEP APPEARS ADEQUATE,0.0,0.0,0.0,False,RANGE/STEP APPEARS ADEQUATE
MobileNetV2_CIFAR100,inference,biases,features.9.conv.3.bias,0.0,0.0,0.0,0.0,100.0,0.0,inf,True,RANGE ADEQUATE,True,RANGE ADEQUATE,True,RANGE ADEQUATE,0.0,0.0,0.0,False,RANGE/STEP APPEARS ADEQUATE,0.0,0.0,0.0,False,RANGE/STEP APPEARS ADEQUATE
MobileNetV2_CIFAR100,inference,inputs,network_input,-1.8974658250808716,2.025352954864502,2.025352954864502,0.0016588215949013,0.0,6.794929504394531e-06,1220.958878935387,True,RANGE ADEQUATE,True,RANGE ADEQUATE,True,RANGE ADEQUATE,0.015947661061925213,0.015947661061925213,0.007973830530962607,True,SMALL VALUES MAY BE LOST,6.181075334527122e-05,6.181075334527122e-05,3.090537667263561e-05,False,RANGE/STEP APPEARS ADEQUATE
MobileNetV2_CIFAR100,inference,logits,output_logits,-8.689316488563746e-10,1.133783622542239e-09,1.133783622542239e-09,1.2037887986079287e-16,0.0,1.0842021724855044e-19,9418459.648846673,True,RANGE ADEQUATE,True,RANGE ADEQUATE,True,RANGE ADEQUATE,8.927430098757788e-12,8.927430098757788e-12,4.463715049378894e-12,True,SMALL VALUES MAY BE LOST,3.4601386228285746e-14,3.4601386228285746e-14,1.7300693114142873e-14,True,SMALL VALUES MAY BE LOST
MobileNetV2_CIFAR100,inference,weights,classifier.1.weight,-0.0421227253973484,0.0462507717311382,0.0462507717311382,3.5600484693532053e-07,0.0,1.4551915228366852e-11,129916.12931478179,True,RANGE ADEQUATE,True,RANGE ADEQUATE,True,RANGE ADEQUATE,0.0003641793049695921,0.0003641793049695921,0.00018208965248479606,True,SMALL VALUES MAY BE LOST,1.4115046153489243e-06,1.4115046153489243e-06,7.057523076744621e-07,True,SMALL VALUES MAY BE LOST
MobileNetV2_CIFAR100,inference,weights,features.0.0.weight,-0.2594761848449707,0.2698723971843719,0.2698723971843719,0.0001643678406253,0.0,3.46451997756958e-07,1641.880772769806,True,RANGE ADEQUATE,True,RANGE ADEQUATE,True,RANGE ADEQUATE,0.002124979505388755,0.002124979505388755,0.0010624897526943775,True,SMALL VALUES MAY BE LOST,8.236103310781332e-06,8.236103310781332e-06,4.118051655390666e-06,False,RANGE/STEP APPEARS ADEQUATE
MobileNetV2_CIFAR100,inference,weights,features.0.1.weight,1.0,1.0,1.0,1.0,0.0,0.0,1.0,True,RANGE ADEQUATE,True,RANGE ADEQUATE,True,RANGE ADEQUATE,0.007874015748031496,0.007874015748031496,0.003937007874015748,False,RANGE/STEP APPEARS ADEQUATE,3.051850947599719e-05,3.051850947599719e-05,1.5259254737998596e-05,False,RANGE/STEP APPEARS ADEQUATE
MobileNetV2_CIFAR100,inference,weights,features.1.conv.0.0.weight,-0.2116210311651229,0.1907572746276855,0.2116210311651229,5.542041253647767e-05,0.0,1.1106953024864197e-05,3818.4672664757613,True,RANGE ADEQUATE,True,RANGE ADEQUATE,True,RANGE ADEQUATE,0.0016663073320088418,0.0016663073320088418,0.0008331536660044209,True,SMALL VALUES MAY BE LOST,6.4583584449331e-06,6.4583584449331e-06,3.22917922246655e-06,False,RANGE/STEP APPEARS ADEQUATE
MobileNetV2_CIFAR100,inference,weights,features.1.conv.0.1.weight,1.0,1.0,1.0,1.0,0.0,0.0,1.0,True,RANGE ADEQUATE,True,RANGE ADEQUATE,True,RANGE ADEQUATE,0.007874015748031496,0.007874015748031496,0.003937007874015748,False,RANGE/STEP APPEARS ADEQUATE,3.051850947599719e-05,3.051850947599719e-05,1.5259254737998596e-05,False,RANGE/STEP APPEARS ADEQUATE
MobileNetV2_CIFAR100,inference,weights,features.1.conv.1.weight,-1.3692911863327026,1.218154788017273,1.3692911863327026,2.182818207074888e-05,0.0,6.556510925292969e-07,62730.42720161464,True,RANGE ADEQUATE,True,RANGE ADEQUATE,True,RANGE ADEQUATE,0.01078182036482443,0.01078182036482443,0.005390910182412215,True,SMALL VALUES MAY BE LOST,4.1788726045494024e-05,4.1788726045494024e-05,2.0894363022747012e-05,False,RANGE/STEP APPEARS ADEQUATE
MobileNetV2_CIFAR100,inference,weights,features.1.conv.2.weight,1.0,1.0,1.0,1.0,0.0,0.0,1.0,True,RANGE ADEQUATE,True,RANGE ADEQUATE,True,RANGE ADEQUATE,0.007874015748031496,0.007874015748031496,0.003937007874015748,False,RANGE/STEP APPEARS ADEQUATE,3.051850947599719e-05,3.051850947599719e-05,1.5259254737998596e-05,False,RANGE/STEP APPEARS ADEQUATE
MobileNetV2_CIFAR100,inference,weights,features.10.conv.0.0.weight,-0.3326359093189239,0.2758861184120178,0.3326359093189239,1.5718790109531255e-06,0.0,9.313225746154783e-10,211616.73831195605,True,RANGE ADEQUATE,True,RANGE ADEQUATE,True,RANGE ADEQUATE,0.0026191803883379833,0.0026191803883379833,0.0013095901941689917,True,SMALL VALUES MAY BE LOST,1.0151552150606522e-05,1.0151552150606522e-05,5.075776075303261e-06,True,SMALL VALUES MAY BE LOST
MobileNetV2_CIFAR100,inference,weights,features.10.conv.0.1.weight,1.0,1.0,1.0,1.0,0.0,0.0,1.0,True,RANGE ADEQUATE,True,RANGE ADEQUATE,True,RANGE ADEQUATE,0.007874015748031496,0.007874015748031496,0.003937007874015748,False,RANGE/STEP APPEARS ADEQUATE,3.051850947599719e-05,3.051850947599719e-05,1.5259254737998596e-05,False,RANGE/STEP APPEARS ADEQUATE
MobileNetV2_CIFAR100,inference,weights,features.10.conv.1.0.weight,-0.0785578936338424,0.0869965404272079,0.0869965404272079,7.548538633272983e-06,0.0,3.725290298461914e-09,11524.95133875826,True,RANGE ADEQUATE,True,RANGE ADEQUATE,True,RANGE ADEQUATE,0.0006850121293480938,0.0006850121293480938,0.0003425060646740469,True,SMALL VALUES MAY BE LOST,2.655004743406717e-06,2.655004743406717e-06,1.3275023717033586e-06,False,RANGE/STEP APPEARS ADEQUATE
MobileNetV2_CIFAR100,inference,weights,features.10.conv.1.1.weight,1.0,1.0,1.0,1.0,0.0,0.0,1.0,True,RANGE ADEQUATE,True,RANGE ADEQUATE,True,RANGE ADEQUATE,0.007874015748031496,0.007874015748031496,0.003937007874015748,False,RANGE/STEP APPEARS ADEQUATE,3.051850947599719e-05,3.051850947599719e-05,1.5259254737998596e-05,False,RANGE/STEP APPEARS ADEQUATE
MobileNetV2_CIFAR100,inference,weights,features.10.conv.2.weight,-0.7421419024467468,0.7539728283882141,0.7539728283882141,6.765172201994574e-06,0.0,3.725290298461914e-09,111449.17023190045,True,RANGE ADEQUATE,True,RANGE ADEQUATE,True,RANGE ADEQUATE,0.005936793924316647,0.005936793924316647,0.0029683969621583234,True,SMALL VALUES MAY BE LOST,2.301012690781012e-05,2.301012690781012e-05,1.150506345390506e-05,True,SMALL VALUES MAY BE LOST
MobileNetV2_CIFAR100,inference,weights,features.10.conv.3.weight,1.0,1.0,1.0,1.0,0.0,0.0,1.0,True,RANGE ADEQUATE,True,RANGE ADEQUATE,True,RANGE ADEQUATE,0.007874015748031496,0.007874015748031496,0.003937007874015748,False,RANGE/STEP APPEARS ADEQUATE,3.051850947599719e-05,3.051850947599719e-05,1.5259254737998596e-05,False,RANGE/STEP APPEARS ADEQUATE
MobileNetV2_CIFAR100,inference,weights,features.11.conv.0.0.weight,-0.2934910953044891,0.2695284783840179,0.2934910953044891,1.2491132110881151e-06,0.0,9.313225746154783e-10,234959.5638723779,True,RANGE ADEQUATE,True,RANGE ADEQUATE,True,RANGE ADEQUATE,0.0023109535063345595,0.0023109535063345595,0.0011554767531672797,True,SMALL VALUES MAY BE LOST,8.956910773170845e-06,8.956910773170845e-06,4.478455386585423e-06,True,SMALL VALUES MAY BE LOST
MobileNetV2_CIFAR100,inference,weights,features.11.conv.0.1.weight,1.0,1.0,1.0,1.0,0.0,0.0,1.0,True,RANGE ADEQUATE,True,RANGE ADEQUATE,True,RANGE ADEQUATE,0.007874015748031496,0.007874015748031496,0.003937007874015748,False,RANGE/STEP APPEARS ADEQUATE,3.051850947599719e-05,3.051850947599719e-05,1.5259254737998596e-05,False,RANGE/STEP APPEARS ADEQUATE
MobileNetV2_CIFAR100,inference,weights,features.11.conv.1.0.weight,-0.0766921937465667,0.1015261933207511,0.1015261933207511,2.1835088773514144e-05,0.0,3.725290298461914e-09,4649.680813017892,True,RANGE ADEQUATE,True,RANGE ADEQUATE,True,RANGE ADEQUATE,0.0007994188450452843,0.0007994188450452843,0.00039970942252264214,True,SMALL VALUES MAY BE LOST,3.0984280929212653e-06,3.0984280929212653e-06,1.5492140464606327e-06,False,RANGE/STEP APPEARS ADEQUATE
MobileNetV2_CIFAR100,inference,weights,features.11.conv.1.1.weight,1.0,1.0,1.0,1.0,0.0,0.0,1.0,True,RANGE ADEQUATE,True,RANGE ADEQUATE,True,RANGE ADEQUATE,0.007874015748031496,0.007874015748031496,0.003937007874015748,False,RANGE/STEP APPEARS ADEQUATE,3.051850947599719e-05,3.051850947599719e-05,1.5259254737998596e-05,False,RANGE/STEP APPEARS ADEQUATE
MobileNetV2_CIFAR100,inference,weights,features.11.conv.2.weight,-0.6165395975112915,0.5734568238258362,0.6165395975112915,1.609504033694975e-05,0.0,9.313225746154783e-10,38306.18529708729,True,RANGE ADEQUATE,True,RANGE ADEQUATE,True,RANGE ADEQUATE,0.00485464250008891,0.00485464250008891,0.002427321250044455,True,SMALL VALUES MAY BE LOST,1.8815869548975845e-05,1.8815869548975845e-05,9.407934774487923e-06,False,RANGE/STEP APPEARS ADEQUATE
MobileNetV2_CIFAR100,inference,weights,features.11.conv.3.weight,1.0,1.0,1.0,1.0,0.0,0.0,1.0,True,RANGE ADEQUATE,True,RANGE ADEQUATE,True,RANGE ADEQUATE,0.007874015748031496,0.007874015748031496,0.003937007874015748,False,RANGE/STEP APPEARS ADEQUATE,3.051850947599719e-05,3.051850947599719e-05,1.5259254737998596e-05,False,RANGE/STEP APPEARS ADEQUATE
MobileNetV2_CIFAR100,inference,weights,features.12.conv.0.0.weight,-0.2800678312778473,0.2616206407546997,0.2800678312778473,2.3510910978075117e-06,0.0,2.3283064365386963e-10,119122.49233516386,True,RANGE ADEQUATE,True,RANGE ADEQUATE,True,RANGE ADEQUATE,0.0022052585139987974,0.0022052585139987974,0.0011026292569993987,True,SMALL VALUES MAY BE LOST,8.547252762774966e-06,8.547252762774966e-06,4.273626381387483e-06,True,SMALL VALUES MAY BE LOST
MobileNetV2_CIFAR100,inference,weights,features.12.conv.0.1.weight,1.0,1.0,1.0,1.0,0.0,0.0,1.0,True,RANGE ADEQUATE,True,RANGE ADEQUATE,True,RANGE ADEQUATE,0.007874015748031496,0.007874015748031496,0.003937007874015748,False,RANGE/STEP APPEARS ADEQUATE,3.051850947599719e-05,3.051850947599719e-05,1.5259254737998596e-05,False,RANGE/STEP APPEARS ADEQUATE
MobileNetV2_CIFAR100,inference,weights,features.12.conv.1.0.weight,-0.0678781419992446,0.0660619735717773,0.0678781419992446,7.042352763164672e-07,0.0,1.862645149230957e-09,96385.60333740186,True,RANGE ADEQUATE,True,RANGE ADEQUATE,True,RANGE ADEQUATE,0.0005344735590491702,0.0005344735590491702,0.0002672367795245851,True,SMALL VALUES MAY BE LOST,2.0715397198170295e-06,2.0715397198170295e-06,1.0357698599085148e-06,True,SMALL VALUES MAY BE LOST
MobileNetV2_CIFAR100,inference,weights,features.12.conv.1.1.weight,1.0,1.0,1.0,1.0,0.0,0.0,1.0,True,RANGE ADEQUATE,True,RANGE ADEQUATE,True,RANGE ADEQUATE,0.007874015748031496,0.007874015748031496,0.003937007874015748,False,RANGE/STEP APPEARS ADEQUATE,3.051850947599719e-05,3.051850947599719e-05,1.5259254737998596e-05,False,RANGE/STEP APPEARS ADEQUATE
MobileNetV2_CIFAR100,inference,weights,features.12.conv.2.weight,-0.6194608807563782,0.5585106611251831,0.6194608807563782,8.088848630904977e-07,0.0,1.862645149230957e-09,765820.8343640041,True,RANGE ADEQUATE,True,RANGE ADEQUATE,True,RANGE ADEQUATE,0.004877644730365183,0.004877644730365183,0.0024388223651825914,True,SMALL VALUES MAY BE LOST,1.8905022759373094e-05,1.8905022759373094e-05,9.452511379686547e-06,True,SMALL VALUES MAY BE LOST
MobileNetV2_CIFAR100,inference,weights,features.12.conv.3.weight,1.0,1.0,1.0,1.0,0.0,0.0,1.0,True,RANGE ADEQUATE,True,RANGE ADEQUATE,True,RANGE ADEQUATE,0.007874015748031496,0.007874015748031496,0.003937007874015748,False,RANGE/STEP APPEARS ADEQUATE,3.051850947599719e-05,3.051850947599719e-05,1.5259254737998596e-05,False,RANGE/STEP APPEARS ADEQUATE
MobileNetV2_CIFAR100,inference,weights,features.13.conv.0.0.weight,-0.2537692785263061,0.2398544549942016,0.2537692785263061,1.0744588330169336e-08,0.0,4.656612873077393e-10,23618334.24680931,True,RANGE ADEQUATE,True,RANGE ADEQUATE,True,RANGE ADEQUATE,0.0019981832954827253,0.0019981832954827253,0.0009990916477413626,True,SMALL VALUES MAY BE LOST,7.744660131422044e-06,7.744660131422044e-06,3.872330065711022e-06,True,SMALL VALUES MAY BE LOST
MobileNetV2_CIFAR100,inference,weights,features.13.conv.0.1.weight,1.0,1.0,1.0,1.0,0.0,0.0,1.0,True,RANGE ADEQUATE,True,RANGE ADEQUATE,True,RANGE ADEQUATE,0.007874015748031496,0.007874015748031496,0.003937007874015748,False,RANGE/STEP APPEARS ADEQUATE,3.051850947599719e-05,3.051850947599719e-05,1.5259254737998596e-05,False,RANGE/STEP APPEARS ADEQUATE
MobileNetV2_CIFAR100,inference,weights,features.13.conv.1.0.weight,-0.0721235275268554,0.0667236745357513,0.0721235275268554,7.694981832173653e-06,0.0,2.270098775625229e-09,9372.800235251781,True,RANGE ADEQUATE,True,RANGE ADEQUATE,True,RANGE ADEQUATE,0.0005679017915500425,0.0005679017915500425,0.00028395089577502126,True,SMALL VALUES MAY BE LOST,2.201102558270681e-06,2.201102558270681e-06,1.1005512791353405e-06,False,RANGE/STEP APPEARS ADEQUATE
MobileNetV2_CIFAR100,inference,weights,features.13.conv.1.1.weight,1.0,1.0,1.0,1.0,0.0,0.0,1.0,True,RANGE ADEQUATE,True,RANGE ADEQUATE,True,RANGE ADEQUATE,0.007874015748031496,0.007874015748031496,0.003937007874015748,False,RANGE/STEP APPEARS ADEQUATE,3.051850947599719e-05,3.051850947599719e-05,1.5259254737998596e-05,False,RANGE/STEP APPEARS ADEQUATE
MobileNetV2_CIFAR100,inference,weights,features.13.conv.2.weight,-0.6095325946807861,0.5659886598587036,0.6095325946807861,2.8591014142875792e-06,0.0,1.862645149230957e-09,213190.26727586973,True,RANGE ADEQUATE,True,RANGE ADEQUATE,True,RANGE ADEQUATE,0.0047994692494550085,0.0047994692494550085,0.0023997346247275043,True,SMALL VALUES MAY BE LOST,1.8602026266694727e-05,1.8602026266694727e-05,9.301013133347364e-06,True,SMALL VALUES MAY BE LOST
MobileNetV2_CIFAR100,inference,weights,features.13.conv.3.weight,1.0,1.0,1.0,1.0,0.0,0.0,1.0,True,RANGE ADEQUATE,True,RANGE ADEQUATE,True,RANGE ADEQUATE,0.007874015748031496,0.007874015748031496,0.003937007874015748,False,RANGE/STEP APPEARS ADEQUATE,3.051850947599719e-05,3.051850947599719e-05,1.5259254737998596e-05,False,RANGE/STEP APPEARS ADEQUATE
MobileNetV2_CIFAR100,inference,weights,features.14.conv.0.0.weight,-0.2328680902719497,0.2506732940673828,0.2506732940673828,8.505184609930438e-07,0.0,9.313225746154783e-10,294729.9859602142,True,RANGE ADEQUATE,True,RANGE ADEQUATE,True,RANGE ADEQUATE,0.0019738054650975025,0.0019738054650975025,0.0009869027325487513,True,SMALL VALUES MAY BE LOST,7.650175300374853e-06,7.650175300374853e-06,3.825087650187426e-06,True,SMALL VALUES MAY BE LOST
MobileNetV2_CIFAR100,inference,weights,features.14.conv.0.1.weight,1.0,1.0,1.0,1.0,0.0,0.0,1.0,True,RANGE ADEQUATE,True,RANGE ADEQUATE,True,RANGE ADEQUATE,0.007874015748031496,0.007874015748031496,0.003937007874015748,False,RANGE/STEP APPEARS ADEQUATE,3.051850947599719e-05,3.051850947599719e-05,1.5259254737998596e-05,False,RANGE/STEP APPEARS ADEQUATE
MobileNetV2_CIFAR100,inference,weights,features.14.conv.1.0.weight,-0.0627813339233398,0.0725318416953086,0.0725318416953086,1.6468566172989083e-06,0.0,4.6566128730773926e-09,44042.596625243365,True,RANGE ADEQUATE,True,RANGE ADEQUATE,True,RANGE ADEQUATE,0.0005711168637425874,0.0005711168637425874,0.0002855584318712937,True,SMALL VALUES MAY BE LOST,2.213563698089804e-06,2.213563698089804e-06,1.106781849044902e-06,False,RANGE/STEP APPEARS ADEQUATE
MobileNetV2_CIFAR100,inference,weights,features.14.conv.1.1.weight,1.0,1.0,1.0,1.0,0.0,0.0,1.0,True,RANGE ADEQUATE,True,RANGE ADEQUATE,True,RANGE ADEQUATE,0.007874015748031496,0.007874015748031496,0.003937007874015748,False,RANGE/STEP APPEARS ADEQUATE,3.051850947599719e-05,3.051850947599719e-05,1.5259254737998596e-05,False,RANGE/STEP APPEARS ADEQUATE
MobileNetV2_CIFAR100,inference,weights,features.14.conv.2.weight,-0.5168135166168213,0.4971607029438019,0.5168135166168213,7.615420827278285e-07,0.0,9.313225746154783e-10,678640.784716198,True,RANGE ADEQUATE,True,RANGE ADEQUATE,True,RANGE ADEQUATE,0.004069397768636388,0.004069397768636388,0.002034698884318194,True,SMALL VALUES MAY BE LOST,1.5772378204193892e-05,1.5772378204193892e-05,7.886189102096946e-06,True,SMALL VALUES MAY BE LOST
MobileNetV2_CIFAR100,inference,weights,features.14.conv.3.weight,1.0,1.0,1.0,1.0,0.0,0.0,1.0,True,RANGE ADEQUATE,True,RANGE ADEQUATE,True,RANGE ADEQUATE,0.007874015748031496,0.007874015748031496,0.003937007874015748,False,RANGE/STEP APPEARS ADEQUATE,3.051850947599719e-05,3.051850947599719e-05,1.5259254737998596e-05,False,RANGE/STEP APPEARS ADEQUATE
MobileNetV2_CIFAR100,inference,weights,features.15.conv.0.0.weight,-0.1956279277801513,0.2023980468511581,0.2023980468511581,8.766897252598937e-08,0.0,2.3283064365386963e-10,2308662.2441155836,True,RANGE ADEQUATE,True,RANGE ADEQUATE,True,RANGE ADEQUATE,0.0015936854082768354,0.0015936854082768354,0.0007968427041384177,True,SMALL VALUES MAY BE LOST,6.176886710750392e-06,6.176886710750392e-06,3.088443355375196e-06,True,SMALL VALUES MAY BE LOST
MobileNetV2_CIFAR100,inference,weights,features.15.conv.0.1.weight,1.0,1.0,1.0,1.0,0.0,0.0,1.0,True,RANGE ADEQUATE,True,RANGE ADEQUATE,True,RANGE ADEQUATE,0.007874015748031496,0.007874015748031496,0.003937007874015748,False,RANGE/STEP APPEARS ADEQUATE,3.051850947599719e-05,3.051850947599719e-05,1.5259254737998596e-05,False,RANGE/STEP APPEARS ADEQUATE
MobileNetV2_CIFAR100,inference,weights,features.15.conv.1.0.weight,-0.0614796094596385,0.0581211782991886,0.0614796094596385,4.447673802587815e-07,0.0,9.313225746154783e-10,138228.6835510902,True,RANGE ADEQUATE,True,RANGE ADEQUATE,True,RANGE ADEQUATE,0.00048409141306801965,0.00048409141306801965,0.00024204570653400982,True,SMALL VALUES MAY BE LOST,1.876266043874584e-06,1.876266043874584e-06,9.38133021937292e-07,True,SMALL VALUES MAY BE LOST
MobileNetV2_CIFAR100,inference,weights,features.15.conv.1.1.weight,1.0,1.0,1.0,1.0,0.0,0.0,1.0,True,RANGE ADEQUATE,True,RANGE ADEQUATE,True,RANGE ADEQUATE,0.007874015748031496,0.007874015748031496,0.003937007874015748,False,RANGE/STEP APPEARS ADEQUATE,3.051850947599719e-05,3.051850947599719e-05,1.5259254737998596e-05,False,RANGE/STEP APPEARS ADEQUATE
MobileNetV2_CIFAR100,inference,weights,features.15.conv.2.weight,-0.5179938673973083,0.4867944419384002,0.5179938673973083,1.1671904758259188e-06,0.0,4.656612873077393e-10,443795.4885047955,True,RANGE ADEQUATE,True,RANGE ADEQUATE,True,RANGE ADEQUATE,0.004078691869270144,0.004078691869270144,0.002039345934635072,True,SMALL VALUES MAY BE LOST,1.5808400750673188e-05,1.5808400750673188e-05,7.904200375336594e-06,True,SMALL VALUES MAY BE LOST
MobileNetV2_CIFAR100,inference,weights,features.15.conv.3.weight,1.0,1.0,1.0,1.0,0.0,0.0,1.0,True,RANGE ADEQUATE,True,RANGE ADEQUATE,True,RANGE ADEQUATE,0.007874015748031496,0.007874015748031496,0.003937007874015748,False,RANGE/STEP APPEARS ADEQUATE,3.051850947599719e-05,3.051850947599719e-05,1.5259254737998596e-05,False,RANGE/STEP APPEARS ADEQUATE
MobileNetV2_CIFAR100,inference,weights,features.16.conv.0.0.weight,-0.2176417708396911,0.2133049219846725,0.2176417708396911,2.2000348565143213e-07,0.0,1.7462298274040222e-10,989265.1027562224,True,RANGE ADEQUATE,True,RANGE ADEQUATE,True,RANGE ADEQUATE,0.0017137147310211898,0.0017137147310211898,0.0008568573655105949,True,SMALL VALUES MAY BE LOST,6.6421024457439225e-06,6.6421024457439225e-06,3.3210512228719613e-06,True,SMALL VALUES MAY BE LOST
MobileNetV2_CIFAR100,inference,weights,features.16.conv.0.1.weight,1.0,1.0,1.0,1.0,0.0,0.0,1.0,True,RANGE ADEQUATE,True,RANGE ADEQUATE,True,RANGE ADEQUATE,0.007874015748031496,0.007874015748031496,0.003937007874015748,False,RANGE/STEP APPEARS ADEQUATE,3.051850947599719e-05,3.051850947599719e-05,1.5259254737998596e-05,False,RANGE/STEP APPEARS ADEQUATE
MobileNetV2_CIFAR100,inference,weights,features.16.conv.1.0.weight,-0.058210089802742,0.0499833263456821,0.058210089802742,1.7635072424582177e-07,0.0,1.862645149230957e-09,330081.3764824737,True,RANGE ADEQUATE,True,RANGE ADEQUATE,True,RANGE ADEQUATE,0.0004583471638011181,0.0004583471638011181,0.00022917358190055904,True,SMALL VALUES MAY BE LOST,1.776485177243629e-06,1.776485177243629e-06,8.882425886218145e-07,True,SMALL VALUES MAY BE LOST
MobileNetV2_CIFAR100,inference,weights,features.16.conv.1.1.weight,1.0,1.0,1.0,1.0,0.0,0.0,1.0,True,RANGE ADEQUATE,True,RANGE ADEQUATE,True,RANGE ADEQUATE,0.007874015748031496,0.007874015748031496,0.003937007874015748,False,RANGE/STEP APPEARS ADEQUATE,3.051850947599719e-05,3.051850947599719e-05,1.5259254737998596e-05,False,RANGE/STEP APPEARS ADEQUATE
MobileNetV2_CIFAR100,inference,weights,features.16.conv.2.weight,-0.4769308269023895,0.5148621797561646,0.5148621797561646,1.129053657678014e-06,0.0,2.3283064365386963e-10,456012.14455566125,True,RANGE ADEQUATE,True,RANGE ADEQUATE,True,RANGE ADEQUATE,0.004054032911465863,0.004054032911465863,0.0020270164557329314,True,SMALL VALUES MAY BE LOST,1.5712826311721078e-05,1.5712826311721078e-05,7.856413155860539e-06,True,SMALL VALUES MAY BE LOST
MobileNetV2_CIFAR100,inference,weights,features.16.conv.3.weight,1.0,1.0,1.0,1.0,0.0,0.0,1.0,True,RANGE ADEQUATE,True,RANGE ADEQUATE,True,RANGE ADEQUATE,0.007874015748031496,0.007874015748031496,0.003937007874015748,False,RANGE/STEP APPEARS ADEQUATE,3.051850947599719e-05,3.051850947599719e-05,1.5259254737998596e-05,False,RANGE/STEP APPEARS ADEQUATE
MobileNetV2_CIFAR100,inference,weights,features.17.conv.0.0.weight,-0.2180832177400589,0.2018134891986847,0.2180832177400589,4.947894467477454e-07,0.0,2.3283064365386963e-10,440759.63861703494,True,RANGE ADEQUATE,True,RANGE ADEQUATE,True,RANGE ADEQUATE,0.0017171906908666054,0.0017171906908666054,0.0008585953454333027,True,SMALL VALUES MAY BE LOST,6.655574747155947e-06,6.655574747155947e-06,3.3277873735779733e-06,True,SMALL VALUES MAY BE LOST
MobileNetV2_CIFAR100,inference,weights,features.17.conv.0.1.weight,1.0,1.0,1.0,1.0,0.0,0.0,1.0,True,RANGE ADEQUATE,True,RANGE ADEQUATE,True,RANGE ADEQUATE,0.007874015748031496,0.007874015748031496,0.003937007874015748,False,RANGE/STEP APPEARS ADEQUATE,3.051850947599719e-05,3.051850947599719e-05,1.5259254737998596e-05,False,RANGE/STEP APPEARS ADEQUATE
MobileNetV2_CIFAR100,inference,weights,features.17.conv.1.0.weight,-0.0548237897455692,0.06734399497509,0.06734399497509,2.993334419443272e-06,0.0,9.313225746154783e-10,22497.985703720755,True,RANGE ADEQUATE,True,RANGE ADEQUATE,True,RANGE ADEQUATE,0.0005302676769692126,0.0005302676769692126,0.0002651338384846063,True,SMALL VALUES MAY BE LOST,2.0552383487987915e-06,2.0552383487987915e-06,1.0276191743993957e-06,False,RANGE/STEP APPEARS ADEQUATE
MobileNetV2_CIFAR100,inference,weights,features.17.conv.1.1.weight,1.0,1.0,1.0,1.0,0.0,0.0,1.0,True,RANGE ADEQUATE,True,RANGE ADEQUATE,True,RANGE ADEQUATE,0.007874015748031496,0.007874015748031496,0.003937007874015748,False,RANGE/STEP APPEARS ADEQUATE,3.051850947599719e-05,3.051850947599719e-05,1.5259254737998596e-05,False,RANGE/STEP APPEARS ADEQUATE
MobileNetV2_CIFAR100,inference,weights,features.17.conv.2.weight,-0.346199482679367,0.3573169708251953,0.3573169708251953,5.808917791227942e-08,0.0,1.9645085558295247e-10,6151179.680400717,True,RANGE ADEQUATE,True,RANGE ADEQUATE,True,RANGE ADEQUATE,0.0028135194553164985,0.0028135194553164985,0.0014067597276582492,True,SMALL VALUES MAY BE LOST,1.0904781360063336e-05,1.0904781360063336e-05,5.452390680031668e-06,True,SMALL VALUES MAY BE LOST
MobileNetV2_CIFAR100,inference,weights,features.17.conv.3.weight,1.0,1.0,1.0,1.0,0.0,0.0,1.0,True,RANGE ADEQUATE,True,RANGE ADEQUATE,True,RANGE ADEQUATE,0.007874015748031496,0.007874015748031496,0.003937007874015748,False,RANGE/STEP APPEARS ADEQUATE,3.051850947599719e-05,3.051850947599719e-05,1.5259254737998596e-05,False,RANGE/STEP APPEARS ADEQUATE
MobileNetV2_CIFAR100,inference,weights,features.18.0.weight,-0.1748374551534652,0.1941600292921066,0.1941600292921066,1.412354180274633e-07,0.0,5.820766091346741e-11,1374726.1983134574,True,RANGE ADEQUATE,True,RANGE ADEQUATE,True,RANGE ADEQUATE,0.001528819128284304,0.001528819128284304,0.000764409564142152,True,SMALL VALUES MAY BE LOST,5.9254746938110474e-06,5.9254746938110474e-06,2.9627373469055237e-06,True,SMALL VALUES MAY BE LOST
MobileNetV2_CIFAR100,inference,weights,features.18.1.weight,1.0,1.0,1.0,1.0,0.0,0.0,1.0,True,RANGE ADEQUATE,True,RANGE ADEQUATE,True,RANGE ADEQUATE,0.007874015748031496,0.007874015748031496,0.003937007874015748,False,RANGE/STEP APPEARS ADEQUATE,3.051850947599719e-05,3.051850947599719e-05,1.5259254737998596e-05,False,RANGE/STEP APPEARS ADEQUATE
MobileNetV2_CIFAR100,inference,weights,features.2.conv.0.0.weight,-0.4386263787746429,0.4863573908805847,0.4863573908805847,2.44860457314644e-05,0.0,1.5832483768463137e-07,19862.635078542666,True,RANGE ADEQUATE,True,RANGE ADEQUATE,True,RANGE ADEQUATE,0.003829585754965234,0.003829585754965234,0.001914792877482617,True,SMALL VALUES MAY BE LOST,1.4842902642310395e-05,1.4842902642310395e-05,7.4214513211551975e-06,False,RANGE/STEP APPEARS ADEQUATE
MobileNetV2_CIFAR100,inference,weights,features.2.conv.0.1.weight,1.0,1.0,1.0,1.0,0.0,0.0,1.0,True,RANGE ADEQUATE,True,RANGE ADEQUATE,True,RANGE ADEQUATE,0.007874015748031496,0.007874015748031496,0.003937007874015748,False,RANGE/STEP APPEARS ADEQUATE,3.051850947599719e-05,3.051850947599719e-05,1.5259254737998596e-05,False,RANGE/STEP APPEARS ADEQUATE
MobileNetV2_CIFAR100,inference,weights,features.2.conv.1.0.weight,-0.1721284240484237,0.1627719104290008,0.1721284240484237,9.304855666414367e-06,0.0,3.91155481338501e-08,18498.774212018867,True,RANGE ADEQUATE,True,RANGE ADEQUATE,True,RANGE ADEQUATE,0.0013553419216411316,0.0013553419216411316,0.0006776709608205658,True,SMALL VALUES MAY BE LOST,5.253102940410282e-06,5.253102940410282e-06,2.626551470205141e-06,False,RANGE/STEP APPEARS ADEQUATE
MobileNetV2_CIFAR100,inference,weights,features.2.conv.1.1.weight,1.0,1.0,1.0,1.0,0.0,0.0,1.0,True,RANGE ADEQUATE,True,RANGE ADEQUATE,True,RANGE ADEQUATE,0.007874015748031496,0.007874015748031496,0.003937007874015748,False,RANGE/STEP APPEARS ADEQUATE,3.051850947599719e-05,3.051850947599719e-05,1.5259254737998596e-05,False,RANGE/STEP APPEARS ADEQUATE
MobileNetV2_CIFAR100,inference,weights,features.2.conv.2.weight,-0.9951267838478088,0.9249810576438904,0.9951267838478088,0.0001102156020351,0.0,2.086162567138672e-07,9028.910294668573,True,RANGE ADEQUATE,True,RANGE ADEQUATE,True,RANGE ADEQUATE,0.007835643967305581,0.007835643967305581,0.0039178219836527904,True,SMALL VALUES MAY BE LOST,3.0369786182677963e-05,3.0369786182677963e-05,1.5184893091338981e-05,False,RANGE/STEP APPEARS ADEQUATE
MobileNetV2_CIFAR100,inference,weights,features.2.conv.3.weight,1.0,1.0,1.0,1.0,0.0,0.0,1.0,True,RANGE ADEQUATE,True,RANGE ADEQUATE,True,RANGE ADEQUATE,0.007874015748031496,0.007874015748031496,0.003937007874015748,False,RANGE/STEP APPEARS ADEQUATE,3.051850947599719e-05,3.051850947599719e-05,1.5259254737998596e-05,False,RANGE/STEP APPEARS ADEQUATE
MobileNetV2_CIFAR100,inference,weights,features.3.conv.0.0.weight,-0.3757611811161041,0.4394801557064056,0.4394801557064056,5.0292099331272766e-05,0.0,1.4901161193847656e-08,8738.552606674084,True,RANGE ADEQUATE,True,RANGE ADEQUATE,True,RANGE ADEQUATE,0.0034604736669795713,0.0034604736669795713,0.0017302368334897857,True,SMALL VALUES MAY BE LOST,1.3412279296438661e-05,1.3412279296438661e-05,6.706139648219331e-06,False,RANGE/STEP APPEARS ADEQUATE
MobileNetV2_CIFAR100,inference,weights,features.3.conv.0.1.weight,1.0,1.0,1.0,1.0,0.0,0.0,1.0,True,RANGE ADEQUATE,True,RANGE ADEQUATE,True,RANGE ADEQUATE,0.007874015748031496,0.007874015748031496,0.003937007874015748,False,RANGE/STEP APPEARS ADEQUATE,3.051850947599719e-05,3.051850947599719e-05,1.5259254737998596e-05,False,RANGE/STEP APPEARS ADEQUATE
MobileNetV2_CIFAR100,inference,weights,features.3.conv.1.0.weight,-0.119546040892601,0.1151913851499557,0.119546040892601,8.205725862353574e-06,0.0,6.565824151039125e-08,14568.612563704715,True,RANGE ADEQUATE,True,RANGE ADEQUATE,True,RANGE ADEQUATE,0.0009413074086031574,0.0009413074086031574,0.0004706537043015787,True,SMALL VALUES MAY BE LOST,3.6483669817987915e-06,3.6483669817987915e-06,1.8241834908993958e-06,False,RANGE/STEP APPEARS ADEQUATE
MobileNetV2_CIFAR100,inference,weights,features.3.conv.1.1.weight,1.0,1.0,1.0,1.0,0.0,0.0,1.0,True,RANGE ADEQUATE,True,RANGE ADEQUATE,True,RANGE ADEQUATE,0.007874015748031496,0.007874015748031496,0.003937007874015748,False,RANGE/STEP APPEARS ADEQUATE,3.051850947599719e-05,3.051850947599719e-05,1.5259254737998596e-05,False,RANGE/STEP APPEARS ADEQUATE
MobileNetV2_CIFAR100,inference,weights,features.3.conv.2.weight,-0.95285826921463,1.1678385734558103,1.1678385734558103,0.0001463847002014,0.0,2.9802322387695312e-08,7977.873178338082,True,RANGE ADEQUATE,True,RANGE ADEQUATE,True,RANGE ADEQUATE,0.009195579318549687,0.009195579318549687,0.004597789659274844,True,SMALL VALUES MAY BE LOST,3.564069257044619e-05,3.564069257044619e-05,1.7820346285223094e-05,False,RANGE/STEP APPEARS ADEQUATE
MobileNetV2_CIFAR100,inference,weights,features.3.conv.3.weight,1.0,1.0,1.0,1.0,0.0,0.0,1.0,True,RANGE ADEQUATE,True,RANGE ADEQUATE,True,RANGE ADEQUATE,0.007874015748031496,0.007874015748031496,0.003937007874015748,False,RANGE/STEP APPEARS ADEQUATE,3.051850947599719e-05,3.051850947599719e-05,1.5259254737998596e-05,False,RANGE/STEP APPEARS ADEQUATE
MobileNetV2_CIFAR100,inference,weights,features.4.conv.0.0.weight,-0.438869446516037,0.4634110629558563,0.4634110629558563,2.804888026730623e-06,0.0,2.9802322387695312e-08,165215.5303668247,True,RANGE ADEQUATE,True,RANGE ADEQUATE,True,RANGE ADEQUATE,0.0036489060075264278,0.0036489060075264278,0.0018244530037632139,True,SMALL VALUES MAY BE LOST,1.4142614916100233e-05,1.4142614916100233e-05,7.0713074580501165e-06,True,SMALL VALUES MAY BE LOST
MobileNetV2_CIFAR100,inference,weights,features.4.conv.0.1.weight,1.0,1.0,1.0,1.0,0.0,0.0,1.0,True,RANGE ADEQUATE,True,RANGE ADEQUATE,True,RANGE ADEQUATE,0.007874015748031496,0.007874015748031496,0.003937007874015748,False,RANGE/STEP APPEARS ADEQUATE,3.051850947599719e-05,3.051850947599719e-05,1.5259254737998596e-05,False,RANGE/STEP APPEARS ADEQUATE
MobileNetV2_CIFAR100,inference,weights,features.4.conv.1.0.weight,-0.1354103833436966,0.1397349238395691,0.1397349238395691,8.358942068298347e-06,0.0,8.009374141693115e-08,16716.819269452757,True,RANGE ADEQUATE,True,RANGE ADEQUATE,True,RANGE ADEQUATE,0.0011002749908627487,0.0011002749908627487,0.0005501374954313743,True,SMALL VALUES MAY BE LOST,4.264501597325635e-06,4.264501597325635e-06,2.1322507986628176e-06,False,RANGE/STEP APPEARS ADEQUATE
MobileNetV2_CIFAR100,inference,weights,features.4.conv.1.1.weight,1.0,1.0,1.0,1.0,0.0,0.0,1.0,True,RANGE ADEQUATE,True,RANGE ADEQUATE,True,RANGE ADEQUATE,0.007874015748031496,0.007874015748031496,0.003937007874015748,False,RANGE/STEP APPEARS ADEQUATE,3.051850947599719e-05,3.051850947599719e-05,1.5259254737998596e-05,False,RANGE/STEP APPEARS ADEQUATE
MobileNetV2_CIFAR100,inference,weights,features.4.conv.2.weight,-1.15995192527771,0.8300068378448486,1.15995192527771,1.7679485608823595e-06,0.0,5.960464477539064e-08,656100.494631356,True,RANGE ADEQUATE,True,RANGE ADEQUATE,True,RANGE ADEQUATE,0.00913347972659614,0.00913347972659614,0.00456673986329807,True,SMALL VALUES MAY BE LOST,3.5400003823288975e-05,3.5400003823288975e-05,1.7700001911644488e-05,True,SMALL VALUES MAY BE LOST
MobileNetV2_CIFAR100,inference,weights,features.4.conv.3.weight,1.0,1.0,1.0,1.0,0.0,0.0,1.0,True,RANGE ADEQUATE,True,RANGE ADEQUATE,True,RANGE ADEQUATE,0.007874015748031496,0.007874015748031496,0.003937007874015748,False,RANGE/STEP APPEARS ADEQUATE,3.051850947599719e-05,3.051850947599719e-05,1.5259254737998596e-05,False,RANGE/STEP APPEARS ADEQUATE
MobileNetV2_CIFAR100,inference,weights,features.5.conv.0.0.weight,-0.3494040071964264,0.4050940573215484,0.4050940573215484,2.1430108972708695e-05,0.0,2.2351741790771484e-08,18903.033010118466,True,RANGE ADEQUATE,True,RANGE ADEQUATE,True,RANGE ADEQUATE,0.0031897169867838456,0.0031897169867838456,0.0015948584933919228,True,SMALL VALUES MAY BE LOST,1.2362866827037825e-05,1.2362866827037825e-05,6.1814334135189125e-06,False,RANGE/STEP APPEARS ADEQUATE
MobileNetV2_CIFAR100,inference,weights,features.5.conv.0.1.weight,1.0,1.0,1.0,1.0,0.0,0.0,1.0,True,RANGE ADEQUATE,True,RANGE ADEQUATE,True,RANGE ADEQUATE,0.007874015748031496,0.007874015748031496,0.003937007874015748,False,RANGE/STEP APPEARS ADEQUATE,3.051850947599719e-05,3.051850947599719e-05,1.5259254737998596e-05,False,RANGE/STEP APPEARS ADEQUATE
MobileNetV2_CIFAR100,inference,weights,features.5.conv.1.0.weight,-0.1092004776000976,0.1156715303659439,0.1156715303659439,4.394061033963226e-05,0.0,1.4901161193847656e-08,2632.451608475131,True,RANGE ADEQUATE,True,RANGE ADEQUATE,True,RANGE ADEQUATE,0.0009107994517003456,0.0009107994517003456,0.0004553997258501728,True,SMALL VALUES MAY BE LOST,3.5301226955761558e-06,3.5301226955761558e-06,1.7650613477880779e-06,False,RANGE/STEP APPEARS ADEQUATE
MobileNetV2_CIFAR100,inference,weights,features.5.conv.1.1.weight,1.0,1.0,1.0,1.0,0.0,0.0,1.0,True,RANGE ADEQUATE,True,RANGE ADEQUATE,True,RANGE ADEQUATE,0.007874015748031496,0.007874015748031496,0.003937007874015748,False,RANGE/STEP APPEARS ADEQUATE,3.051850947599719e-05,3.051850947599719e-05,1.5259254737998596e-05,False,RANGE/STEP APPEARS ADEQUATE
MobileNetV2_CIFAR100,inference,weights,features.5.conv.2.weight,-0.9430081844329834,0.9157354235649108,0.9430081844329834,0.0001573365298099,0.0,2.9802322387695312e-08,5993.574318515617,True,RANGE ADEQUATE,True,RANGE ADEQUATE,True,RANGE ADEQUATE,0.0074252612947479,0.0074252612947479,0.00371263064737395,True,SMALL VALUES MAY BE LOST,2.877920421256091e-05,2.877920421256091e-05,1.4389602106280455e-05,False,RANGE/STEP APPEARS ADEQUATE
MobileNetV2_CIFAR100,inference,weights,features.5.conv.3.weight,1.0,1.0,1.0,1.0,0.0,0.0,1.0,True,RANGE ADEQUATE,True,RANGE ADEQUATE,True,RANGE ADEQUATE,0.007874015748031496,0.007874015748031496,0.003937007874015748,False,RANGE/STEP APPEARS ADEQUATE,3.051850947599719e-05,3.051850947599719e-05,1.5259254737998596e-05,False,RANGE/STEP APPEARS ADEQUATE
MobileNetV2_CIFAR100,inference,weights,features.6.conv.0.0.weight,-0.4242878258228302,0.3905549049377441,0.4242878258228302,1.3548371498472989e-05,0.0,4.0978193283081055e-08,31316.518436968672,True,RANGE ADEQUATE,True,RANGE ADEQUATE,True,RANGE ADEQUATE,0.0033408490222270096,0.0033408490222270096,0.0016704245111135048,True,SMALL VALUES MAY BE LOST,1.294863203292429e-05,1.294863203292429e-05,6.474316016462145e-06,False,RANGE/STEP APPEARS ADEQUATE
MobileNetV2_CIFAR100,inference,weights,features.6.conv.0.1.weight,1.0,1.0,1.0,1.0,0.0,0.0,1.0,True,RANGE ADEQUATE,True,RANGE ADEQUATE,True,RANGE ADEQUATE,0.007874015748031496,0.007874015748031496,0.003937007874015748,False,RANGE/STEP APPEARS ADEQUATE,3.051850947599719e-05,3.051850947599719e-05,1.5259254737998596e-05,False,RANGE/STEP APPEARS ADEQUATE
MobileNetV2_CIFAR100,inference,weights,features.6.conv.1.0.weight,-0.1022222787141799,0.1087948009371757,0.1087948009371757,1.4508409549307544e-05,0.0,3.166496753692627e-08,7498.740683286559,True,RANGE ADEQUATE,True,RANGE ADEQUATE,True,RANGE ADEQUATE,0.0008566519758832732,0.0008566519758832732,0.0004283259879416366,True,SMALL VALUES MAY BE LOST,3.3202551633404245e-06,3.3202551633404245e-06,1.6601275816702123e-06,False,RANGE/STEP APPEARS ADEQUATE
MobileNetV2_CIFAR100,inference,weights,features.6.conv.1.1.weight,1.0,1.0,1.0,1.0,0.0,0.0,1.0,True,RANGE ADEQUATE,True,RANGE ADEQUATE,True,RANGE ADEQUATE,0.007874015748031496,0.007874015748031496,0.003937007874015748,False,RANGE/STEP APPEARS ADEQUATE,3.051850947599719e-05,3.051850947599719e-05,1.5259254737998596e-05,False,RANGE/STEP APPEARS ADEQUATE
MobileNetV2_CIFAR100,inference,weights,features.6.conv.2.weight,-0.94160658121109,0.8152391314506531,0.94160658121109,3.2782503694761544e-05,0.0,2.9802322387695312e-08,28722.83916989395,True,RANGE ADEQUATE,True,RANGE ADEQUATE,True,RANGE ADEQUATE,0.00741422504890622,0.00741422504890622,0.00370711252445311,True,SMALL VALUES MAY BE LOST,2.873642937135197e-05,2.873642937135197e-05,1.4368214685675985e-05,False,RANGE/STEP APPEARS ADEQUATE
MobileNetV2_CIFAR100,inference,weights,features.6.conv.3.weight,1.0,1.0,1.0,1.0,0.0,0.0,1.0,True,RANGE ADEQUATE,True,RANGE ADEQUATE,True,RANGE ADEQUATE,0.007874015748031496,0.007874015748031496,0.003937007874015748,False,RANGE/STEP APPEARS ADEQUATE,3.051850947599719e-05,3.051850947599719e-05,1.5259254737998596e-05,False,RANGE/STEP APPEARS ADEQUATE
MobileNetV2_CIFAR100,inference,weights,features.7.conv.0.0.weight,-0.3756794929504394,0.3338503837585449,0.3756794929504394,4.1368937672814354e-05,0.0,1.4901161193847656e-08,9081.197489809307,True,RANGE ADEQUATE,True,RANGE ADEQUATE,True,RANGE ADEQUATE,0.002958106243704247,0.002958106243704247,0.0014790531218521236,True,SMALL VALUES MAY BE LOST,1.1465178165545805e-05,1.1465178165545805e-05,5.732589082772902e-06,False,RANGE/STEP APPEARS ADEQUATE
MobileNetV2_CIFAR100,inference,weights,features.7.conv.0.1.weight,1.0,1.0,1.0,1.0,0.0,0.0,1.0,True,RANGE ADEQUATE,True,RANGE ADEQUATE,True,RANGE ADEQUATE,0.007874015748031496,0.007874015748031496,0.003937007874015748,False,RANGE/STEP APPEARS ADEQUATE,3.051850947599719e-05,3.051850947599719e-05,1.5259254737998596e-05,False,RANGE/STEP APPEARS ADEQUATE
MobileNetV2_CIFAR100,inference,weights,features.7.conv.1.0.weight,-0.1086270213127136,0.130711942911148,0.130711942911148,1.1068964340665843e-05,0.0,3.2596290111541752e-09,11808.868371806962,True,RANGE ADEQUATE,True,RANGE ADEQUATE,True,RANGE ADEQUATE,0.0010292278969381732,0.0010292278969381732,0.0005146139484690866,True,SMALL VALUES MAY BE LOST,3.989133668359874e-06,3.989133668359874e-06,1.994566834179937e-06,False,RANGE/STEP APPEARS ADEQUATE
MobileNetV2_CIFAR100,inference,weights,features.7.conv.1.1.weight,1.0,1.0,1.0,1.0,0.0,0.0,1.0,True,RANGE ADEQUATE,True,RANGE ADEQUATE,True,RANGE ADEQUATE,0.007874015748031496,0.007874015748031496,0.003937007874015748,False,RANGE/STEP APPEARS ADEQUATE,3.051850947599719e-05,3.051850947599719e-05,1.5259254737998596e-05,False,RANGE/STEP APPEARS ADEQUATE
MobileNetV2_CIFAR100,inference,weights,features.7.conv.2.weight,-0.7119871377944946,0.7213674783706665,0.7213674783706665,7.672532774449792e-06,0.0,7.450580596923828e-09,94019.4717411809,True,RANGE ADEQUATE,True,RANGE ADEQUATE,True,RANGE ADEQUATE,0.0056800588848083975,0.0056800588848083975,0.0028400294424041988,True,SMALL VALUES MAY BE LOST,2.2015060224331386e-05,2.2015060224331386e-05,1.1007530112165693e-05,True,SMALL VALUES MAY BE LOST
MobileNetV2_CIFAR100,inference,weights,features.7.conv.3.weight,1.0,1.0,1.0,1.0,0.0,0.0,1.0,True,RANGE ADEQUATE,True,RANGE ADEQUATE,True,RANGE ADEQUATE,0.007874015748031496,0.007874015748031496,0.003937007874015748,False,RANGE/STEP APPEARS ADEQUATE,3.051850947599719e-05,3.051850947599719e-05,1.5259254737998596e-05,False,RANGE/STEP APPEARS ADEQUATE
MobileNetV2_CIFAR100,inference,weights,features.8.conv.0.0.weight,-0.2707288861274719,0.3126042187213897,0.3126042187213897,5.120145033288281e-06,0.0,1.3969838619232178e-09,61053.78200988727,True,RANGE ADEQUATE,True,RANGE ADEQUATE,True,RANGE ADEQUATE,0.0024614505411133048,0.0024614505411133048,0.0012307252705566524,True,SMALL VALUES MAY BE LOST,9.540214811285432e-06,9.540214811285432e-06,4.770107405642716e-06,False,RANGE/STEP APPEARS ADEQUATE
MobileNetV2_CIFAR100,inference,weights,features.8.conv.0.1.weight,1.0,1.0,1.0,1.0,0.0,0.0,1.0,True,RANGE ADEQUATE,True,RANGE ADEQUATE,True,RANGE ADEQUATE,0.007874015748031496,0.007874015748031496,0.003937007874015748,False,RANGE/STEP APPEARS ADEQUATE,3.051850947599719e-05,3.051850947599719e-05,1.5259254737998596e-05,False,RANGE/STEP APPEARS ADEQUATE
MobileNetV2_CIFAR100,inference,weights,features.8.conv.1.0.weight,-0.0946651920676231,0.0888859778642654,0.0946651920676231,1.83432189260202e-06,0.0,2.7939677238464355e-09,51607.731690613335,True,RANGE ADEQUATE,True,RANGE ADEQUATE,True,RANGE ADEQUATE,0.0007453952131308905,0.0007453952131308905,0.00037269760656544524,True,SMALL VALUES MAY BE LOST,2.8890405611628496e-06,2.8890405611628496e-06,1.4445202805814248e-06,False,RANGE/STEP APPEARS ADEQUATE
MobileNetV2_CIFAR100,inference,weights,features.8.conv.1.1.weight,1.0,1.0,1.0,1.0,0.0,0.0,1.0,True,RANGE ADEQUATE,True,RANGE ADEQUATE,True,RANGE ADEQUATE,0.007874015748031496,0.007874015748031496,0.003937007874015748,False,RANGE/STEP APPEARS ADEQUATE,3.051850947599719e-05,3.051850947599719e-05,1.5259254737998596e-05,False,RANGE/STEP APPEARS ADEQUATE
MobileNetV2_CIFAR100,inference,weights,features.8.conv.2.weight,-0.692403256893158,0.7509228587150574,0.7509228587150574,7.073393248901994e-07,0.0,3.725290298461914e-09,1061616.1611424948,True,RANGE ADEQUATE,True,RANGE ADEQUATE,True,RANGE ADEQUATE,0.005912778415079192,0.005912778415079192,0.002956389207539596,True,SMALL VALUES MAY BE LOST,2.291704637943838e-05,2.291704637943838e-05,1.145852318971919e-05,True,SMALL VALUES MAY BE LOST
MobileNetV2_CIFAR100,inference,weights,features.8.conv.3.weight,1.0,1.0,1.0,1.0,0.0,0.0,1.0,True,RANGE ADEQUATE,True,RANGE ADEQUATE,True,RANGE ADEQUATE,0.007874015748031496,0.007874015748031496,0.003937007874015748,False,RANGE/STEP APPEARS ADEQUATE,3.051850947599719e-05,3.051850947599719e-05,1.5259254737998596e-05,False,RANGE/STEP APPEARS ADEQUATE
MobileNetV2_CIFAR100,inference,weights,features.9.conv.0.0.weight,-0.3275485634803772,0.2701391279697418,0.3275485634803772,9.815164503379492e-07,0.0,1.862645149230957e-09,333716.835176423,True,RANGE ADEQUATE,True,RANGE ADEQUATE,True,RANGE ADEQUATE,0.0025791225470895842,0.0025791225470895842,0.0012895612735447921,True,SMALL VALUES MAY BE LOST,9.99629393842516e-06,9.99629393842516e-06,4.99814696921258e-06,True,SMALL VALUES MAY BE LOST
MobileNetV2_CIFAR100,inference,weights,features.9.conv.0.1.weight,1.0,1.0,1.0,1.0,0.0,0.0,1.0,True,RANGE ADEQUATE,True,RANGE ADEQUATE,True,RANGE ADEQUATE,0.007874015748031496,0.007874015748031496,0.003937007874015748,False,RANGE/STEP APPEARS ADEQUATE,3.051850947599719e-05,3.051850947599719e-05,1.5259254737998596e-05,False,RANGE/STEP APPEARS ADEQUATE
MobileNetV2_CIFAR100,inference,weights,features.9.conv.1.0.weight,-0.0855599343776702,0.0871128663420677,0.0871128663420677,7.132215955607535e-07,0.0,1.7462298274040222e-08,122139.97288399166,True,RANGE ADEQUATE,True,RANGE ADEQUATE,True,RANGE ADEQUATE,0.0006859280814336039,0.0006859280814336039,0.00034296404071680196,True,SMALL VALUES MAY BE LOST,2.65855483694167e-06,2.65855483694167e-06,1.329277418470835e-06,True,SMALL VALUES MAY BE LOST
MobileNetV2_CIFAR100,inference,weights,features.9.conv.1.1.weight,1.0,1.0,1.0,1.0,0.0,0.0,1.0,True,RANGE ADEQUATE,True,RANGE ADEQUATE,True,RANGE ADEQUATE,0.007874015748031496,0.007874015748031496,0.003937007874015748,False,RANGE/STEP APPEARS ADEQUATE,3.051850947599719e-05,3.051850947599719e-05,1.5259254737998596e-05,False,RANGE/STEP APPEARS ADEQUATE
MobileNetV2_CIFAR100,inference,weights,features.9.conv.2.weight,-0.6793313026428223,0.6986926794052124,0.6986926794052124,4.522612016444327e-06,0.0,3.725290298461914e-09,154488.7504974446,True,RANGE ADEQUATE,True,RANGE ADEQUATE,True,RANGE ADEQUATE,0.0055015171606709636,0.0055015171606709636,0.0027507585803354818,True,SMALL VALUES MAY BE LOST,2.1323059157237843e-05,2.1323059157237843e-05,1.0661529578618922e-05,True,SMALL VALUES MAY BE LOST
MobileNetV2_CIFAR100,inference,weights,features.9.conv.3.weight,1.0,1.0,1.0,1.0,0.0,0.0,1.0,True,RANGE ADEQUATE,True,RANGE ADEQUATE,True,RANGE ADEQUATE,0.007874015748031496,0.007874015748031496,0.003937007874015748,False,RANGE/STEP APPEARS ADEQUATE,3.051850947599719e-05,3.051850947599719e-05,1.5259254737998596e-05,False,RANGE/STEP APPEARS ADEQUATE
ResNet18_CIFAR10_Inference,inference,activations,avgpool,0.0,3.7468509674072266,3.7468509674072266,1.8585751604405232e-08,46.9918,1.4551915228366852e-11,201598033.11474046,True,RANGE ADEQUATE,True,RANGE ADEQUATE,True,RANGE ADEQUATE,0.029502763522891547,0.029502763522891547,0.014751381761445774,True,SMALL VALUES MAY BE LOST,0.0001143483067539667,0.0001143483067539667,5.717415337698335e-05,True,SMALL VALUES MAY BE LOST
ResNet18_CIFAR10_Inference,inference,activations,bn1,-9.574445724487305,9.478774070739746,9.574445724487305,7.078051567077637e-07,0.0,5.820766091346741e-11,13526951.07368421,True,RANGE ADEQUATE,True,RANGE ADEQUATE,True,RANGE ADEQUATE,0.07538933641328587,0.07538933641328587,0.03769466820664293,True,SMALL VALUES MAY BE LOST,0.0002921978125701866,0.0002921978125701866,0.0001460989062850933,True,SMALL VALUES MAY BE LOST
ResNet18_CIFAR10_Inference,inference,activations,conv1,-26.524677276611328,26.37775993347168,26.524677276611328,3.32487189780295e-07,0.0,1.0550138540565968e-10,79776539.04241733,True,RANGE ADEQUATE,True,RANGE ADEQUATE,True,RANGE ADEQUATE,0.20885572658749077,0.20885572658749077,0.10442786329374538,True,SMALL VALUES MAY BE LOST,0.0008094936148140302,0.0008094936148140302,0.0004047468074070151,True,SMALL VALUES MAY BE LOST
ResNet18_CIFAR10_Inference,inference,activations,fc,-7.927172660827637,18.029117584228516,18.029117584228516,8.853524923324585e-05,0.0,2.9802322387695312e-08,203637.73457881008,True,RANGE ADEQUATE,True,RANGE ADEQUATE,True,RANGE ADEQUATE,0.14196155578132688,0.14196155578132688,0.07098077789066344,True,SMALL VALUES MAY BE LOST,0.0005502217958381455,0.0005502217958381455,0.00027511089791907277,True,SMALL VALUES MAY BE LOST
ResNet18_CIFAR10_Inference,inference,activations,layer1.0.bn1,-3.623068809509278,2.0724217891693115,3.623068809509278,2.2351741790771487e-07,0.0,9.313225746154783e-10,16209335.466666667,True,RANGE ADEQUATE,True,RANGE ADEQUATE,True,RANGE ADEQUATE,0.028528100862277778,0.028528100862277778,0.014264050431138889,True,SMALL VALUES MAY BE LOST,0.00011057065979519876,0.00011057065979519876,5.528532989759938e-05,True,SMALL VALUES MAY BE LOST
ResNet18_CIFAR10_Inference,inference,activations,layer1.0.bn2,-3.4904184341430664,2.773454427719116,3.4904184341430664,1.0021030902862549e-06,0.0,2.3283064365386963e-10,3483093.17472119,True,RANGE ADEQUATE,True,RANGE ADEQUATE,True,RANGE ADEQUATE,0.02748360971766194,0.02748360971766194,0.01374180485883097,True,SMALL VALUES MAY BE LOST,0.00010652236805759045,0.00010652236805759045,5.3261184028795224e-05,True,SMALL VALUES MAY BE LOST
ResNet18_CIFAR10_Inference,inference,activations,layer1.0.conv1,-19.801286697387695,20.842479705810547,20.842479705810547,4.76837158203125e-07,0.0,1.862645149230957e-09,43709848.0,True,RANGE ADEQUATE,True,RANGE ADEQUATE,True,RANGE ADEQUATE,0.1641140134315791,0.1641140134315791,0.08205700671578955,True,SMALL VALUES MAY BE LOST,0.0006360814144050584,0.0006360814144050584,0.0003180407072025292,True,SMALL VALUES MAY BE LOST
ResNet18_CIFAR10_Inference,inference,activations,layer1.0.conv2,-7.288670539855957,4.491722106933594,7.288670539855957,2.5546178221702576e-06,0.0,9.313225746154783e-10,2853135.3991979584,True,RANGE ADEQUATE,True,RANGE ADEQUATE,True,RANGE ADEQUATE,0.057391106613039033,0.057391106613039033,0.028695553306519517,True,SMALL VALUES MAY BE LOST,0.0002224393609380156,0.0002224393609380156,0.0001112196804690078,True,SMALL VALUES MAY BE LOST
ResNet18_CIFAR10_Inference,inference,activations,layer1.0.relu,0.0,12.333938598632812,12.333938598632812,1.952052116394043e-06,25.6064,1.862645149230957e-09,6318447.389312977,True,RANGE ADEQUATE,True,RANGE ADEQUATE,True,RANGE ADEQUATE,0.09711762676088828,0.09711762676088828,0.04855881338044414,True,SMALL VALUES MAY BE LOST,0.000376413421998743,0.000376413421998743,0.0001882067109993715,True,SMALL VALUES MAY BE LOST
ResNet18_CIFAR10_Inference,inference,activations,layer1.1.bn1,-4.25575590133667,3.1628167629241943,4.25575590133667,2.384185791015625e-06,0.0,9.313225746154783e-10,1784993.4,True,RANGE ADEQUATE,True,RANGE ADEQUATE,True,RANGE ADEQUATE,0.033509888986902915,0.033509888986902915,0.016754944493451458,True,SMALL VALUES MAY BE LOST,0.00012987932680247414,0.00012987932680247414,6.493966340123707e-05,True,SMALL VALUES MAY BE LOST
ResNet18_CIFAR10_Inference,inference,activations,layer1.1.bn2,-4.356366157531738,2.8395462036132812,4.356366157531738,4.470348358154297e-07,0.0,1.862645149230957e-09,9745026.133333333,True,RANGE ADEQUATE,True,RANGE ADEQUATE,True,RANGE ADEQUATE,0.03430209572859636,0.03430209572859636,0.01715104786429818,True,SMALL VALUES MAY BE LOST,0.00013294980185954582,0.00013294980185954582,6.647490092977291e-05,True,SMALL VALUES MAY BE LOST
ResNet18_CIFAR10_Inference,inference,activations,layer1.1.conv1,-16.636228561401367,22.935190200805664,22.935190200805664,4.753470420837402e-06,0.0,3.725290298461914e-09,4824935.92476489,True,RANGE ADEQUATE,True,RANGE ADEQUATE,True,RANGE ADEQUATE,0.18059204882524144,0.18059204882524144,0.09029602441262072,True,SMALL VALUES MAY BE LOST,0.0006999478194770856,0.0006999478194770856,0.0003499739097385428,True,SMALL VALUES MAY BE LOST
ResNet18_CIFAR10_Inference,inference,activations,layer1.1.conv2,-6.214778423309326,4.713409423828125,6.214778423309326,6.370246410369873e-07,0.0,9.313225746154783e-10,9755946.666666666,True,RANGE ADEQUATE,True,RANGE ADEQUATE,True,RANGE ADEQUATE,0.04893526317566398,0.04893526317566398,0.02446763158783199,True,SMALL VALUES MAY BE LOST,0.00018966577420298855,0.00018966577420298855,9.483288710149428e-05,True,SMALL VALUES MAY BE LOST
ResNet18_CIFAR10_Inference,inference,activations,layer1.1.relu,0.0,9.55449104309082,9.55449104309082,5.520880222320557e-06,28.7188,1.862645149230957e-09,1730610.0944669365,True,RANGE ADEQUATE,True,RANGE ADEQUATE,True,RANGE ADEQUATE,0.07523221293772299,0.07523221293772299,0.037616106468861495,True,SMALL VALUES MAY BE LOST,0.0002915888254368975,0.0002915888254368975,0.00014579441271844875,True,SMALL VALUES MAY BE LOST
ResNet18_CIFAR10_Inference,inference,activations,layer2.0.bn1,-3.91670298576355,3.495819568634033,3.91670298576355,8.046627044677734e-07,0.0,3.026798367500305e-09,4867509.037037037,True,RANGE ADEQUATE,True,RANGE ADEQUATE,True,RANGE ADEQUATE,0.03084018099026417,0.03084018099026417,0.015420090495132086,True,SMALL VALUES MAY BE LOST,0.00011953193718569139,0.00011953193718569139,5.9765968592845694e-05,True,SMALL VALUES MAY BE LOST
ResNet18_CIFAR10_Inference,inference,activations,layer2.0.bn2,-4.002163887023926,4.1610612869262695,4.1610612869262695,5.960464477539064e-08,0.0,1.862645149230957e-09,69811023.99999999,True,RANGE ADEQUATE,True,RANGE ADEQUATE,True,RANGE ADEQUATE,0.03276426210178165,0.03276426210178165,0.016382131050890824,True,SMALL VALUES MAY BE LOST,0.00012698938831526442,0.00012698938831526442,6.349469415763221e-05,True,SMALL VALUES MAY BE LOST
ResNet18_CIFAR10_Inference,inference,activations,layer2.0.conv1,-18.125112533569336,13.943940162658691,18.125112533569336,1.1942941455345135e-05,0.0,3.725290298461914e-09,1517642.2493017693,True,RANGE ADEQUATE,True,RANGE ADEQUATE,True,RANGE ADEQUATE,0.142717421524168,0.142717421524168,0.071358710762084,True,SMALL VALUES MAY BE LOST,0.0005531514186092513,0.0005531514186092513,0.00027657570930462566,True,SMALL VALUES MAY BE LOST
ResNet18_CIFAR10_Inference,inference,activations,layer2.0.conv2,-3.976264238357544,3.635299444198608,3.976264238357544,5.960464477539064e-08,0.0,1.862645149230957e-09,66710643.999999985,True,RANGE ADEQUATE,True,RANGE ADEQUATE,True,RANGE ADEQUATE,0.03130916723116176,0.03130916723116176,0.01565458361558088,True,SMALL VALUES MAY BE LOST,0.00012134965783738346,0.00012134965783738346,6.067482891869173e-05,True,SMALL VALUES MAY BE LOST
ResNet18_CIFAR10_Inference,inference,activations,layer2.0.downsample.0,-6.913534641265869,6.747430801391602,6.913534641265869,9.221507752954494e-07,0.0,1.862645149230957e-09,7497184.65405056,True,RANGE ADEQUATE,True,RANGE ADEQUATE,True,RANGE ADEQUATE,0.05443728063988874,0.05443728063988874,0.02721864031994437,True,SMALL VALUES MAY BE LOST,0.00021099077246210728,0.00021099077246210728,0.00010549538623105364,True,SMALL VALUES MAY BE LOST
ResNet18_CIFAR10_Inference,inference,activations,layer2.0.downsample.1,-3.636579751968384,6.006889820098877,6.006889820098877,1.6093254089355469e-06,0.0,1.862645149230957e-09,3732551.407407407,True,RANGE ADEQUATE,True,RANGE ADEQUATE,True,RANGE ADEQUATE,0.04729834504014864,0.04729834504014864,0.02364917252007432,True,SMALL VALUES MAY BE LOST,0.00018332132389595865,0.00018332132389595865,9.166066194797933e-05,True,SMALL VALUES MAY BE LOST
ResNet18_CIFAR10_Inference,inference,activations,layer2.0.relu,0.0,5.478549003601074,5.478549003601074,2.086162567138672e-06,66.8108,5.587935447692871e-09,2626137.1428571427,True,RANGE ADEQUATE,True,RANGE ADEQUATE,True,RANGE ADEQUATE,0.04313818113071712,0.04313818113071712,0.02156909056535856,True,SMALL VALUES MAY BE LOST,0.00016719714968111435,0.00016719714968111435,8.359857484055718e-05,True,SMALL VALUES MAY BE LOST
ResNet18_CIFAR10_Inference,inference,activations,layer2.1.bn1,-3.144754648208618,2.8849213123321533,3.144754648208618,2.980232238769531e-07,0.0,7.450580596923828e-09,10552045.6,True,RANGE ADEQUATE,True,RANGE ADEQUATE,True,RANGE ADEQUATE,0.024761847623689905,0.024761847623689905,0.012380923811844953,True,SMALL VALUES MAY BE LOST,9.597322453104093e-05,9.597322453104093e-05,4.798661226552047e-05,True,SMALL VALUES MAY BE LOST
ResNet18_CIFAR10_Inference,inference,activations,layer2.1.bn2,-3.9144577980041504,2.5467958450317383,3.9144577980041504,5.662441253662109e-07,0.0,3.725290298461914e-09,6913021.47368421,True,RANGE ADEQUATE,True,RANGE ADEQUATE,True,RANGE ADEQUATE,0.030822502346489374,0.030822502346489374,0.015411251173244687,True,SMALL VALUES MAY BE LOST,0.00011946341740178077,0.00011946341740178077,5.973170870089039e-05,True,SMALL VALUES MAY BE LOST
ResNet18_CIFAR10_Inference,inference,activations,layer2.1.conv1,-4.775749206542969,5.003350257873535,5.003350257873535,3.0100345611572266e-06,0.0,1.862645149230957e-09,1662223.5247524753,True,RANGE ADEQUATE,True,RANGE ADEQUATE,True,RANGE ADEQUATE,0.039396458723413665,0.039396458723413665,0.019698229361706832,True,SMALL VALUES MAY BE LOST,0.00015269479225664648,0.00015269479225664648,7.634739612832324e-05,True,SMALL VALUES MAY BE LOST
ResNet18_CIFAR10_Inference,inference,activations,layer2.1.conv2,-2.0704219341278076,1.6582095623016355,2.0704219341278076,3.278255462646485e-07,0.0,4.656612873077393e-10,6315621.09090909,True,RANGE ADEQUATE,True,RANGE ADEQUATE,True,RANGE ADEQUATE,0.016302534914392187,0.016302534914392187,0.008151267457196094,True,SMALL VALUES MAY BE LOST,6.318619141599193e-05,6.318619141599193e-05,3.1593095707995966e-05,True,SMALL VALUES MAY BE LOST
ResNet18_CIFAR10_Inference,inference,activations,layer2.1.relu,0.0,6.634978294372559,6.634978294372559,9.506940841674805e-06,71.7236,7.450580596923828e-09,697908.8652037617,True,RANGE ADEQUATE,True,RANGE ADEQUATE,True,RANGE ADEQUATE,0.05224392357773668,0.05224392357773668,0.02612196178886834,True,SMALL VALUES MAY BE LOST,0.0002024896479498446,0.0002024896479498446,0.0001012448239749223,True,SMALL VALUES MAY BE LOST
ResNet18_CIFAR10_Inference,inference,activations,layer3.0.bn1,-3.075946569442749,4.0236124992370605,4.0236124992370605,3.576278686523438e-07,0.0,3.725290298461914e-09,11250835.999999998,True,RANGE ADEQUATE,True,RANGE ADEQUATE,True,RANGE ADEQUATE,0.03168198818296898,0.03168198818296898,0.01584099409148449,True,SMALL VALUES MAY BE LOST,0.00012279465618570697,0.00012279465618570697,6.139732809285349e-05,True,SMALL VALUES MAY BE LOST
ResNet18_CIFAR10_Inference,inference,activations,layer3.0.bn2,-2.7724082469940186,3.768410682678222,3.768410682678222,6.332993507385254e-07,0.0,2.3283064365386963e-10,5950441.411764706,True,RANGE ADEQUATE,True,RANGE ADEQUATE,True,RANGE ADEQUATE,0.029672525060458442,0.029672525060458442,0.014836262530229221,True,SMALL VALUES MAY BE LOST,0.00011500627712876437,0.00011500627712876437,5.7503138564382185e-05,True,SMALL VALUES MAY BE LOST
ResNet18_CIFAR10_Inference,inference,activations,layer3.0.conv1,-5.631606578826904,7.336145877838135,7.336145877838135,4.172727585682878e-06,0.0,9.313225746154783e-10,1758117.6166422458,True,RANGE ADEQUATE,True,RANGE ADEQUATE,True,RANGE ADEQUATE,0.05776492817195382,0.05776492817195382,0.02888246408597691,True,SMALL VALUES MAY BE LOST,0.00022388823749010085,0.00022388823749010085,0.00011194411874505042,True,SMALL VALUES MAY BE LOST
ResNet18_CIFAR10_Inference,inference,activations,layer3.0.conv2,-3.0086522102355957,3.4937384128570557,3.4937384128570557,1.4971010386943817e-07,0.0,6.984919309616089e-10,23336690.861586314,True,RANGE ADEQUATE,True,RANGE ADEQUATE,True,RANGE ADEQUATE,0.027509751282339023,0.027509751282339023,0.013754875641169511,True,SMALL VALUES MAY BE LOST,0.00010662368885943344,0.00010662368885943344,5.331184442971672e-05,True,SMALL VALUES MAY BE LOST
ResNet18_CIFAR10_Inference,inference,activations,layer3.0.downsample.0,-1.7649062871932983,2.6223649978637695,2.6223649978637695,1.4743335441380625e-06,0.0,1.7462298274040222e-10,1778678.24298665,True,RANGE ADEQUATE,True,RANGE ADEQUATE,True,RANGE ADEQUATE,0.020648543290265903,0.020648543290265903,0.010324271645132952,True,SMALL VALUES MAY BE LOST,8.003067103682881e-05,8.003067103682881e-05,4.0015335518414405e-05,True,SMALL VALUES MAY BE LOST
ResNet18_CIFAR10_Inference,inference,activations,layer3.0.downsample.1,-2.1191296577453613,2.6705498695373535,2.6705498695373535,2.0489096641540527e-08,0.0,2.3283064365386963e-10,130340049.45454545,True,RANGE ADEQUATE,True,RANGE ADEQUATE,True,RANGE ADEQUATE,0.021027951728640578,0.021027951728640578,0.010513975864320289,True,SMALL VALUES MAY BE LOST,8.150120149959879e-05,8.150120149959879e-05,4.0750600749799395e-05,True,SMALL VALUES MAY BE LOST
ResNet18_CIFAR10_Inference,inference,activations,layer3.0.relu,0.0,4.3217315673828125,4.3217315673828125,4.740431904792786e-06,58.9792,4.656612873077393e-10,911674.6436149313,True,RANGE ADEQUATE,True,RANGE ADEQUATE,True,RANGE ADEQUATE,0.03402938242033711,0.03402938242033711,0.017014691210168555,True,SMALL VALUES MAY BE LOST,0.00013189280579188855,0.00013189280579188855,6.594640289594428e-05,True,SMALL VALUES MAY BE LOST
ResNet18_CIFAR10_Inference,inference,activations,layer3.1.bn1,-0.0499869063496589,0.0534573718905448,0.0534573718905448,3.725290298461914e-08,0.0,5.820766091346741e-11,1434985.3999999976,True,RANGE ADEQUATE,True,RANGE ADEQUATE,True,RANGE ADEQUATE,0.000420924188114526,0.000420924188114526,0.000210462094057263,True,SMALL VALUES MAY BE LOST,1.6314393106034975e-06,1.6314393106034975e-06,8.157196553017487e-07,True,SMALL VALUES MAY BE LOST
ResNet18_CIFAR10_Inference,inference,activations,layer3.1.bn2,-0.5558900237083435,0.1503256857395172,0.5558900237083435,1.1362135410308839e-07,0.0,5.820766091346741e-11,4892478.426229508,True,RANGE ADEQUATE,True,RANGE ADEQUATE,True,RANGE ADEQUATE,0.004377086800853099,0.004377086800853099,0.0021885434004265494,True,SMALL VALUES MAY BE LOST,1.6964934956155386e-05,1.6964934956155386e-05,8.482467478077693e-06,True,SMALL VALUES MAY BE LOST
ResNet18_CIFAR10_Inference,inference,activations,layer3.1.conv1,-0.2387814819812774,0.2153035998344421,0.2387814819812774,1.3969838619232178e-08,0.0,1.1641532182693479e-10,17092644.266666662,True,RANGE ADEQUATE,True,RANGE ADEQUATE,True,RANGE ADEQUATE,0.0018801691494588772,0.0018801691494588772,0.0009400845747294386,True,SMALL VALUES MAY BE LOST,7.287254920538268e-06,7.287254920538268e-06,3.643627460269134e-06,True,SMALL VALUES MAY BE LOST
ResNet18_CIFAR10_Inference,inference,activations,layer3.1.conv2,-0.0432204715907573,0.0259624253958463,0.0432204715907573,1.7826096154749391e-09,0.0,9.094947017729282e-13,24245617.893877514,True,RANGE ADEQUATE,True,RANGE ADEQUATE,True,RANGE ADEQUATE,0.00034031867394297086,0.00034031867394297086,0.00017015933697148543,True,SMALL VALUES MAY BE LOST,1.3190243717995942e-06,1.3190243717995942e-06,6.595121858997971e-07,True,SMALL VALUES MAY BE LOST
ResNet18_CIFAR10_Inference,inference,activations,layer3.1.relu,0.0,3.9511735439300537,3.9511735439300537,1.3113021850585938e-06,13.2216,5.820766091346741e-11,3013167.8181818184,True,RANGE ADEQUATE,True,RANGE ADEQUATE,True,RANGE ADEQUATE,0.03111160270811066,0.03111160270811066,0.01555580135405533,True,SMALL VALUES MAY BE LOST,0.00012058392724173875,0.00012058392724173875,6.0291963620869374e-05,True,SMALL VALUES MAY BE LOST
ResNet18_CIFAR10_Inference,inference,activations,layer4.0.bn1,-0.8921269178390503,1.3229960203170776,1.3229960203170776,1.541338860988617e-07,0.0,1.7462298274040222e-10,8583420.90634441,True,RANGE ADEQUATE,True,RANGE ADEQUATE,True,RANGE ADEQUATE,0.010417291498559666,0.010417291498559666,0.005208645749279833,True,SMALL VALUES MAY BE LOST,4.037586658275331e-05,4.037586658275331e-05,2.0187933291376654e-05,True,SMALL VALUES MAY BE LOST
ResNet18_CIFAR10_Inference,inference,activations,layer4.0.bn2,-1.0296491384506226,2.1632723808288574,2.1632723808288574,8.89413058757782e-08,0.0,1.1641532182693479e-10,24322471.539267015,True,RANGE ADEQUATE,True,RANGE ADEQUATE,True,RANGE ADEQUATE,0.017033640793928013,0.017033640793928013,0.008516820396964006,True,SMALL VALUES MAY BE LOST,6.601984865348849e-05,6.601984865348849e-05,3.300992432674424e-05,True,SMALL VALUES MAY BE LOST
ResNet18_CIFAR10_Inference,inference,activations,layer4.0.conv1,-2.864900588989258,2.3967418670654297,2.864900588989258,1.9731372447040485e-07,0.0,2.3283064365386963e-10,14519520.102713205,True,RANGE ADEQUATE,True,RANGE ADEQUATE,True,RANGE ADEQUATE,0.022558272354246126,0.022558272354246126,0.011279136177123063,True,SMALL VALUES MAY BE LOST,8.74324957728586e-05,8.74324957728586e-05,4.37162478864293e-05,True,SMALL VALUES MAY BE LOST
ResNet18_CIFAR10_Inference,inference,activations,layer4.0.conv2,-0.816388726234436,1.0865371227264404,1.0865371227264404,1.462758518755436e-07,0.0,5.820766091346741e-11,7428000.649423,True,RANGE ADEQUATE,True,RANGE ADEQUATE,True,RANGE ADEQUATE,0.008555410415168822,0.008555410415168822,0.004277705207584411,True,SMALL VALUES MAY BE LOST,3.3159493475949596e-05,3.3159493475949596e-05,1.6579746737974798e-05,True,SMALL VALUES MAY BE LOST
ResNet18_CIFAR10_Inference,inference,activations,layer4.0.downsample.0,-2.144124746322632,2.411202907562256,2.411202907562256,1.2592191467319938e-07,0.0,2.9103830456733704e-11,19148397.749668628,True,RANGE ADEQUATE,True,RANGE ADEQUATE,True,RANGE ADEQUATE,0.018985849665844535,0.018985849665844535,0.009492924832922267,True,SMALL VALUES MAY BE LOST,7.358631878299068e-05,7.358631878299068e-05,3.679315939149534e-05,True,SMALL VALUES MAY BE LOST
ResNet18_CIFAR10_Inference,inference,activations,layer4.0.downsample.1,-2.558831214904785,2.6382346153259277,2.6382346153259277,2.9802322387695312e-08,0.0,1.1641532182693479e-10,88524464.0,True,RANGE ADEQUATE,True,RANGE ADEQUATE,True,RANGE ADEQUATE,0.020773500908078172,0.020773500908078172,0.010386750454039086,True,SMALL VALUES MAY BE LOST,8.051498810772814e-05,8.051498810772814e-05,4.025749405386407e-05,True,SMALL VALUES MAY BE LOST
ResNet18_CIFAR10_Inference,inference,activations,layer4.0.relu,0.0,3.8297524452209473,3.8297524452209473,1.0151416063308717e-07,45.9374,1.1641532182693479e-10,37726287.853211,True,RANGE ADEQUATE,True,RANGE ADEQUATE,True,RANGE ADEQUATE,0.03015553106473187,0.03015553106473187,0.015077765532365934,True,SMALL VALUES MAY BE LOST,0.0001168783362901989,0.0001168783362901989,5.843916814509945e-05,True,SMALL VALUES MAY BE LOST
ResNet18_CIFAR10_Inference,inference,activations,layer4.1.bn1,-0.0328376665711402,0.0168619155883789,0.0328376665711402,5.820766091346741e-10,0.0,3.637978807091713e-12,56414681.599999845,True,RANGE ADEQUATE,True,RANGE ADEQUATE,True,RANGE ADEQUATE,0.00025856430370976537,0.00025856430370976537,0.00012928215185488269,True,SMALL VALUES MAY BE LOST,1.0021566384209785e-06,1.0021566384209785e-06,5.010783192104893e-07,True,SMALL VALUES MAY BE LOST
ResNet18_CIFAR10_Inference,inference,activations,layer4.1.bn2,-0.0790562704205513,0.0042760600335896,0.0790562704205513,1.4476881915470583e-09,0.0,7.275957614183426e-12,54608631.11418251,True,RANGE ADEQUATE,True,RANGE ADEQUATE,True,RANGE ADEQUATE,0.0006224903182720574,0.0006224903182720574,0.0003112451591360287,True,SMALL VALUES MAY BE LOST,2.4126795379665912e-06,2.4126795379665912e-06,1.2063397689832956e-06,True,SMALL VALUES MAY BE LOST
ResNet18_CIFAR10_Inference,inference,activations,layer4.1.conv1,-0.0705414563417434,0.0378298237919807,0.0705414563417434,7.566995918750762e-10,0.0,7.275957614183426e-12,93222537.84615377,True,RANGE ADEQUATE,True,RANGE ADEQUATE,True,RANGE ADEQUATE,0.0005554445381239638,0.0005554445381239638,0.0002777222690619819,True,SMALL VALUES MAY BE LOST,2.152820103816138e-06,2.152820103816138e-06,1.076410051908069e-06,True,SMALL VALUES MAY BE LOST
ResNet18_CIFAR10_Inference,inference,activations,layer4.1.conv2,-0.0008064786088652,0.0009176087332889,0.0009176087332889,1.1402789823478088e-10,0.0,2.8421709430404014e-14,8047230.085742388,True,RANGE ADEQUATE,True,RANGE ADEQUATE,True,RANGE ADEQUATE,7.225265616448031e-06,7.225265616448031e-06,3.6126328082240156e-06,True,SMALL VALUES MAY BE LOST,2.8004050822135075e-08,2.8004050822135075e-08,1.4002025411067538e-08,True,SMALL VALUES MAY BE LOST
ResNet18_CIFAR10_Inference,inference,activations,layer4.1.relu,0.0,3.646500587463379,3.646500587463379,1.3154931366443634e-08,46.9832,1.4551915228366852e-11,277196473.7699115,True,RANGE ADEQUATE,True,RANGE ADEQUATE,True,RANGE ADEQUATE,0.028712603050892748,0.028712603050892748,0.014356301525446374,True,SMALL VALUES MAY BE LOST,0.00011128576273273045,0.00011128576273273045,5.5642881366365226e-05,True,SMALL VALUES MAY BE LOST
ResNet18_CIFAR10_Inference,inference,activations,maxpool,0.0,12.568499565124512,12.568499565124512,8.95187258720398e-06,33.4692,1.862645149230957e-09,1404007.870162297,True,RANGE ADEQUATE,True,RANGE ADEQUATE,True,RANGE ADEQUATE,0.09896456350491742,0.09896456350491742,0.04948228175245871,True,SMALL VALUES MAY BE LOST,0.000383571873077319,0.000383571873077319,0.0001917859365386595,True,SMALL VALUES MAY BE LOST
ResNet18_CIFAR10_Inference,inference,activations,relu,0.0,12.677424430847168,12.677424430847168,8.121132850646973e-07,59.1536,9.313225746154783e-10,15610413.798165137,True,RANGE ADEQUATE,True,RANGE ADEQUATE,True,RANGE ADEQUATE,0.09982223961296982,0.09982223961296982,0.04991111980648491,True,SMALL VALUES MAY BE LOST,0.0003868960976240476,0.0003868960976240476,0.0001934480488120238,True,SMALL VALUES MAY BE LOST
ResNet18_CIFAR10_Inference,inference,biases,bn1.bias,-0.4097844660282135,0.4914905130863189,0.4914905130863189,0.0007060670759528,0.0,0.0001057740300893,696.0960648435257,True,RANGE ADEQUATE,True,RANGE ADEQUATE,True,RANGE ADEQUATE,0.0038700040400497554,0.0038700040400497554,0.0019350020200248777,True,SMALL VALUES MAY BE LOST,1.4999557880987546e-05,1.4999557880987546e-05,7.499778940493773e-06,False,RANGE/STEP APPEARS ADEQUATE
ResNet18_CIFAR10_Inference,inference,biases,fc.bias,-0.1762630939483642,0.1926943659782409,0.1926943659782409,0.0353035852313041,0.0,0.011489450931549,5.4582095477197194,True,RANGE ADEQUATE,True,RANGE ADEQUATE,True,RANGE ADEQUATE,0.0015172784722696135,0.0015172784722696135,0.0007586392361348068,False,RANGE/STEP APPEARS ADEQUATE,5.880744834078216e-06,5.880744834078216e-06,2.940372417039108e-06,False,RANGE/STEP APPEARS ADEQUATE
ResNet18_CIFAR10_Inference,inference,biases,layer1.0.bn1.bias,-0.2680952250957489,0.3632076978683471,0.3632076978683471,0.0027483250014483,0.0,8.359551429748535e-05,132.15602145923265,True,RANGE ADEQUATE,True,RANGE ADEQUATE,True,RANGE ADEQUATE,0.002859903132821631,0.002859903132821631,0.0014299515664108154,False,RANGE/STEP APPEARS ADEQUATE,1.1084557569150277e-05,1.1084557569150277e-05,5.542278784575138e-06,False,RANGE/STEP APPEARS ADEQUATE
ResNet18_CIFAR10_Inference,inference,biases,layer1.0.bn2.bias,-0.3009473979473114,0.1025498434901237,0.3009473979473114,0.0012381863780319,0.0,3.431737422943115e-05,243.05500632761604,True,RANGE ADEQUATE,True,RANGE ADEQUATE,True,RANGE ADEQUATE,0.0023696645507662313,0.0023696645507662313,0.0011848322753831156,False,RANGE/STEP APPEARS ADEQUATE,9.184466016031722e-06,9.184466016031722e-06,4.592233008015861e-06,False,RANGE/STEP APPEARS ADEQUATE
ResNet18_CIFAR10_Inference,inference,biases,layer1.1.bn1.bias,-0.6483235955238342,0.1238884553313255,0.6483235955238342,0.0032653957605361,0.0,6.105005741119385e-05,198.54365077554795,True,RANGE ADEQUATE,True,RANGE ADEQUATE,True,RANGE ADEQUATE,0.005104910200975072,0.005104910200975072,0.002552455100487536,False,RANGE/STEP APPEARS ADEQUATE,1.9785869793506704e-05,1.9785869793506704e-05,9.892934896753352e-06,False,RANGE/STEP APPEARS ADEQUATE
ResNet18_CIFAR10_Inference,inference,biases,layer1.1.bn2.bias,-0.5055671334266663,0.0986222699284553,0.5055671334266663,0.0016464260406792,0.0,4.9933791160583496e-05,307.0694467503106,True,RANGE ADEQUATE,True,RANGE ADEQUATE,True,RANGE ADEQUATE,0.003980843570288711,0.003980843570288711,0.0019904217851443554,True,SMALL VALUES MAY BE LOST,1.542915535223445e-05,1.542915535223445e-05,7.714577676117226e-06,False,RANGE/STEP APPEARS ADEQUATE
ResNet18_CIFAR10_Inference,inference,biases,layer2.0.bn1.bias,-0.5484338402748108,0.0022177849896252,0.5484338402748108,0.0022177849896252,0.0,6.717443466186523e-05,247.28900359610367,True,RANGE ADEQUATE,True,RANGE ADEQUATE,True,RANGE ADEQUATE,0.004318376695077251,0.004318376695077251,0.0021591883475386253,False,RANGE/STEP APPEARS ADEQUATE,1.6737383351384344e-05,1.6737383351384344e-05,8.368691675692172e-06,False,RANGE/STEP APPEARS ADEQUATE
ResNet18_CIFAR10_Inference,inference,biases,layer2.0.bn2.bias,-0.340507835149765,-0.0170920901000499,0.340507835149765,0.0170920901000499,0.0,1.6391277313232422e-06,19.92195414115977,True,RANGE ADEQUATE,True,RANGE ADEQUATE,True,RANGE ADEQUATE,0.0026811640562973624,0.0026811640562973624,0.0013405820281486812,False,RANGE/STEP APPEARS ADEQUATE,1.0391791593669394e-05,1.0391791593669394e-05,5.195895796834697e-06,False,RANGE/STEP APPEARS ADEQUATE
ResNet18_CIFAR10_Inference,inference,biases,layer2.0.downsample.1.bias,-0.340507835149765,-0.0170920901000499,0.340507835149765,0.0170920901000499,0.0,1.6391277313232422e-06,19.92195414115977,True,RANGE ADEQUATE,True,RANGE ADEQUATE,True,RANGE ADEQUATE,0.0026811640562973624,0.0026811640562973624,0.0013405820281486812,False,RANGE/STEP APPEARS ADEQUATE,1.0391791593669394e-05,1.0391791593669394e-05,5.195895796834697e-06,False,RANGE/STEP APPEARS ADEQUATE
ResNet18_CIFAR10_Inference,inference,biases,layer2.1.bn1.bias,-0.4880445003509521,-0.0923094600439071,0.4880445003509521,0.0923094600439071,0.0,1.7911195755004883e-05,5.287047504327435,True,RANGE ADEQUATE,True,RANGE ADEQUATE,True,RANGE ADEQUATE,0.00384287008150356,0.00384287008150356,0.00192143504075178,False,RANGE/STEP APPEARS ADEQUATE,1.4894390708668847e-05,1.4894390708668847e-05,7.447195354334423e-06,False,RANGE/STEP APPEARS ADEQUATE
ResNet18_CIFAR10_Inference,inference,biases,layer2.1.bn2.bias,-0.4558880925178528,-0.0764889046549797,0.4558880925178528,0.0764889046549797,0.0,6.556510925292969e-06,5.960185919438092,True,RANGE ADEQUATE,True,RANGE ADEQUATE,True,RANGE ADEQUATE,0.0035896700198256126,0.0035896700198256126,0.0017948350099128063,False,RANGE/STEP APPEARS ADEQUATE,1.3913025071500374e-05,1.3913025071500374e-05,6.956512535750187e-06,False,RANGE/STEP APPEARS ADEQUATE
ResNet18_CIFAR10_Inference,inference,biases,layer3.0.bn1.bias,-0.4916295707225799,-0.0743161886930465,0.4916295707225799,0.0743161886930465,0.0,2.831220626831055e-07,6.615376533277196,True,RANGE ADEQUATE,True,RANGE ADEQUATE,True,RANGE ADEQUATE,0.0038710989820675583,0.0038710989820675583,0.0019355494910337791,False,RANGE/STEP APPEARS ADEQUATE,1.5003801712777486e-05,1.5003801712777486e-05,7.501900856388743e-06,False,RANGE/STEP APPEARS ADEQUATE
ResNet18_CIFAR10_Inference,inference,biases,layer3.0.bn2.bias,-0.1588281244039535,0.1399153172969818,0.1588281244039535,0.0002186672063544,0.0,6.556510925292969e-07,726.3463372122492,True,RANGE ADEQUATE,True,RANGE ADEQUATE,True,RANGE ADEQUATE,0.0012506151527870355,0.0012506151527870355,0.0006253075763935177,True,SMALL VALUES MAY BE LOST,4.847197619676916e-06,4.847197619676916e-06,2.423598809838458e-06,False,RANGE/STEP APPEARS ADEQUATE
ResNet18_CIFAR10_Inference,inference,biases,layer3.0.downsample.1.bias,-0.1588281244039535,0.1399153172969818,0.1588281244039535,0.0002186672063544,0.0,6.556510925292969e-07,726.3463372122492,True,RANGE ADEQUATE,True,RANGE ADEQUATE,True,RANGE ADEQUATE,0.0012506151527870355,0.0012506151527870355,0.0006253075763935177,True,SMALL VALUES MAY BE LOST,4.847197619676916e-06,4.847197619676916e-06,2.423598809838458e-06,False,RANGE/STEP APPEARS ADEQUATE
ResNet18_CIFAR10_Inference,inference,biases,layer3.1.bn1.bias,-0.0242461692541837,0.0090662678703665,0.0242461692541837,2.0576437236741185e-05,0.0,2.8725480660796165e-08,1178.3463276572418,True,RANGE ADEQUATE,True,RANGE ADEQUATE,True,RANGE ADEQUATE,0.00019091471853687953,0.00019091471853687953,9.545735926843976e-05,True,SMALL VALUES MAY BE LOST,7.39956946140437e-07,7.39956946140437e-07,3.699784730702185e-07,False,RANGE/STEP APPEARS ADEQUATE
ResNet18_CIFAR10_Inference,inference,biases,layer3.1.bn2.bias,-0.1311094611883163,0.0241618547588586,0.1311094611883163,9.121352923102676e-05,0.0,1.2312084436416626e-06,1437.39050877245,True,RANGE ADEQUATE,True,RANGE ADEQUATE,True,RANGE ADEQUATE,0.0010323579621127268,0.0010323579621127268,0.0005161789810563634,True,SMALL VALUES MAY BE LOST,4.001265333668517e-06,4.001265333668517e-06,2.0006326668342585e-06,False,RANGE/STEP APPEARS ADEQUATE
ResNet18_CIFAR10_Inference,inference,biases,layer4.0.bn1.bias,-0.1088272631168365,0.1019645109772682,0.1088272631168365,2.1642656065523624e-05,0.0,2.0116567611694339e-07,5028.369105314964,True,RANGE ADEQUATE,True,RANGE ADEQUATE,True,RANGE ADEQUATE,0.0008569075835971378,0.0008569075835971378,0.0004284537917985689,True,SMALL VALUES MAY BE LOST,3.3212458606780147e-06,3.3212458606780147e-06,1.6606229303390074e-06,False,RANGE/STEP APPEARS ADEQUATE
ResNet18_CIFAR10_Inference,inference,biases,layer4.0.bn2.bias,-0.0590233467519283,0.1429601311683654,0.1429601311683654,0.0001616426452528,0.0,1.2386590242385864e-07,884.4208837635872,True,RANGE ADEQUATE,True,RANGE ADEQUATE,True,RANGE ADEQUATE,0.0011256703241603575,0.0011256703241603575,0.0005628351620801787,True,SMALL VALUES MAY BE LOST,4.3629301177515605e-06,4.3629301177515605e-06,2.1814650588757803e-06,False,RANGE/STEP APPEARS ADEQUATE
ResNet18_CIFAR10_Inference,inference,biases,layer4.0.downsample.1.bias,-0.0590233467519283,0.1429601311683654,0.1429601311683654,0.0001616426452528,0.0,1.2386590242385864e-07,884.4208837635872,True,RANGE ADEQUATE,True,RANGE ADEQUATE,True,RANGE ADEQUATE,0.0011256703241603575,0.0011256703241603575,0.0005628351620801787,True,SMALL VALUES MAY BE LOST,4.3629301177515605e-06,4.3629301177515605e-06,2.1814650588757803e-06,False,RANGE/STEP APPEARS ADEQUATE
ResNet18_CIFAR10_Inference,inference,biases,layer4.1.bn1.bias,-0.0036954225506633,0.0016195031348615,0.0036954225506633,6.38538313069148e-06,0.0,4.627509042620659e-09,578.7315302822117,True,RANGE ADEQUATE,True,RANGE ADEQUATE,True,RANGE ADEQUATE,2.9097815359553542e-05,2.9097815359553542e-05,1.4548907679776771e-05,True,SMALL VALUES MAY BE LOST,1.1277878813023164e-07,1.1277878813023164e-07,5.638939406511582e-08,False,RANGE/STEP APPEARS ADEQUATE
ResNet18_CIFAR10_Inference,inference,biases,layer4.1.bn2.bias,-0.0790156424045562,0.0038855769671499,0.0790156424045562,1.6509875422343612e-06,0.0,2.421438694000244e-08,47859.623639328325,True,RANGE ADEQUATE,True,RANGE ADEQUATE,True,RANGE ADEQUATE,0.0006221704126343009,0.0006221704126343009,0.00031108520631715044,True,SMALL VALUES MAY BE LOST,2.411439631475454e-06,2.411439631475454e-06,1.205719815737727e-06,False,RANGE/STEP APPEARS ADEQUATE
ResNet18_CIFAR10_Inference,inference,inputs,network_input,-1.9894737005233765,2.12648868560791,2.12648868560791,0.0006281130481511,0.0,5.5283308029174805e-06,3385.519042897447,True,RANGE ADEQUATE,True,RANGE ADEQUATE,True,RANGE ADEQUATE,0.016744005398487482,0.016744005398487482,0.008372002699243741,True,SMALL VALUES MAY BE LOST,6.489726510232582e-05,6.489726510232582e-05,3.244863255116291e-05,False,RANGE/STEP APPEARS ADEQUATE
ResNet18_CIFAR10_Inference,inference,logits,output_logits,-7.927172660827637,18.029117584228516,18.029117584228516,8.853524923324585e-05,0.0,2.9802322387695312e-08,203637.73457881008,True,RANGE ADEQUATE,True,RANGE ADEQUATE,True,RANGE ADEQUATE,0.14196155578132688,0.14196155578132688,0.07098077789066344,True,SMALL VALUES MAY BE LOST,0.0005502217958381455,0.0005502217958381455,0.00027511089791907277,True,SMALL VALUES MAY BE LOST
ResNet18_CIFAR10_Inference,inference,weights,bn1.weight,-6.263624527491629e-05,1.3150829076766968,1.3150829076766968,6.263624527491629e-05,0.0,2.891523763537407e-06,20995.55779412824,True,RANGE ADEQUATE,True,RANGE ADEQUATE,True,RANGE ADEQUATE,0.01035498352501336,0.01035498352501336,0.00517749176250668,True,SMALL VALUES MAY BE LOST,4.013437017965321e-05,4.013437017965321e-05,2.0067185089826606e-05,False,RANGE/STEP APPEARS ADEQUATE
ResNet18_CIFAR10_Inference,inference,weights,conv1.weight,-1.037628173828125,0.9103665947914124,1.037628173828125,1.422087336777622e-07,0.0,6.548361852765082e-10,7296515.108413368,True,RANGE ADEQUATE,True,RANGE ADEQUATE,True,RANGE ADEQUATE,0.008170300581323819,0.008170300581323819,0.0040851502906619095,True,SMALL VALUES MAY BE LOST,3.1666865255535296e-05,3.1666865255535296e-05,1.5833432627767648e-05,True,SMALL VALUES MAY BE LOST
ResNet18_CIFAR10_Inference,inference,weights,fc.weight,-0.3874416053295135,0.4778254926204681,0.4778254926204681,1.9729555788217112e-05,0.0,3.725290298461914e-09,24218.765883509404,True,RANGE ADEQUATE,True,RANGE ADEQUATE,True,RANGE ADEQUATE,0.003762405453704473,0.003762405453704473,0.0018812027268522366,True,SMALL VALUES MAY BE LOST,1.4582521824410781e-05,1.4582521824410781e-05,7.291260912205391e-06,False,RANGE/STEP APPEARS ADEQUATE
ResNet18_CIFAR10_Inference,inference,weights,layer1.0.bn1.weight,0.0453146807849407,0.4784142971038818,0.4784142971038818,0.0453146807849407,0.0,4.121661186218262e-05,10.557600513052094,True,RANGE ADEQUATE,True,RANGE ADEQUATE,True,RANGE ADEQUATE,0.003767041709479384,0.003767041709479384,0.001883520854739692,False,RANGE/STEP APPEARS ADEQUATE,1.4600491259617352e-05,1.4600491259617352e-05,7.300245629808676e-06,False,RANGE/STEP APPEARS ADEQUATE
ResNet18_CIFAR10_Inference,inference,weights,layer1.0.bn2.weight,-0.3009915053844452,0.5136190056800842,0.5136190056800842,0.041075475513935,0.0,8.64565372467041e-05,12.50427412595229,True,RANGE ADEQUATE,True,RANGE ADEQUATE,True,RANGE ADEQUATE,0.004044244139213261,0.004044244139213261,0.0020221220696066307,False,RANGE/STEP APPEARS ADEQUATE,1.5674886491899906e-05,1.5674886491899906e-05,7.837443245949953e-06,False,RANGE/STEP APPEARS ADEQUATE
ResNet18_CIFAR10_Inference,inference,weights,layer1.0.conv1.weight,-0.2815601229667663,0.2256875336170196,0.2815601229667663,3.0466303257981053e-08,0.0,7.275957614183426e-12,9241689.764018478,True,RANGE ADEQUATE,True,RANGE ADEQUATE,True,RANGE ADEQUATE,0.0022170088422580024,0.0022170088422580024,0.0011085044211290012,True,SMALL VALUES MAY BE LOST,8.592795280824192e-06,8.592795280824192e-06,4.296397640412096e-06,True,SMALL VALUES MAY BE LOST
ResNet18_CIFAR10_Inference,inference,weights,layer1.0.conv2.weight,-0.2465009242296219,0.1773475706577301,0.2465009242296219,2.9698458092752844e-07,0.0,1.7462298274040222e-10,830012.5328384446,True,RANGE ADEQUATE,True,RANGE ADEQUATE,True,RANGE ADEQUATE,0.0019409521592883613,0.0019409521592883613,0.0009704760796441806,True,SMALL VALUES MAY BE LOST,7.5228407919437815e-06,7.5228407919437815e-06,3.7614203959718908e-06,True,SMALL VALUES MAY BE LOST
ResNet18_CIFAR10_Inference,inference,weights,layer1.1.bn1.weight,0.1126346811652183,0.6032508611679077,0.6032508611679077,0.1126346811652183,0.0,3.090500831604004e-05,5.355818074213115,True,RANGE ADEQUATE,True,RANGE ADEQUATE,True,RANGE ADEQUATE,0.004750006780849667,0.004750006780849667,0.0023750033904248336,False,RANGE/STEP APPEARS ADEQUATE,1.8410317122956257e-05,1.8410317122956257e-05,9.205158561478128e-06,False,RANGE/STEP APPEARS ADEQUATE
ResNet18_CIFAR10_Inference,inference,weights,layer1.1.bn2.weight,-0.1431786566972732,0.474494457244873,0.474494457244873,0.001093313563615,0.0,3.8042664527893066e-05,433.996680399697,True,RANGE ADEQUATE,True,RANGE ADEQUATE,True,RANGE ADEQUATE,0.0037361768286997875,0.0037361768286997875,0.0018680884143498938,True,SMALL VALUES MAY BE LOST,1.4480863589735801e-05,1.4480863589735801e-05,7.2404317948679005e-06,False,RANGE/STEP APPEARS ADEQUATE
ResNet18_CIFAR10_Inference,inference,weights,layer1.1.conv1.weight,-0.3554008901119232,0.4597186148166656,0.4597186148166656,4.2257124732714146e-07,0.0,2.3283064365386963e-10,1087907.9391333167,True,RANGE ADEQUATE,True,RANGE ADEQUATE,True,RANGE ADEQUATE,0.0036198316127296504,0.0036198316127296504,0.0018099158063648252,True,SMALL VALUES MAY BE LOST,1.4029926902574712e-05,1.4029926902574712e-05,7.014963451287356e-06,True,SMALL VALUES MAY BE LOST
ResNet18_CIFAR10_Inference,inference,weights,layer1.1.conv2.weight,-0.3425581455230713,0.2404310405254364,0.3425581455230713,5.301699275150895e-07,0.0,6.984919309616089e-10,646128.9630829194,True,RANGE ADEQUATE,True,RANGE ADEQUATE,True,RANGE ADEQUATE,0.002697308232465128,0.002697308232465128,0.001348654116232564,True,SMALL VALUES MAY BE LOST,1.0454364010225876e-05,1.0454364010225876e-05,5.227182005112938e-06,True,SMALL VALUES MAY BE LOST
ResNet18_CIFAR10_Inference,inference,weights,layer2.0.bn1.weight,0.2329431027173996,0.7015812397003174,0.7015812397003174,0.2329431027173996,0.0,3.904104232788086e-06,3.0118137498643054,True,RANGE ADEQUATE,True,RANGE ADEQUATE,True,RANGE ADEQUATE,0.0055242617299237585,0.0055242617299237585,0.0027621308649618793,False,RANGE/STEP APPEARS ADEQUATE,2.1411213711975995e-05,2.1411213711975995e-05,1.0705606855987997e-05,False,RANGE/STEP APPEARS ADEQUATE
ResNet18_CIFAR10_Inference,inference,weights,layer2.0.bn2.weight,0.2148648351430893,0.7626930475234985,0.7626930475234985,0.2148648351430893,0.0,7.808208465576172e-06,3.54964108955094,True,RANGE ADEQUATE,True,RANGE ADEQUATE,True,RANGE ADEQUATE,0.006005457067114162,0.006005457067114162,0.003002728533557081,False,RANGE/STEP APPEARS ADEQUATE,2.3276254998123066e-05,2.3276254998123066e-05,1.1638127499061533e-05,False,RANGE/STEP APPEARS ADEQUATE
ResNet18_CIFAR10_Inference,inference,weights,layer2.0.conv1.weight,-0.3744234442710876,0.5364503860473633,0.5364503860473633,1.322896423516795e-07,0.0,4.656612873077393e-10,4055120.0873403274,True,RANGE ADEQUATE,True,RANGE ADEQUATE,True,RANGE ADEQUATE,0.004224018787774514,0.004224018787774514,0.002112009393887257,True,SMALL VALUES MAY BE LOST,1.6371666189988807e-05,1.6371666189988807e-05,8.185833094994404e-06,True,SMALL VALUES MAY BE LOST
ResNet18_CIFAR10_Inference,inference,weights,layer2.0.conv2.weight,-0.2730034291744232,0.4597834646701813,0.4597834646701813,4.9709342420101166e-08,0.0,1.1641532182693479e-10,9249437.676814988,True,RANGE ADEQUATE,True,RANGE ADEQUATE,True,RANGE ADEQUATE,0.0036203422414974903,0.0036203422414974903,0.0018101711207487452,True,SMALL VALUES MAY BE LOST,1.4031906023443748e-05,1.4031906023443748e-05,7.015953011721874e-06,True,SMALL VALUES MAY BE LOST
ResNet18_CIFAR10_Inference,inference,weights,layer2.0.downsample.0.weight,-0.4656069576740265,0.7109556198120117,0.7109556198120117,6.673316966043785e-05,0.0,7.450580596923828e-09,10653.706746279358,True,RANGE ADEQUATE,True,RANGE ADEQUATE,True,RANGE ADEQUATE,0.005598075746551273,0.005598075746551273,0.0027990378732756366,True,SMALL VALUES MAY BE LOST,2.1697305820246337e-05,2.1697305820246337e-05,1.0848652910123168e-05,False,RANGE/STEP APPEARS ADEQUATE
ResNet18_CIFAR10_Inference,inference,weights,layer2.0.downsample.1.weight,0.0961042642593383,0.7628185153007507,0.7628185153007507,0.0961042642593383,0.0,3.3974647521972656e-06,7.937405495788173,True,RANGE ADEQUATE,True,RANGE ADEQUATE,True,RANGE ADEQUATE,0.006006445002368116,0.006006445002368116,0.003003222501184058,False,RANGE/STEP APPEARS ADEQUATE,2.328008408767207e-05,2.328008408767207e-05,1.1640042043836036e-05,False,RANGE/STEP APPEARS ADEQUATE
ResNet18_CIFAR10_Inference,inference,weights,layer2.1.bn1.weight,0.1197305843234062,0.5149416327476501,0.5149416327476501,0.1197305843234062,0.0,8.255243301391602e-06,4.300836212046982,True,RANGE ADEQUATE,True,RANGE ADEQUATE,True,RANGE ADEQUATE,0.004054658525572049,0.004054658525572049,0.0020273292627860243,False,RANGE/STEP APPEARS ADEQUATE,1.5715251098594626e-05,1.5715251098594626e-05,7.857625549297313e-06,False,RANGE/STEP APPEARS ADEQUATE
ResNet18_CIFAR10_Inference,inference,weights,layer2.1.bn2.weight,-0.0089858658611774,0.4575987756252289,0.4575987756252289,0.0089858658611774,0.0,2.6106834411621097e-05,50.92428294553583,True,RANGE ADEQUATE,True,RANGE ADEQUATE,True,RANGE ADEQUATE,0.0036031399655529835,0.0036031399655529835,0.0018015699827764917,False,RANGE/STEP APPEARS ADEQUATE,1.3965232570123261e-05,1.3965232570123261e-05,6.9826162850616305e-06,False,RANGE/STEP APPEARS ADEQUATE
ResNet18_CIFAR10_Inference,inference,weights,layer2.1.conv1.weight,-0.1782254427671432,0.3276528120040893,0.3276528120040893,5.48316165804863e-08,0.0,5.820766091346741e-11,5975618.309978767,True,RANGE ADEQUATE,True,RANGE ADEQUATE,True,RANGE ADEQUATE,0.0025799434016070023,0.0025799434016070023,0.0012899717008035012,True,SMALL VALUES MAY BE LOST,9.999475447983926e-06,9.999475447983926e-06,4.999737723991963e-06,True,SMALL VALUES MAY BE LOST
ResNet18_CIFAR10_Inference,inference,weights,layer2.1.conv2.weight,-0.1879166066646576,0.2903478741645813,0.2903478741645813,2.3862594389356673e-07,0.0,1.091393642127514e-11,1216748.981385209,True,RANGE ADEQUATE,True,RANGE ADEQUATE,True,RANGE ADEQUATE,0.0022862037335793805,0.0022862037335793805,0.0011431018667896903,True,SMALL VALUES MAY BE LOST,8.860984349027415e-06,8.860984349027415e-06,4.430492174513708e-06,True,SMALL VALUES MAY BE LOST
ResNet18_CIFAR10_Inference,inference,weights,layer3.0.bn1.weight,0.1742135733366012,0.5848353505134583,0.5848353505134583,0.1742135733366012,0.0,1.6689300537109375e-06,3.3570022089122027,True,RANGE ADEQUATE,True,RANGE ADEQUATE,True,RANGE ADEQUATE,0.00460500275994849,0.00460500275994849,0.002302501379974245,False,RANGE/STEP APPEARS ADEQUATE,1.7848303186543114e-05,1.7848303186543114e-05,8.924151593271557e-06,False,RANGE/STEP APPEARS ADEQUATE
ResNet18_CIFAR10_Inference,inference,weights,layer3.0.bn2.weight,0.0508910529315471,0.3899572789669037,0.3899572789669037,0.0508910529315471,0.0,5.692243576049805e-06,7.662590111692721,True,RANGE ADEQUATE,True,RANGE ADEQUATE,True,RANGE ADEQUATE,0.003070529755644911,0.003070529755644911,0.0015352648778224555,False,RANGE/STEP APPEARS ADEQUATE,1.190091491338553e-05,1.190091491338553e-05,5.950457456692765e-06,False,RANGE/STEP APPEARS ADEQUATE
ResNet18_CIFAR10_Inference,inference,weights,layer3.0.conv1.weight,-0.2110018730163574,0.3502865135669708,0.3502865135669708,5.0960807129740715e-08,0.0,1.1641532182693479e-10,6873645.322672758,True,RANGE ADEQUATE,True,RANGE ADEQUATE,True,RANGE ADEQUATE,0.0027581615241493765,0.0027581615241493765,0.0013790807620746883,True,SMALL VALUES MAY BE LOST,1.0690222283607618e-05,1.0690222283607618e-05,5.345111141803809e-06,True,SMALL VALUES MAY BE LOST
ResNet18_CIFAR10_Inference,inference,weights,layer3.0.conv2.weight,-0.2031756490468979,0.2496335059404373,0.2496335059404373,1.4266333892010152e-08,0.0,1.4551915228366852e-11,17498083.798546474,True,RANGE ADEQUATE,True,RANGE ADEQUATE,True,RANGE ADEQUATE,0.0019656181570113173,0.0019656181570113173,0.0009828090785056586,True,SMALL VALUES MAY BE LOST,7.618442516569637e-06,7.618442516569637e-06,3.8092212582848183e-06,True,SMALL VALUES MAY BE LOST
ResNet18_CIFAR10_Inference,inference,weights,layer3.0.downsample.0.weight,-0.2468661516904831,0.2400252074003219,0.2468661516904831,1.3492826838046312e-06,0.0,2.037268131971359e-10,182961.03155669637,True,RANGE ADEQUATE,True,RANGE ADEQUATE,True,RANGE ADEQUATE,0.001943827966066796,0.001943827966066796,0.000971913983033398,True,SMALL VALUES MAY BE LOST,7.533986989668968e-06,7.533986989668968e-06,3.766993494834484e-06,True,SMALL VALUES MAY BE LOST
ResNet18_CIFAR10_Inference,inference,weights,layer3.0.downsample.1.weight,-0.0718762055039405,0.363884299993515,0.363884299993515,0.0012734254123643,0.0,1.0889023542404176e-05,285.75234674947376,True,RANGE ADEQUATE,True,RANGE ADEQUATE,True,RANGE ADEQUATE,0.0028652307086103543,0.0028652307086103543,0.0014326153543051771,True,SMALL VALUES MAY BE LOST,1.1105206457518693e-05,1.1105206457518693e-05,5.552603228759347e-06,False,RANGE/STEP APPEARS ADEQUATE
ResNet18_CIFAR10_Inference,inference,weights,layer3.1.bn1.weight,-0.000850306591019,0.0118797365576028,0.0118797365576028,0.0001330367958871,0.0,1.7741695046424868e-07,89.29662262525017,True,RANGE ADEQUATE,True,RANGE ADEQUATE,True,RANGE ADEQUATE,9.354123273702993e-05,9.354123273702993e-05,4.6770616368514965e-05,False,RANGE/STEP APPEARS ADEQUATE,3.6255185270555136e-07,3.6255185270555136e-07,1.8127592635277568e-07,False,RANGE/STEP APPEARS ADEQUATE
ResNet18_CIFAR10_Inference,inference,weights,layer3.1.bn2.weight,-0.0055783307179808,0.1203725263476371,0.1203725263476371,5.8194927987642586e-08,0.0,1.3278622645884752e-07,2068436.726533928,True,RANGE ADEQUATE,True,RANGE ADEQUATE,True,RANGE ADEQUATE,0.0009478151680916306,0.0009478151680916306,0.0004739075840458153,True,SMALL VALUES MAY BE LOST,3.6735900859900843e-06,3.6735900859900843e-06,1.8367950429950422e-06,True,SMALL VALUES MAY BE LOST
ResNet18_CIFAR10_Inference,inference,weights,layer3.1.conv1.weight,-0.0085779288783669,0.0127694439142942,0.0127694439142942,6.318714440567419e-10,0.0,3.979039320256561e-13,20208927.044260457,True,RANGE ADEQUATE,True,RANGE ADEQUATE,True,RANGE ADEQUATE,0.00010054680247475747,0.00010054680247475747,5.0273401237378735e-05,True,SMALL VALUES MAY BE LOST,3.897043951016022e-07,3.897043951016022e-07,1.948521975508011e-07,True,SMALL VALUES MAY BE LOST
ResNet18_CIFAR10_Inference,inference,weights,layer3.1.conv2.weight,-0.0163905173540115,0.0097167985513806,0.0163905173540115,2.6429347599332687e-10,0.0,2.273736754432321e-13,62016352.43703611,True,RANGE ADEQUATE,True,RANGE ADEQUATE,True,RANGE ADEQUATE,0.00012905919176387008,0.00012905919176387008,6.452959588193504e-05,True,SMALL VALUES MAY BE LOST,5.002141591848964e-07,5.002141591848964e-07,2.501070795924482e-07,True,SMALL VALUES MAY BE LOST
ResNet18_CIFAR10_Inference,inference,weights,layer4.0.bn1.weight,0.0068556442856788,0.2573691010475158,0.2573691010475158,0.0068556442856788,0.0,6.258487701416016e-07,37.54119821898444,True,RANGE ADEQUATE,True,RANGE ADEQUATE,True,RANGE ADEQUATE,0.002026528354704849,0.002026528354704849,0.0010132641773524245,False,RANGE/STEP APPEARS ADEQUATE,7.85452134914749e-06,7.85452134914749e-06,3.927260674573745e-06,False,RANGE/STEP APPEARS ADEQUATE
ResNet18_CIFAR10_Inference,inference,weights,layer4.0.bn2.weight,0.0019130177097395,0.5339034795761108,0.5339034795761108,0.0019130177097395,0.0,2.3655593395233154e-07,279.0896690908385,True,RANGE ADEQUATE,True,RANGE ADEQUATE,True,RANGE ADEQUATE,0.004203964406111109,0.004203964406111109,0.0021019822030555546,True,SMALL VALUES MAY BE LOST,1.6293938400711413e-05,1.6293938400711413e-05,8.146969200355707e-06,False,RANGE/STEP APPEARS ADEQUATE
ResNet18_CIFAR10_Inference,inference,weights,layer4.0.conv1.weight,-0.0979138985276222,0.1378172188997268,0.1378172188997268,3.38278183242835e-10,0.0,1.1368683772161605e-13,407407943.30444276,True,RANGE ADEQUATE,True,RANGE ADEQUATE,True,RANGE ADEQUATE,0.001085174951966353,0.001085174951966353,0.0005425874759831765,True,SMALL VALUES MAY BE LOST,4.205976100946892e-06,4.205976100946892e-06,2.102988050473446e-06,True,SMALL VALUES MAY BE LOST
ResNet18_CIFAR10_Inference,inference,weights,layer4.0.conv2.weight,-0.0842481032013893,0.1621730029582977,0.1621730029582977,6.971784954901139e-11,0.0,4.618527782440651e-14,2326133178.337503,True,RANGE ADEQUATE,True,RANGE ADEQUATE,True,RANGE ADEQUATE,0.0012769527791991946,0.0012769527791991946,0.0006384763895995973,True,SMALL VALUES MAY BE LOST,4.949278327533729e-06,4.949278327533729e-06,2.4746391637668645e-06,True,SMALL VALUES MAY BE LOST
ResNet18_CIFAR10_Inference,inference,weights,layer4.0.downsample.0.weight,-0.1540061980485916,0.2535402774810791,0.2535402774810791,2.1784671844216064e-08,0.0,2.9103830456733704e-11,11638471.274397245,True,RANGE ADEQUATE,True,RANGE ADEQUATE,True,RANGE ADEQUATE,0.0019963801376462922,0.0019963801376462922,0.0009981900688231461,True,SMALL VALUES MAY BE LOST,7.73767136085327e-06,7.73767136085327e-06,3.868835680426635e-06,True,SMALL VALUES MAY BE LOST
ResNet18_CIFAR10_Inference,inference,weights,layer4.0.downsample.1.weight,-0.0031852205283939,0.545063853263855,0.545063853263855,0.0007931526051834,0.0,5.960464477539064e-08,687.2118299829833,True,RANGE ADEQUATE,True,RANGE ADEQUATE,True,RANGE ADEQUATE,0.004291841364282322,0.004291841364282322,0.002145920682141161,True,SMALL VALUES MAY BE LOST,1.6634536370856503e-05,1.6634536370856503e-05,8.317268185428251e-06,False,RANGE/STEP APPEARS ADEQUATE
ResNet18_CIFAR10_Inference,inference,weights,layer4.1.bn1.weight,0.0006677386118099,0.0078598605468869,0.0078598605468869,0.0006677386118099,0.0,2.8172507882118225e-08,11.770864239201044,True,RANGE ADEQUATE,True,RANGE ADEQUATE,True,RANGE ADEQUATE,6.18886657235189e-05,6.18886657235189e-05,3.094433286175945e-05,False,RANGE/STEP APPEARS ADEQUATE,2.398712285801843e-07,2.398712285801843e-07,1.1993561429009216e-07,False,RANGE/STEP APPEARS ADEQUATE
ResNet18_CIFAR10_Inference,inference,weights,layer4.1.bn2.weight,-0.0026568290777504,0.0190147161483764,0.0190147161483764,4.862313289777376e-07,0.0,3.4924596548080444e-10,39106.3163049434,True,RANGE ADEQUATE,True,RANGE ADEQUATE,True,RANGE ADEQUATE,0.00014972217439666456,0.00014972217439666456,7.486108719833228e-05,True,SMALL VALUES MAY BE LOST,5.80300794957622e-07,5.80300794957622e-07,2.90150397478811e-07,False,RANGE/STEP APPEARS ADEQUATE
ResNet18_CIFAR10_Inference,inference,weights,layer4.1.conv1.weight,-0.0028411897365003,0.0021746489219367,0.0028411897365003,7.802779256049774e-12,8.477105034722222e-05,2.8421709430404014e-14,364125351.142982,True,RANGE ADEQUATE,True,RANGE ADEQUATE,True,RANGE ADEQUATE,2.237157272834882e-05,2.237157272834882e-05,1.118578636417441e-05,True,SMALL VALUES MAY BE LOST,8.670887589649038e-08,8.670887589649038e-08,4.335443794824519e-08,True,SMALL VALUES MAY BE LOST
ResNet18_CIFAR10_Inference,inference,weights,layer4.1.conv2.weight,-0.0031581372022628,0.0040689622983336,0.0040689622983336,2.1595829291509716e-11,0.0,1.4210854715202004e-14,188414264.7827509,True,RANGE ADEQUATE,True,RANGE ADEQUATE,True,RANGE ADEQUATE,3.203907321522519e-05,3.203907321522519e-05,1.6019536607612596e-05,True,SMALL VALUES MAY BE LOST,1.2417866445916927e-07,1.2417866445916927e-07,6.208933222958464e-08,True,SMALL VALUES MAY BE LOST
ResNet18_CIFAR10_Training,beginning,activations,avgpool,0.0,7.698513031005859,7.698513031005859,2.7567148208618164e-06,73.79666666666667,1.4901161193847656e-08,2792640.345945946,True,RANGE ADEQUATE,True,RANGE ADEQUATE,True,RANGE ADEQUATE,0.06061821284256582,0.06061821284256582,0.03030910642128291,True,SMALL VALUES MAY BE LOST,0.00023494714288784018,0.00023494714288784018,0.00011747357144392009,True,SMALL VALUES MAY BE LOST
ResNet18_CIFAR10_Training,beginning,activations,bn1,-10.032445907592772,8.285656929016113,10.032445907592772,9.962916374206544e-05,0.0,7.450580596923828e-09,100697.88333831885,True,RANGE ADEQUATE,True,RANGE ADEQUATE,True,RANGE ADEQUATE,0.07899563706765962,0.07899563706765962,0.03949781853382981,True,SMALL VALUES MAY BE LOST,0.0003061752954982993,0.0003061752954982993,0.00015308764774914964,True,SMALL VALUES MAY BE LOST
ResNet18_CIFAR10_Training,beginning,activations,conv1,-70.94062805175781,57.99160385131836,70.94062805175781,7.507402187911794e-05,0.0,2.384185791015625e-07,944942.4218404657,True,RANGE ADEQUATE,True,RANGE ADEQUATE,True,RANGE ADEQUATE,0.5585876224547859,0.5585876224547859,0.27929381122739294,True,SMALL VALUES MAY BE LOST,0.002165002229430763,0.002165002229430763,0.0010825011147153815,True,SMALL VALUES MAY BE LOST
ResNet18_CIFAR10_Training,beginning,activations,fc,-3.880298852920532,4.835588455200195,4.835588455200195,0.0017183609306812,0.0,1.4156103134155273e-07,2814.070297375331,True,RANGE ADEQUATE,True,RANGE ADEQUATE,True,RANGE ADEQUATE,0.03807549964724563,0.03807549964724563,0.019037749823622815,True,SMALL VALUES MAY BE LOST,0.0001475749520920498,0.0001475749520920498,7.37874760460249e-05,False,RANGE/STEP APPEARS ADEQUATE
ResNet18_CIFAR10_Training,beginning,activations,layer1.0.bn1,-3.288731813430786,5.420373916625977,5.420373916625977,5.077570676803589e-06,0.0,2.9802322387695312e-08,1067513.2384446075,True,RANGE ADEQUATE,True,RANGE ADEQUATE,True,RANGE ADEQUATE,0.042680109579732096,0.042680109579732096,0.021340054789866048,True,SMALL VALUES MAY BE LOST,0.00016542173273799787,0.00016542173273799787,8.271086636899893e-05,True,SMALL VALUES MAY BE LOST
ResNet18_CIFAR10_Training,beginning,activations,layer1.0.bn2,-3.500171422958374,3.465883493423462,3.500171422958374,3.295391798019409e-05,0.0,7.450580596923828e-09,106214.12073253447,True,RANGE ADEQUATE,True,RANGE ADEQUATE,True,RANGE ADEQUATE,0.027560404905184046,0.027560404905184046,0.013780202452592023,True,SMALL VALUES MAY BE LOST,0.00010682001473916972,0.00010682001473916972,5.341000736958486e-05,True,SMALL VALUES MAY BE LOST
ResNet18_CIFAR10_Training,beginning,activations,layer1.0.conv1,-54.522212982177734,69.1399154663086,69.1399154663086,2.86102294921875e-06,0.0,3.576278686523438e-07,24166152.0,True,RANGE ADEQUATE,True,RANGE ADEQUATE,True,RANGE ADEQUATE,0.5444087831992802,0.5444087831992802,0.2722043915996401,True,SMALL VALUES MAY BE LOST,0.0021100471653281837,0.0021100471653281837,0.0010550235826640919,True,SMALL VALUES MAY BE LOST
ResNet18_CIFAR10_Training,beginning,activations,layer1.0.conv2,-31.80795669555664,27.967941284179688,31.80795669555664,1.513957977294922e-05,0.0,5.960464477539064e-08,2100980.157480315,True,RANGE ADEQUATE,True,RANGE ADEQUATE,True,RANGE ADEQUATE,0.25045635193351684,0.25045635193351684,0.12522817596675842,True,SMALL VALUES MAY BE LOST,0.0009707314278254536,0.0009707314278254536,0.0004853657139127268,True,SMALL VALUES MAY BE LOST
ResNet18_CIFAR10_Training,beginning,activations,layer1.0.relu,0.0,11.3915376663208,11.3915376663208,1.9788742065429688e-05,25.1,7.450580596923828e-09,575657.4939759036,True,RANGE ADEQUATE,True,RANGE ADEQUATE,True,RANGE ADEQUATE,0.08969714697890395,0.08969714697890395,0.044848573489451975,True,SMALL VALUES MAY BE LOST,0.0003476527502157903,0.0003476527502157903,0.00017382637510789516,True,SMALL VALUES MAY BE LOST
ResNet18_CIFAR10_Training,beginning,activations,layer1.1.bn1,-3.886747121810913,4.076913833618164,4.076913833618164,6.288290023803711e-05,0.0,1.4901161193847656e-08,64833.425592417065,True,RANGE ADEQUATE,True,RANGE ADEQUATE,True,RANGE ADEQUATE,0.03210168372927688,0.03210168372927688,0.01605084186463844,True,SMALL VALUES MAY BE LOST,0.00012442133346409997,0.00012442133346409997,6.221066673204998e-05,False,RANGE/STEP APPEARS ADEQUATE
ResNet18_CIFAR10_Training,beginning,activations,layer1.1.bn2,-3.92781138420105,3.064176321029663,3.92781138420105,4.911795258522034e-06,0.0,1.4901161193847656e-08,799669.1998483124,True,RANGE ADEQUATE,True,RANGE ADEQUATE,True,RANGE ADEQUATE,0.030927648694496455,0.030927648694496455,0.015463824347248228,True,SMALL VALUES MAY BE LOST,0.00011987094894866939,0.00011987094894866939,5.9935474474334694e-05,True,SMALL VALUES MAY BE LOST
ResNet18_CIFAR10_Training,beginning,activations,layer1.1.conv1,-66.14739227294922,39.02665328979492,66.14739227294922,0.0006545186042785,0.0,1.1920928955078125e-07,101062.66168838077,True,RANGE ADEQUATE,True,RANGE ADEQUATE,True,RANGE ADEQUATE,0.5208456084484191,0.5208456084484191,0.26042280422420955,True,SMALL VALUES MAY BE LOST,0.0020187198178945043,0.0020187198178945043,0.0010093599089472521,True,SMALL VALUES MAY BE LOST
ResNet18_CIFAR10_Training,beginning,activations,layer1.1.conv2,-25.633520126342773,20.606019973754883,25.633520126342773,5.745887756347656e-05,0.0,5.960464477539064e-08,446119.40248962655,True,RANGE ADEQUATE,True,RANGE ADEQUATE,True,RANGE ADEQUATE,0.2018387411523053,0.2018387411523053,0.10091937057615265,True,SMALL VALUES MAY BE LOST,0.0007822968268789567,0.0007822968268789567,0.00039114841343947836,True,SMALL VALUES MAY BE LOST
ResNet18_CIFAR10_Training,beginning,activations,layer1.1.relu,0.0,12.031414031982422,12.031414031982422,5.766749382019043e-05,24.823333333333338,2.9802322387695312e-08,208634.2449612403,True,RANGE ADEQUATE,True,RANGE ADEQUATE,True,RANGE ADEQUATE,0.09473554355891671,0.09473554355891671,0.047367771779458355,True,SMALL VALUES MAY BE LOST,0.00036718082314470116,0.00036718082314470116,0.00018359041157235058,True,SMALL VALUES MAY BE LOST
ResNet18_CIFAR10_Training,beginning,activations,layer2.0.bn1,-3.738642930984497,4.297364711761475,4.297364711761475,7.137656211853027e-05,0.0,7.450580596923828e-09,60206.94446764092,True,RANGE ADEQUATE,True,RANGE ADEQUATE,True,RANGE ADEQUATE,0.03383751741544468,0.03383751741544468,0.01691875870772234,True,SMALL VALUES MAY BE LOST,0.0001311491656777085,0.0001311491656777085,6.557458283885425e-05,False,RANGE/STEP APPEARS ADEQUATE
ResNet18_CIFAR10_Training,beginning,activations,layer2.0.bn2,-5.056572437286377,4.868563652038574,5.056572437286377,6.186217069625854e-05,0.0,7.450580596923828e-09,81739.33084427315,True,RANGE ADEQUATE,True,RANGE ADEQUATE,True,RANGE ADEQUATE,0.039815531002254934,0.039815531002254934,0.019907765501127467,True,SMALL VALUES MAY BE LOST,0.0001543190538433905,0.0001543190538433905,7.715952692169525e-05,True,SMALL VALUES MAY BE LOST
ResNet18_CIFAR10_Training,beginning,activations,layer2.0.conv1,-45.32981491088867,28.81529998779297,45.32981491088867,5.445054739539046e-06,0.0,5.960464477539064e-08,8324951.185839886,True,RANGE ADEQUATE,True,RANGE ADEQUATE,True,RANGE ADEQUATE,0.35692767646369034,0.35692767646369034,0.17846383823184517,True,SMALL VALUES MAY BE LOST,0.0013833983859031548,0.0013833983859031548,0.0006916991929515774,True,SMALL VALUES MAY BE LOST
ResNet18_CIFAR10_Training,beginning,activations,layer2.0.conv2,-25.532146453857425,16.10163688659668,25.532146453857425,7.716752588748932e-05,0.0,2.9802322387695312e-08,330866.46436071355,True,RANGE ADEQUATE,True,RANGE ADEQUATE,True,RANGE ADEQUATE,0.20104052325871988,0.20104052325871988,0.10052026162935994,True,SMALL VALUES MAY BE LOST,0.0007792030534945959,0.0007792030534945959,0.00038960152674729796,True,SMALL VALUES MAY BE LOST
ResNet18_CIFAR10_Training,beginning,activations,layer2.0.downsample.0,-16.570199966430664,8.762950897216797,16.570199966430664,0.0001144646084867,0.0,1.1920928955078125e-07,144762.64921970188,True,RANGE ADEQUATE,True,RANGE ADEQUATE,True,RANGE ADEQUATE,0.13047401548370602,0.13047401548370602,0.06523700774185301,True,SMALL VALUES MAY BE LOST,0.0005056978046946826,0.0005056978046946826,0.0002528489023473413,True,SMALL VALUES MAY BE LOST
ResNet18_CIFAR10_Training,beginning,activations,layer2.0.downsample.1,-5.0571393966674805,4.3609771728515625,5.0571393966674805,1.4767050743103027e-05,0.0,1.4901161193847656e-08,342461.0292633703,True,RANGE ADEQUATE,True,RANGE ADEQUATE,True,RANGE ADEQUATE,0.03981999524935024,0.03981999524935024,0.01990999762467512,True,SMALL VALUES MAY BE LOST,0.00015433635659863523,0.00015433635659863523,7.716817829931762e-05,True,SMALL VALUES MAY BE LOST
ResNet18_CIFAR10_Training,beginning,activations,layer2.0.relu,0.0,7.044701099395752,7.044701099395752,1.5422701835632324e-06,50.82333333333333,1.4901161193847656e-08,4567747.710144928,True,RANGE ADEQUATE,True,RANGE ADEQUATE,True,RANGE ADEQUATE,0.05547008739681694,0.05547008739681694,0.02773504369840847,True,SMALL VALUES MAY BE LOST,0.0002149937772574771,0.0002149937772574771,0.00010749688862873855,True,SMALL VALUES MAY BE LOST
ResNet18_CIFAR10_Training,beginning,activations,layer2.1.bn1,-5.564438819885254,4.832123756408691,5.564438819885254,5.044788122177124e-05,0.0,1.1175870895385742e-08,110300.7437601536,True,RANGE ADEQUATE,True,RANGE ADEQUATE,True,RANGE ADEQUATE,0.04381447889673428,0.04381447889673428,0.02190723944836714,True,SMALL VALUES MAY BE LOST,0.00016981837885327475,0.00016981837885327475,8.490918942663738e-05,True,SMALL VALUES MAY BE LOST
ResNet18_CIFAR10_Training,beginning,activations,layer2.1.bn2,-6.360824108123779,4.952713489532471,6.360824108123779,5.9244222939014435e-05,0.0,1.4901161193847656e-08,107366.14968638486,True,RANGE ADEQUATE,True,RANGE ADEQUATE,True,RANGE ADEQUATE,0.050085229197825036,0.050085229197825036,0.025042614598912518,True,SMALL VALUES MAY BE LOST,0.00019412287081892695,0.00019412287081892695,9.706143540946347e-05,True,SMALL VALUES MAY BE LOST
ResNet18_CIFAR10_Training,beginning,activations,layer2.1.conv1,-25.973886489868164,27.67971992492676,27.67971992492676,0.0004299879074096,0.0,1.1920928955078125e-07,64373.25200999078,True,RANGE ADEQUATE,True,RANGE ADEQUATE,True,RANGE ADEQUATE,0.2179505505899745,0.2179505505899745,0.10897527529498725,True,SMALL VALUES MAY BE LOST,0.0008447437948218257,0.0008447437948218257,0.00042237189741091283,False,RANGE/STEP APPEARS ADEQUATE
ResNet18_CIFAR10_Training,beginning,activations,layer2.1.conv2,-20.04012680053711,18.41312599182129,20.04012680053711,7.468461990356445e-05,0.0,1.4901161193847656e-08,268330.0367118915,True,RANGE ADEQUATE,True,RANGE ADEQUATE,True,RANGE ADEQUATE,0.15779627401997723,0.15779627401997723,0.07889813700998861,True,SMALL VALUES MAY BE LOST,0.000611594799662377,0.000611594799662377,0.0003057973998311885,True,SMALL VALUES MAY BE LOST
ResNet18_CIFAR10_Training,beginning,activations,layer2.1.relu,0.0,9.696368217468262,9.696368217468262,6.15529716014862e-05,33.22666666666667,2.9802322387695312e-08,157528.84004115476,True,RANGE ADEQUATE,True,RANGE ADEQUATE,True,RANGE ADEQUATE,0.07634935604305718,0.07634935604305718,0.03817467802152859,True,SMALL VALUES MAY BE LOST,0.00029591870532756317,0.00029591870532756317,0.00014795935266378158,True,SMALL VALUES MAY BE LOST
ResNet18_CIFAR10_Training,beginning,activations,layer3.0.bn1,-5.209930419921875,4.106141567230225,5.209930419921875,2.8118491172790527e-05,0.0,7.450580596923828e-09,185284.8500264971,True,RANGE ADEQUATE,True,RANGE ADEQUATE,True,RANGE ADEQUATE,0.04102307417261319,0.04102307417261319,0.020511537086306594,True,SMALL VALUES MAY BE LOST,0.00015899931088967178,0.00015899931088967178,7.949965544483589e-05,True,SMALL VALUES MAY BE LOST
ResNet18_CIFAR10_Training,beginning,activations,layer3.0.bn2,-4.405453681945801,5.035848617553711,5.035848617553711,9.499862790107728e-05,0.0,1.4901161193847656e-08,53009.6984431983,True,RANGE ADEQUATE,True,RANGE ADEQUATE,True,RANGE ADEQUATE,0.03965235131932056,0.03965235131932056,0.01982617565966028,True,SMALL VALUES MAY BE LOST,0.00015368659375450028,0.00015368659375450028,7.684329687725014e-05,False,RANGE/STEP APPEARS ADEQUATE
ResNet18_CIFAR10_Training,beginning,activations,layer3.0.conv1,-16.432373046875,15.306903839111328,16.432373046875,0.0001015580855892,0.0,2.9802322387695312e-08,161802.70582633422,True,RANGE ADEQUATE,True,RANGE ADEQUATE,True,RANGE ADEQUATE,0.12938876414862205,0.12938876414862205,0.06469438207431102,True,SMALL VALUES MAY BE LOST,0.0005014915325441755,0.0005014915325441755,0.00025074576627208775,True,SMALL VALUES MAY BE LOST
ResNet18_CIFAR10_Training,beginning,activations,layer3.0.conv2,-8.14021110534668,13.19392204284668,13.19392204284668,0.0002237558364868,0.0,1.4901161193847656e-08,58965.711241346886,True,RANGE ADEQUATE,True,RANGE ADEQUATE,True,RANGE ADEQUATE,0.10388914994367464,0.10388914994367464,0.05194457497183732,True,SMALL VALUES MAY BE LOST,0.0004026588348901846,0.0004026588348901846,0.0002013294174450923,False,RANGE/STEP APPEARS ADEQUATE
ResNet18_CIFAR10_Training,beginning,activations,layer3.0.downsample.0,-6.4928364753723145,6.320023059844971,6.4928364753723145,2.771431718429085e-05,0.0,2.9802322387695312e-08,234277.33875589087,True,RANGE ADEQUATE,True,RANGE ADEQUATE,True,RANGE ADEQUATE,0.05112469665647492,0.05112469665647492,0.02556234832823746,True,SMALL VALUES MAY BE LOST,0.00019815169149975018,0.00019815169149975018,9.907584574987509e-05,True,SMALL VALUES MAY BE LOST
ResNet18_CIFAR10_Training,beginning,activations,layer3.0.downsample.1,-4.489382743835449,4.345444679260254,4.489382743835449,2.1636486053466797e-05,0.0,2.2351741790771484e-08,207491.30578512396,True,RANGE ADEQUATE,True,RANGE ADEQUATE,True,RANGE ADEQUATE,0.03534947042390117,0.03534947042390117,0.017674735211950586,True,SMALL VALUES MAY BE LOST,0.00013700926980912044,0.00013700926980912044,6.850463490456022e-05,True,SMALL VALUES MAY BE LOST
ResNet18_CIFAR10_Training,beginning,activations,layer3.0.relu,0.0,6.837200164794922,6.837200164794922,0.0001430436968803,53.46666666666666,2.9802322387695312e-08,47797.98281161833,True,RANGE ADEQUATE,True,RANGE ADEQUATE,True,RANGE ADEQUATE,0.05383622177003875,0.05383622177003875,0.026918110885019376,True,SMALL VALUES MAY BE LOST,0.0002086611580185834,0.0002086611580185834,0.0001043305790092917,False,RANGE/STEP APPEARS ADEQUATE
ResNet18_CIFAR10_Training,beginning,activations,layer3.1.bn1,-4.521158218383789,5.180168628692627,5.180168628692627,2.601661253720522e-05,0.0,1.4901161193847656e-08,199110.0348396508,True,RANGE ADEQUATE,True,RANGE ADEQUATE,True,RANGE ADEQUATE,0.04078872935978446,0.04078872935978446,0.02039436467989223,True,SMALL VALUES MAY BE LOST,0.0001580910253820193,0.0001580910253820193,7.904551269100965e-05,True,SMALL VALUES MAY BE LOST
ResNet18_CIFAR10_Training,beginning,activations,layer3.1.bn2,-5.293981552124023,6.100436210632324,6.100436210632324,3.8485974073410034e-05,0.0,9.313225746154784e-09,158510.63556286902,True,RANGE ADEQUATE,True,RANGE ADEQUATE,True,RANGE ADEQUATE,0.048034930792380505,0.048034930792380505,0.024017465396190252,True,SMALL VALUES MAY BE LOST,0.00018617622030189898,0.00018617622030189898,9.308811015094949e-05,True,SMALL VALUES MAY BE LOST
ResNet18_CIFAR10_Training,beginning,activations,layer3.1.conv1,-17.90765953063965,15.946893692016602,17.90765953063965,9.393692016601562e-05,0.0,1.4901161193847656e-08,190634.94416243656,True,RANGE ADEQUATE,True,RANGE ADEQUATE,True,RANGE ADEQUATE,0.1410051931546429,0.1410051931546429,0.07050259657732146,True,SMALL VALUES MAY BE LOST,0.0005465150770787576,0.0005465150770787576,0.0002732575385393788,True,SMALL VALUES MAY BE LOST
ResNet18_CIFAR10_Training,beginning,activations,layer3.1.conv2,-31.154577255249023,17.217723846435547,31.154577255249023,1.0773539543151855e-05,0.0,2.9802322387695312e-08,2891768.0331950206,True,RANGE ADEQUATE,True,RANGE ADEQUATE,True,RANGE ADEQUATE,0.24531163193109468,0.24531163193109468,0.12265581596554734,True,SMALL VALUES MAY BE LOST,0.000950791261185004,0.000950791261185004,0.000475395630592502,True,SMALL VALUES MAY BE LOST
ResNet18_CIFAR10_Training,beginning,activations,layer3.1.relu,0.0,10.763906478881836,10.763906478881836,1.7017126083374023e-05,37.733333333333334,1.4901161193847656e-08,632533.7443082312,True,RANGE ADEQUATE,True,RANGE ADEQUATE,True,RANGE ADEQUATE,0.08475516912505382,0.08475516912505382,0.04237758456252691,True,SMALL VALUES MAY BE LOST,0.00032849838187450287,0.00032849838187450287,0.00016424919093725143,True,SMALL VALUES MAY BE LOST
ResNet18_CIFAR10_Training,beginning,activations,layer4.0.bn1,-3.677045583724976,3.483158588409424,3.677045583724976,7.186084985733032e-06,0.0,3.725290298461914e-09,511689.68792120274,True,RANGE ADEQUATE,True,RANGE ADEQUATE,True,RANGE ADEQUATE,0.028953114832480125,0.028953114832480125,0.014476557416240063,True,SMALL VALUES MAY BE LOST,0.00011221795049058431,0.00011221795049058431,5.6108975245292155e-05,True,SMALL VALUES MAY BE LOST
ResNet18_CIFAR10_Training,beginning,activations,layer4.0.bn2,-3.2968008518218994,3.4669337272644043,3.4669337272644043,1.4603137969970703e-06,0.0,3.725290298461914e-09,2374101.8775510206,True,RANGE ADEQUATE,True,RANGE ADEQUATE,True,RANGE ADEQUATE,0.02729869076586145,0.02729869076586145,0.013649345382930726,True,SMALL VALUES MAY BE LOST,0.00010580564980817299,0.00010580564980817299,5.2902824904086495e-05,True,SMALL VALUES MAY BE LOST
ResNet18_CIFAR10_Training,beginning,activations,layer4.0.conv1,-55.24448013305664,69.21686553955078,69.21686553955078,5.652614709106274e-05,0.0,5.960464477539064e-08,1224510.5867209292,True,RANGE ADEQUATE,True,RANGE ADEQUATE,True,RANGE ADEQUATE,0.5450146892878014,0.5450146892878014,0.2725073446439007,True,SMALL VALUES MAY BE LOST,0.002112395566867604,0.002112395566867604,0.001056197783433802,True,SMALL VALUES MAY BE LOST
ResNet18_CIFAR10_Training,beginning,activations,layer4.0.conv2,-54.81159591674805,34.69450378417969,54.81159591674805,2.261251211166382e-06,0.0,7.450580596923828e-09,24239498.75453048,True,RANGE ADEQUATE,True,RANGE ADEQUATE,True,RANGE ADEQUATE,0.43158736942321296,0.43158736942321296,0.21579368471160648,True,SMALL VALUES MAY BE LOST,0.0016727682093798043,0.0016727682093798043,0.0008363841046899022,True,SMALL VALUES MAY BE LOST
ResNet18_CIFAR10_Training,beginning,activations,layer4.0.downsample.0,-95.4296875,50.95035552978515,95.4296875,1.8922391973319463e-05,0.0,1.4901161193847656e-08,5043214.813146017,True,RANGE ADEQUATE,True,RANGE ADEQUATE,True,RANGE ADEQUATE,0.7514148622047244,0.7514148622047244,0.3757074311023622,True,SMALL VALUES MAY BE LOST,0.002912371822260201,0.002912371822260201,0.0014561859111301004,True,SMALL VALUES MAY BE LOST
ResNet18_CIFAR10_Training,beginning,activations,layer4.0.downsample.1,-3.3738973140716553,5.772059440612793,5.772059440612793,2.4273991584777832e-05,0.0,7.450580596923828e-09,237787.81583793738,True,RANGE ADEQUATE,True,RANGE ADEQUATE,True,RANGE ADEQUATE,0.045449286933959,0.045449286933959,0.0227246434669795,True,SMALL VALUES MAY BE LOST,0.00017615465073436058,0.00017615465073436058,8.807732536718029e-05,True,SMALL VALUES MAY BE LOST
ResNet18_CIFAR10_Training,beginning,activations,layer4.0.relu,0.0,9.449798583984377,9.449798583984377,1.6391277313232422e-06,81.51666666666667,2.2351741790771484e-08,5765138.618181819,True,RANGE ADEQUATE,True,RANGE ADEQUATE,True,RANGE ADEQUATE,0.07440786286601872,0.07440786286601872,0.03720393143300936,True,SMALL VALUES MAY BE LOST,0.00028839376763159204,0.00028839376763159204,0.00014419688381579602,True,SMALL VALUES MAY BE LOST
ResNet18_CIFAR10_Training,beginning,activations,layer4.1.bn1,-5.175250053405762,3.9477016925811768,5.175250053405762,2.6728957891464233e-07,0.0,3.725290298461914e-09,19361959.69337979,True,RANGE ADEQUATE,True,RANGE ADEQUATE,True,RANGE ADEQUATE,0.04075000042051781,0.04075000042051781,0.020375000210258905,True,SMALL VALUES MAY BE LOST,0.00015794091779551873,0.00015794091779551873,7.897045889775936e-05,True,SMALL VALUES MAY BE LOST
ResNet18_CIFAR10_Training,beginning,activations,layer4.1.bn2,-2.772180557250977,0.8180109262466431,2.772180557250977,1.385807991027832e-06,0.0,3.725290298461914e-09,2000407.3978494627,True,RANGE ADEQUATE,True,RANGE ADEQUATE,True,RANGE ADEQUATE,0.02182819336418092,0.02182819336418092,0.01091409668209046,True,SMALL VALUES MAY BE LOST,8.460281860563911e-05,8.460281860563911e-05,4.2301409302819557e-05,True,SMALL VALUES MAY BE LOST
ResNet18_CIFAR10_Training,beginning,activations,layer4.1.conv1,-3.414773464202881,2.752523183822632,3.414773464202881,2.049654722213745e-05,0.0,5.587935447692871e-09,166602.37586332244,True,RANGE ADEQUATE,True,RANGE ADEQUATE,True,RANGE ADEQUATE,0.02688798003309355,0.02688798003309355,0.013443990016546776,True,SMALL VALUES MAY BE LOST,0.00010421379632565938,0.00010421379632565938,5.210689816282969e-05,True,SMALL VALUES MAY BE LOST
ResNet18_CIFAR10_Training,beginning,activations,layer4.1.conv2,-17.790115356445312,15.867178916931152,17.790115356445312,5.877017974853515e-05,0.0,7.450580596923828e-09,302706.49898580124,True,RANGE ADEQUATE,True,RANGE ADEQUATE,True,RANGE ADEQUATE,0.14007964847594734,0.14007964847594734,0.07003982423797367,True,SMALL VALUES MAY BE LOST,0.0005429278040847594,0.0005429278040847594,0.0002714639020423797,True,SMALL VALUES MAY BE LOST
ResNet18_CIFAR10_Training,beginning,activations,layer4.1.relu,0.0,8.137405395507812,8.137405395507812,1.385807991027832e-06,73.74000000000001,1.4901161193847656e-08,5871957.333333333,True,RANGE ADEQUATE,True,RANGE ADEQUATE,True,RANGE ADEQUATE,0.06407405823234498,0.06407405823234498,0.03203702911617249,True,SMALL VALUES MAY BE LOST,0.00024834148367283585,0.00024834148367283585,0.00012417074183641792,True,SMALL VALUES MAY BE LOST
ResNet18_CIFAR10_Training,beginning,activations,maxpool,0.0,9.265478134155272,9.265478134155272,0.0001637078821659,29.459999999999997,1.4901161193847656e-08,56597.6299465271,True,RANGE ADEQUATE,True,RANGE ADEQUATE,True,RANGE ADEQUATE,0.0729565207413801,0.0729565207413801,0.03647826037069005,True,SMALL VALUES MAY BE LOST,0.00028276858223686243,0.00028276858223686243,0.00014138429111843121,False,RANGE/STEP APPEARS ADEQUATE
ResNet18_CIFAR10_Training,beginning,activations,relu,0.0,8.504071235656738,8.504071235656738,8.99285078048706e-06,48.95666666666666,2.9802322387695312e-08,945647.9867439934,True,RANGE ADEQUATE,True,RANGE ADEQUATE,True,RANGE ADEQUATE,0.06696119083194282,0.06696119083194282,0.03348059541597141,True,SMALL VALUES MAY BE LOST,0.00025953157858994534,0.00025953157858994534,0.00012976578929497267,True,SMALL VALUES MAY BE LOST
ResNet18_CIFAR10_Training,beginning,biases,bn1.bias,-0.314402312040329,0.5427839159965515,0.5427839159965515,0.0052856160327792,0.0,0.0003326758742332,102.6907578284973,True,RANGE ADEQUATE,True,RANGE ADEQUATE,True,RANGE ADEQUATE,0.004273889102335051,0.004273889102335051,0.0021369445511675257,False,RANGE/STEP APPEARS ADEQUATE,1.656495608375962e-05,1.656495608375962e-05,8.28247804187981e-06,False,RANGE/STEP APPEARS ADEQUATE
ResNet18_CIFAR10_Training,beginning,biases,fc.bias,-0.1327669769525528,0.189712256193161,0.189712256193161,0.0045078489929437,0.0,7.523596286773682e-05,42.084873847842836,True,RANGE ADEQUATE,True,RANGE ADEQUATE,True,RANGE ADEQUATE,0.0014937972928595355,0.0014937972928595355,0.0007468986464297678,False,RANGE/STEP APPEARS ADEQUATE,5.789735288343791e-06,5.789735288343791e-06,2.8948676441718956e-06,False,RANGE/STEP APPEARS ADEQUATE
ResNet18_CIFAR10_Training,beginning,biases,layer1.0.bn1.bias,-0.2322919517755508,0.5192533731460571,0.5192533731460571,0.0055417111143469,0.0,0.0002340078353881,93.69910528207892,True,RANGE ADEQUATE,True,RANGE ADEQUATE,True,RANGE ADEQUATE,0.004088609237370529,0.004088609237370529,0.0020443046186852643,False,RANGE/STEP APPEARS ADEQUATE,1.584683898880145e-05,1.584683898880145e-05,7.923419494400725e-06,False,RANGE/STEP APPEARS ADEQUATE
ResNet18_CIFAR10_Training,beginning,biases,layer1.0.bn2.bias,-0.2660151124000549,0.4154716432094574,0.4154716432094574,9.064743062481284e-05,0.0,0.0001589059829711,4583.380249673957,True,RANGE ADEQUATE,True,RANGE ADEQUATE,True,RANGE ADEQUATE,0.0032714302614917905,0.0032714302614917905,0.0016357151307458953,True,SMALL VALUES MAY BE LOST,1.267957528029595e-05,1.267957528029595e-05,6.339787640147975e-06,False,RANGE/STEP APPEARS ADEQUATE
ResNet18_CIFAR10_Training,beginning,biases,layer1.1.bn1.bias,-0.1709191799163818,0.2626619637012481,0.2626619637012481,0.0007378671434707,0.0,6.887409836053848e-05,355.97460332190303,True,RANGE ADEQUATE,True,RANGE ADEQUATE,True,RANGE ADEQUATE,0.002068204438592505,0.002068204438592505,0.0010341022192962524,True,SMALL VALUES MAY BE LOST,8.016051628200571e-06,8.016051628200571e-06,4.0080258141002856e-06,False,RANGE/STEP APPEARS ADEQUATE
ResNet18_CIFAR10_Training,beginning,biases,layer1.1.bn2.bias,-0.2164721190929412,0.1745548099279403,0.2164721190929412,0.0008937721140682,0.0,0.0001527220010757,242.2005740452349,True,RANGE ADEQUATE,True,RANGE ADEQUATE,True,RANGE ADEQUATE,0.0017045048747475686,0.0017045048747475686,0.0008522524373737843,False,RANGE/STEP APPEARS ADEQUATE,6.606406417827119e-06,6.606406417827119e-06,3.3032032089135595e-06,False,RANGE/STEP APPEARS ADEQUATE
ResNet18_CIFAR10_Training,beginning,biases,layer2.0.bn1.bias,-0.1565842181444168,0.1943107545375824,0.1943107545375824,0.0005920669063925,0.0,9.585171937942503e-06,328.1905346163151,True,RANGE ADEQUATE,True,RANGE ADEQUATE,True,RANGE ADEQUATE,0.0015300059412408063,0.0015300059412408063,0.0007650029706204031,True,SMALL VALUES MAY BE LOST,5.930074603643373e-06,5.930074603643373e-06,2.9650373018216864e-06,False,RANGE/STEP APPEARS ADEQUATE
ResNet18_CIFAR10_Training,beginning,biases,layer2.0.bn2.bias,-0.2276528626680374,0.2151219546794891,0.2276528626680374,0.0007206465234048,0.0,4.947185516357422e-06,315.90086855960686,True,RANGE ADEQUATE,True,RANGE ADEQUATE,True,RANGE ADEQUATE,0.0017925422257325779,0.0017925422257325779,0.0008962711128662889,True,SMALL VALUES MAY BE LOST,6.947626046572387e-06,6.947626046572387e-06,3.4738130232861934e-06,False,RANGE/STEP APPEARS ADEQUATE
ResNet18_CIFAR10_Training,beginning,biases,layer2.0.downsample.1.bias,-0.2276528626680374,0.2151219546794891,0.2276528626680374,0.0007206465234048,0.0,4.947185516357422e-06,315.90086855960686,True,RANGE ADEQUATE,True,RANGE ADEQUATE,True,RANGE ADEQUATE,0.0017925422257325779,0.0017925422257325779,0.0008962711128662889,True,SMALL VALUES MAY BE LOST,6.947626046572387e-06,6.947626046572387e-06,3.4738130232861934e-06,False,RANGE/STEP APPEARS ADEQUATE
ResNet18_CIFAR10_Training,beginning,biases,layer2.1.bn1.bias,-0.2764666676521301,0.0924721136689186,0.2764666676521301,0.0001309827785007,0.0,8.802860975265503e-06,2110.710055296717,True,RANGE ADEQUATE,True,RANGE ADEQUATE,True,RANGE ADEQUATE,0.002176902894898662,0.002176902894898662,0.001088451447449331,True,SMALL VALUES MAY BE LOST,8.4373506165389e-06,8.4373506165389e-06,4.21867530826945e-06,False,RANGE/STEP APPEARS ADEQUATE
ResNet18_CIFAR10_Training,beginning,biases,layer2.1.bn2.bias,-0.17902672290802,0.0754406303167343,0.17902672290802,0.0001144488123827,0.0,1.2539327144622804e-05,1564.251469114253,True,RANGE ADEQUATE,True,RANGE ADEQUATE,True,RANGE ADEQUATE,0.0014096592354962204,0.0014096592354962204,0.0007048296177481102,True,SMALL VALUES MAY BE LOST,5.4636287395251315e-06,5.4636287395251315e-06,2.7318143697625657e-06,False,RANGE/STEP APPEARS ADEQUATE
ResNet18_CIFAR10_Training,beginning,biases,layer3.0.bn1.bias,-0.1719107329845428,0.0628699883818626,0.1719107329845428,0.0001019130650092,0.0,1.8980354070663452e-06,1686.837040658368,True,RANGE ADEQUATE,True,RANGE ADEQUATE,True,RANGE ADEQUATE,0.0013536278187759275,0.0013536278187759275,0.0006768139093879638,True,SMALL VALUES MAY BE LOST,5.246459333614392e-06,5.246459333614392e-06,2.623229666807196e-06,False,RANGE/STEP APPEARS ADEQUATE
ResNet18_CIFAR10_Training,beginning,biases,layer3.0.bn2.bias,-0.1982790827751159,0.0855219066143035,0.1982790827751159,9.741078974911944e-05,0.0,1.562759280204773e-06,2035.4940483059606,True,RANGE ADEQUATE,True,RANGE ADEQUATE,True,RANGE ADEQUATE,0.0015612526202765033,0.0015612526202765033,0.0007806263101382516,True,SMALL VALUES MAY BE LOST,6.0511820665644066e-06,6.0511820665644066e-06,3.0255910332822033e-06,False,RANGE/STEP APPEARS ADEQUATE
ResNet18_CIFAR10_Training,beginning,biases,layer3.0.downsample.1.bias,-0.1982790827751159,0.0855219066143035,0.1982790827751159,9.741078974911944e-05,0.0,1.562759280204773e-06,2035.4940483059606,True,RANGE ADEQUATE,True,RANGE ADEQUATE,True,RANGE ADEQUATE,0.0015612526202765033,0.0015612526202765033,0.0007806263101382516,True,SMALL VALUES MAY BE LOST,6.0511820665644066e-06,6.0511820665644066e-06,3.0255910332822033e-06,False,RANGE/STEP APPEARS ADEQUATE
ResNet18_CIFAR10_Training,beginning,biases,layer3.1.bn1.bias,-0.1276490241289138,0.0538899078965187,0.1276490241289138,0.0001469391863793,0.0,2.8852373361587524e-06,868.7200962131931,True,RANGE ADEQUATE,True,RANGE ADEQUATE,True,RANGE ADEQUATE,0.0010051104262119197,0.0010051104262119197,0.0005025552131059599,True,SMALL VALUES MAY BE LOST,3.89565795248005e-06,3.89565795248005e-06,1.947828976240025e-06,False,RANGE/STEP APPEARS ADEQUATE
ResNet18_CIFAR10_Training,beginning,biases,layer3.1.bn2.bias,-0.109082207083702,0.0420639924705028,0.109082207083702,0.0001514941395726,0.0,1.2572854757308962e-08,720.042421386386,True,RANGE ADEQUATE,True,RANGE ADEQUATE,True,RANGE ADEQUATE,0.0008589150164071024,0.0008589150164071024,0.0004294575082035512,True,SMALL VALUES MAY BE LOST,3.3290263705466475e-06,3.3290263705466475e-06,1.6645131852733237e-06,False,RANGE/STEP APPEARS ADEQUATE
ResNet18_CIFAR10_Training,beginning,biases,layer4.0.bn1.bias,-0.1041576340794563,0.0588441267609596,0.1041576340794563,2.1587587980320677e-05,0.0,4.246830940246582e-07,4824.885215263826,True,RANGE ADEQUATE,True,RANGE ADEQUATE,True,RANGE ADEQUATE,0.0008201388510193409,0.0008201388510193409,0.00041006942550967046,True,SMALL VALUES MAY BE LOST,3.1787357426513353e-06,3.1787357426513353e-06,1.5893678713256677e-06,False,RANGE/STEP APPEARS ADEQUATE
ResNet18_CIFAR10_Training,beginning,biases,layer4.0.bn2.bias,-0.3208199739456177,0.1293538361787796,0.3208199739456177,0.0008415654301643,0.0,2.1494925022125244e-06,381.21809956355213,True,RANGE ADEQUATE,True,RANGE ADEQUATE,True,RANGE ADEQUATE,0.0025261415271308476,0.0025261415271308476,0.0012630707635654238,True,SMALL VALUES MAY BE LOST,9.790947414948505e-06,9.790947414948505e-06,4.8954737074742525e-06,False,RANGE/STEP APPEARS ADEQUATE
ResNet18_CIFAR10_Training,beginning,biases,layer4.0.downsample.1.bias,-0.3208199739456177,0.1293538361787796,0.3208199739456177,0.0008415654301643,0.0,2.1494925022125244e-06,381.21809956355213,True,RANGE ADEQUATE,True,RANGE ADEQUATE,True,RANGE ADEQUATE,0.0025261415271308476,0.0025261415271308476,0.0012630707635654238,True,SMALL VALUES MAY BE LOST,9.790947414948505e-06,9.790947414948505e-06,4.8954737074742525e-06,False,RANGE/STEP APPEARS ADEQUATE
ResNet18_CIFAR10_Training,beginning,biases,layer4.1.bn1.bias,-0.1275832951068878,0.0768845528364181,0.1275832951068878,0.0001586873549968,0.0,1.4302786439657211e-06,803.9915663693592,True,RANGE ADEQUATE,True,RANGE ADEQUATE,True,RANGE ADEQUATE,0.0010045928748573841,0.0010045928748573841,0.0005022964374286921,True,SMALL VALUES MAY BE LOST,3.8936520006985015e-06,3.8936520006985015e-06,1.9468260003492508e-06,False,RANGE/STEP APPEARS ADEQUATE
ResNet18_CIFAR10_Training,beginning,biases,layer4.1.bn2.bias,-0.3757254779338836,0.0316303856670856,0.3757254779338836,0.0029113939963281,0.0,3.576278686523438e-07,129.05346318902733,True,RANGE ADEQUATE,True,RANGE ADEQUATE,True,RANGE ADEQUATE,0.0029584683301880597,0.0029584683301880597,0.0014792341650940299,False,RANGE/STEP APPEARS ADEQUATE,1.1466581558698801e-05,1.1466581558698801e-05,5.733290779349401e-06,False,RANGE/STEP APPEARS ADEQUATE
ResNet18_CIFAR10_Training,beginning,gradients,bn1.bias,-0.0096701281145215,0.0065963761880993,0.0096701281145215,0.0001192922936752,0.0,4.977919161319733e-07,81.06247115048849,True,RANGE ADEQUATE,True,RANGE ADEQUATE,True,RANGE ADEQUATE,7.61427410592244e-05,7.61427410592244e-05,3.80713705296122e-05,False,RANGE/STEP APPEARS ADEQUATE,2.9511789649713126e-07,2.9511789649713126e-07,1.4755894824856563e-07,False,RANGE/STEP APPEARS ADEQUATE
ResNet18_CIFAR10_Training,beginning,gradients,bn1.weight,-0.0150952572003006,0.02927091345191,0.02927091345191,3.293965710327029e-05,0.0,7.59027898311615e-07,888.6222877227203,True,RANGE ADEQUATE,True,RANGE ADEQUATE,True,RANGE ADEQUATE,0.00023047963347960632,0.00023047963347960632,0.00011523981673980316,True,SMALL VALUES MAY BE LOST,8.933046495532091e-07,8.933046495532091e-07,4.4665232477660455e-07,False,RANGE/STEP APPEARS ADEQUATE
ResNet18_CIFAR10_Training,beginning,gradients,conv1.weight,-0.009606858715415,0.0110392989590764,0.0110392989590764,1.562466422910802e-08,0.0,1.0459189070388676e-11,706530.3162490174,True,RANGE ADEQUATE,True,RANGE ADEQUATE,True,RANGE ADEQUATE,8.692361385099527e-05,8.692361385099527e-05,4.3461806925497635e-05,True,SMALL VALUES MAY BE LOST,3.36902949890939e-07,3.36902949890939e-07,1.684514749454695e-07,True,SMALL VALUES MAY BE LOST
ResNet18_CIFAR10_Training,beginning,gradients,fc.bias,-0.0845528692007064,0.0526652410626411,0.0845528692007064,0.0017050211317837,0.0,0.0014054584316909,49.59051100572097,True,RANGE ADEQUATE,True,RANGE ADEQUATE,True,RANGE ADEQUATE,0.0006657706236276094,0.0006657706236276094,0.0003328853118138047,False,RANGE/STEP APPEARS ADEQUATE,2.5804275399245093e-06,2.5804275399245093e-06,1.2902137699622547e-06,False,RANGE/STEP APPEARS ADEQUATE
ResNet18_CIFAR10_Training,beginning,gradients,fc.weight,-0.1144683808088302,0.0730989575386047,0.1144683808088302,7.67427437153856e-08,11.71875,4.865796654485166e-11,1491585.72220661,True,RANGE ADEQUATE,True,RANGE ADEQUATE,True,RANGE ADEQUATE,0.0009013258331403953,0.0009013258331403953,0.00045066291657019767,True,SMALL VALUES MAY BE LOST,3.4934043644163396e-06,3.4934043644163396e-06,1.7467021822081698e-06,True,SMALL VALUES MAY BE LOST
ResNet18_CIFAR10_Training,beginning,gradients,layer1.0.bn1.bias,-0.004585504066199,0.0046109268441796,0.0046109268441796,9.981318726204336e-06,0.0,7.217749953269958e-08,461.95567646531094,True,RANGE ADEQUATE,True,RANGE ADEQUATE,True,RANGE ADEQUATE,3.630651058409134e-05,3.630651058409134e-05,1.815325529204567e-05,True,SMALL VALUES MAY BE LOST,1.4071861458722495e-07,1.4071861458722495e-07,7.035930729361247e-08,False,RANGE/STEP APPEARS ADEQUATE
ResNet18_CIFAR10_Training,beginning,gradients,layer1.0.bn1.weight,-0.0045721330679953,0.0041103539988398,0.0045721330679953,3.831565845757723e-05,0.0,9.48202796280384e-07,119.32805678016801,True,RANGE ADEQUATE,True,RANGE ADEQUATE,True,RANGE ADEQUATE,3.600104777949055e-05,3.600104777949055e-05,1.8000523889745276e-05,False,RANGE/STEP APPEARS ADEQUATE,1.3953468636113468e-07,1.3953468636113468e-07,6.976734318056734e-08,False,RANGE/STEP APPEARS ADEQUATE
ResNet18_CIFAR10_Training,beginning,gradients,layer1.0.bn2.bias,-0.0091164819896221,0.0044025462120771,0.0091164819896221,3.867404302582145e-05,0.0,1.7085694707930088e-06,235.7261169600321,True,RANGE ADEQUATE,True,RANGE ADEQUATE,True,RANGE ADEQUATE,7.178332275292992e-05,7.178332275292992e-05,3.589166137646496e-05,False,RANGE/STEP APPEARS ADEQUATE,2.782214419880398e-07,2.782214419880398e-07,1.391107209940199e-07,False,RANGE/STEP APPEARS ADEQUATE
ResNet18_CIFAR10_Training,beginning,gradients,layer1.0.bn2.weight,-0.025775184854865,0.0176568739116191,0.025775184854865,0.0001400080218445,0.0,6.834743544459343e-07,184.09791464300685,True,RANGE ADEQUATE,True,RANGE ADEQUATE,True,RANGE ADEQUATE,0.00020295421145562992,0.00020295421145562992,0.00010147710572781496,False,RANGE/STEP APPEARS ADEQUATE,7.866202232387769e-07,7.866202232387769e-07,3.9331011161938845e-07,False,RANGE/STEP APPEARS ADEQUATE
ResNet18_CIFAR10_Training,beginning,gradients,layer1.0.conv1.weight,-0.003765067551285,0.0029350342229008,0.003765067551285,1.6201738617382944e-08,0.0,6.821210263296962e-13,232386.6370270556,True,RANGE ADEQUATE,True,RANGE ADEQUATE,True,RANGE ADEQUATE,2.964620119122047e-05,2.964620119122047e-05,1.4823100595610235e-05,True,SMALL VALUES MAY BE LOST,1.1490424974166082e-07,1.1490424974166082e-07,5.745212487083041e-08,True,SMALL VALUES MAY BE LOST
ResNet18_CIFAR10_Training,beginning,gradients,layer1.0.conv2.weight,-0.0034774590749293,0.0032503381371498,0.0034774590749293,6.446498446166515e-09,0.0,1.8189894035458565e-12,539433.787810375,True,RANGE ADEQUATE,True,RANGE ADEQUATE,True,RANGE ADEQUATE,2.738156751912835e-05,2.738156751912835e-05,1.3690783759564174e-05,True,SMALL VALUES MAY BE LOST,1.0612686773062227e-07,1.0612686773062227e-07,5.3063433865311137e-08,True,SMALL VALUES MAY BE LOST
ResNet18_CIFAR10_Training,beginning,gradients,layer1.1.bn1.bias,-0.0051616290584206,0.0046609658747911,0.0051616290584206,4.028930561617017e-06,0.0,3.14321368932724e-07,1281.1412307758844,True,RANGE ADEQUATE,True,RANGE ADEQUATE,True,RANGE ADEQUATE,4.064274849150079e-05,4.064274849150079e-05,2.0321374245750395e-05,True,SMALL VALUES MAY BE LOST,1.5752522533099154e-07,1.5752522533099154e-07,7.876261266549577e-08,False,RANGE/STEP APPEARS ADEQUATE
ResNet18_CIFAR10_Training,beginning,gradients,layer1.1.bn1.weight,-0.0067033227533102,0.0046620103530585,0.0067033227533102,9.88674582913518e-06,0.0,7.036491297185421e-06,678.0110330697718,True,RANGE ADEQUATE,True,RANGE ADEQUATE,True,RANGE ADEQUATE,5.278206892370236e-05,5.278206892370236e-05,2.639103446185118e-05,True,SMALL VALUES MAY BE LOST,2.0457541896756494e-07,2.0457541896756494e-07,1.0228770948378247e-07,False,RANGE/STEP APPEARS ADEQUATE
ResNet18_CIFAR10_Training,beginning,gradients,layer1.1.bn2.bias,-0.004913748241961,0.0049842409789562,0.0049842409789562,4.598542000167072e-05,0.0,2.3134052753448486e-06,108.38741885526142,True,RANGE ADEQUATE,True,RANGE ADEQUATE,True,RANGE ADEQUATE,3.924599196028504e-05,3.924599196028504e-05,1.962299598014252e-05,False,RANGE/STEP APPEARS ADEQUATE,1.521116055469283e-07,1.521116055469283e-07,7.605580277346415e-08,False,RANGE/STEP APPEARS ADEQUATE
ResNet18_CIFAR10_Training,beginning,gradients,layer1.1.bn2.weight,-0.0114264236763119,0.0173711385577917,0.0173711385577917,3.55039956048131e-05,0.0,1.1076917871832848e-06,489.2727779471892,True,RANGE ADEQUATE,True,RANGE ADEQUATE,True,RANGE ADEQUATE,0.00013678061856528897,0.00013678061856528897,6.839030928264449e-05,True,SMALL VALUES MAY BE LOST,5.301412566848262e-07,5.301412566848262e-07,2.650706283424131e-07,False,RANGE/STEP APPEARS ADEQUATE
ResNet18_CIFAR10_Training,beginning,gradients,layer1.1.conv1.weight,-0.0060850805602967,0.0046415594406425,0.0060850805602967,3.072273102588951e-09,0.0,3.637978807091713e-12,1980644.4144463942,True,RANGE ADEQUATE,True,RANGE ADEQUATE,True,RANGE ADEQUATE,4.7914020159816534e-05,4.7914020159816534e-05,2.3957010079908267e-05,True,SMALL VALUES MAY BE LOST,1.8570758874162115e-07,1.8570758874162115e-07,9.285379437081058e-08,True,SMALL VALUES MAY BE LOST
ResNet18_CIFAR10_Training,beginning,gradients,layer1.1.conv2.weight,-0.0042682643979787,0.0040912306867539,0.0042682643979787,1.3620592653751372e-08,0.0,7.275957614183426e-12,313368.47863247263,True,RANGE ADEQUATE,True,RANGE ADEQUATE,True,RANGE ADEQUATE,3.360838108644646e-05,3.360838108644646e-05,1.680419054322323e-05,True,SMALL VALUES MAY BE LOST,1.3026106747577442e-07,1.3026106747577442e-07,6.513053373788721e-08,True,SMALL VALUES MAY BE LOST
ResNet18_CIFAR10_Training,beginning,gradients,layer2.0.bn1.bias,-0.0045939534902572,0.0089005548506975,0.0089005548506975,3.595225280150771e-06,0.0,1.1874362826347353e-08,2475.659842468687,True,RANGE ADEQUATE,True,RANGE ADEQUATE,True,RANGE ADEQUATE,7.008310906061023e-05,7.008310906061023e-05,3.5041554530305117e-05,True,SMALL VALUES MAY BE LOST,2.7163166755264444e-07,2.7163166755264444e-07,1.3581583377632222e-07,False,RANGE/STEP APPEARS ADEQUATE
ResNet18_CIFAR10_Training,beginning,gradients,layer2.0.bn1.weight,-0.0064305225387215,0.0149112045764923,0.0149112045764923,3.259629011154175e-07,0.0,2.570450305938721e-07,45745.097142857114,True,RANGE ADEQUATE,True,RANGE ADEQUATE,True,RANGE ADEQUATE,0.00011741105965741967,0.00011741105965741967,5.870552982870984e-05,True,SMALL VALUES MAY BE LOST,4.550677381662129e-07,4.550677381662129e-07,2.2753386908310646e-07,False,RANGE/STEP APPEARS ADEQUATE
ResNet18_CIFAR10_Training,beginning,gradients,layer2.0.bn2.bias,-0.0040102596394717,0.0063556409440934,0.0063556409440934,6.012123776599765e-06,0.0,2.3865140974521637e-08,1057.1374077211556,True,RANGE ADEQUATE,True,RANGE ADEQUATE,True,RANGE ADEQUATE,5.00444168826252e-05,5.00444168826252e-05,2.50222084413126e-05,True,SMALL VALUES MAY BE LOST,1.9396468837835017e-07,1.9396468837835017e-07,9.698234418917509e-08,False,RANGE/STEP APPEARS ADEQUATE
ResNet18_CIFAR10_Training,beginning,gradients,layer2.0.bn2.weight,-0.0104132518172264,0.0078534502536058,0.0104132518172264,6.411614594981074e-05,0.0,3.126915544271469e-07,162.41231694396842,True,RANGE ADEQUATE,True,RANGE ADEQUATE,True,RANGE ADEQUATE,8.199410879705826e-05,8.199410879705826e-05,4.099705439852913e-05,False,RANGE/STEP APPEARS ADEQUATE,3.177969242599689e-07,3.177969242599689e-07,1.5889846212998444e-07,False,RANGE/STEP APPEARS ADEQUATE
ResNet18_CIFAR10_Training,beginning,gradients,layer2.0.conv1.weight,-0.0073780729435384,0.0059024877846241,0.0073780729435384,7.668859325349331e-09,0.0,9.094947017729282e-13,962082.1859582507,True,RANGE ADEQUATE,True,RANGE ADEQUATE,True,RANGE ADEQUATE,5.809506254754645e-05,5.809506254754645e-05,2.9047531273773226e-05,True,SMALL VALUES MAY BE LOST,2.2516778904197514e-07,2.2516778904197514e-07,1.1258389452098757e-07,True,SMALL VALUES MAY BE LOST
ResNet18_CIFAR10_Training,beginning,gradients,layer2.0.conv2.weight,-0.0097831096500158,0.0101187787950038,0.0101187787950038,7.450580596923828e-09,0.0,9.094947017729282e-13,1358119.499999988,True,RANGE ADEQUATE,True,RANGE ADEQUATE,True,RANGE ADEQUATE,7.967542358270709e-05,7.967542358270709e-05,3.9837711791353545e-05,True,SMALL VALUES MAY BE LOST,3.0881004654084296e-07,3.0881004654084296e-07,1.5440502327042148e-07,True,SMALL VALUES MAY BE LOST
ResNet18_CIFAR10_Training,beginning,gradients,layer2.0.downsample.0.weight,-0.0165331698954105,0.0222413465380668,0.0222413465380668,1.0264921002089977e-07,0.0,8.731149137020111e-11,216673.33371136882,True,RANGE ADEQUATE,True,RANGE ADEQUATE,True,RANGE ADEQUATE,0.0001751287128981638,0.0001751287128981638,8.75643564490819e-05,True,SMALL VALUES MAY BE LOST,6.78772745080929e-07,6.78772745080929e-07,3.393863725404645e-07,True,SMALL VALUES MAY BE LOST
ResNet18_CIFAR10_Training,beginning,gradients,layer2.0.downsample.1.bias,-0.0040102596394717,0.0063556409440934,0.0063556409440934,6.012123776599765e-06,0.0,2.3865140974521637e-08,1057.1374077211556,True,RANGE ADEQUATE,True,RANGE ADEQUATE,True,RANGE ADEQUATE,5.00444168826252e-05,5.00444168826252e-05,2.50222084413126e-05,True,SMALL VALUES MAY BE LOST,1.9396468837835017e-07,1.9396468837835017e-07,9.698234418917509e-08,False,RANGE/STEP APPEARS ADEQUATE
ResNet18_CIFAR10_Training,beginning,gradients,layer2.0.downsample.1.weight,-0.0073186792433261,0.0063635352998971,0.0073186792433261,5.792855517938733e-06,0.0,8.097849786281586e-07,1263.3975110655444,True,RANGE ADEQUATE,True,RANGE ADEQUATE,True,RANGE ADEQUATE,5.762739561674095e-05,5.762739561674095e-05,2.8813697808370474e-05,True,SMALL VALUES MAY BE LOST,2.2335518183923156e-07,2.2335518183923156e-07,1.1167759091961578e-07,False,RANGE/STEP APPEARS ADEQUATE
ResNet18_CIFAR10_Training,beginning,gradients,layer2.1.bn1.bias,-0.0024572783149778,0.0027135079726576,0.0027135079726576,4.008354153484106e-06,0.0,4.940084181725979e-07,676.9631296922674,True,RANGE ADEQUATE,True,RANGE ADEQUATE,True,RANGE ADEQUATE,2.136620450911496e-05,2.136620450911496e-05,1.068310225455748e-05,True,SMALL VALUES MAY BE LOST,8.281221877674489e-08,8.281221877674489e-08,4.1406109388372447e-08,False,RANGE/STEP APPEARS ADEQUATE
ResNet18_CIFAR10_Training,beginning,gradients,layer2.1.bn1.weight,-0.0037772469222545,0.0030328489374369,0.0037772469222545,7.063033990561962e-06,0.0,8.224742487072946e-08,534.790987456931,True,RANGE ADEQUATE,True,RANGE ADEQUATE,True,RANGE ADEQUATE,2.9742101750035434e-05,2.9742101750035434e-05,1.4871050875017717e-05,True,SMALL VALUES MAY BE LOST,1.1527594599000519e-07,1.1527594599000519e-07,5.7637972995002596e-08,False,RANGE/STEP APPEARS ADEQUATE
ResNet18_CIFAR10_Training,beginning,gradients,layer2.1.bn2.bias,-0.0024663105141371,0.0034015737473964,0.0034015737473964,7.274502422660589e-07,0.0,1.0797521099448204e-08,4676.022564512808,True,RANGE ADEQUATE,True,RANGE ADEQUATE,True,RANGE ADEQUATE,2.6784045255089765e-05,2.6784045255089765e-05,1.3392022627544883e-05,True,SMALL VALUES MAY BE LOST,1.0381096064322032e-07,1.0381096064322032e-07,5.190548032161016e-08,False,RANGE/STEP APPEARS ADEQUATE
ResNet18_CIFAR10_Training,beginning,gradients,layer2.1.bn2.weight,-0.0076151331886649,0.007490886375308,0.0076151331886649,1.881009666249156e-05,0.0,8.310307748615742e-07,404.84285250112106,True,RANGE ADEQUATE,True,RANGE ADEQUATE,True,RANGE ADEQUATE,5.9961678650904723e-05,5.9961678650904723e-05,2.9980839325452362e-05,True,SMALL VALUES MAY BE LOST,2.3240251437925048e-07,2.3240251437925048e-07,1.1620125718962524e-07,False,RANGE/STEP APPEARS ADEQUATE
ResNet18_CIFAR10_Training,beginning,gradients,layer2.1.conv1.weight,-0.002999611897394,0.0034665768034756,0.0034665768034756,1.6298145055770872e-09,0.0,1.8189894035458565e-12,2126976.2857142747,True,RANGE ADEQUATE,True,RANGE ADEQUATE,True,RANGE ADEQUATE,2.729588034232756e-05,2.729588034232756e-05,1.364794017116378e-05,True,SMALL VALUES MAY BE LOST,1.0579475702614216e-07,1.0579475702614216e-07,5.289737851307108e-08,True,SMALL VALUES MAY BE LOST
ResNet18_CIFAR10_Training,beginning,gradients,layer2.1.conv2.weight,-0.0049653705209493,0.0047071366570889,0.0049653705209493,2.1973391994833942e-09,0.0,1.8189894035458565e-12,2259719.6291390443,True,RANGE ADEQUATE,True,RANGE ADEQUATE,True,RANGE ADEQUATE,3.909740567676615e-05,3.909740567676615e-05,1.9548702838383074e-05,True,SMALL VALUES MAY BE LOST,1.5153570729542835e-07,1.5153570729542835e-07,7.576785364771417e-08,True,SMALL VALUES MAY BE LOST
ResNet18_CIFAR10_Training,beginning,gradients,layer3.0.bn1.bias,-0.0021259346976876,0.0022708061151206,0.0022708061151206,9.156574378721416e-07,0.0,2.7939677238464355e-08,2479.973428051469,True,RANGE ADEQUATE,True,RANGE ADEQUATE,True,RANGE ADEQUATE,1.7880363111185825e-05,1.7880363111185825e-05,8.940181555592913e-06,True,SMALL VALUES MAY BE LOST,6.93016179424604e-08,6.93016179424604e-08,3.46508089712302e-08,False,RANGE/STEP APPEARS ADEQUATE
ResNet18_CIFAR10_Training,beginning,gradients,layer3.0.bn1.weight,-0.0033656207378953,0.0042652352713048,0.0042652352713048,6.7870132625103e-06,0.0,2.1129380911588672e-08,628.4406861063397,True,RANGE ADEQUATE,True,RANGE ADEQUATE,True,RANGE ADEQUATE,3.3584529695313384e-05,3.3584529695313384e-05,1.6792264847656692e-05,True,SMALL VALUES MAY BE LOST,1.3016862304467298e-07,1.3016862304467298e-07,6.508431152233649e-08,False,RANGE/STEP APPEARS ADEQUATE
ResNet18_CIFAR10_Training,beginning,gradients,layer3.0.bn2.bias,-0.0021349766757339,0.0022613531909883,0.0022613531909883,1.1086231097579002e-06,0.0,6.827758625149728e-08,2039.7853617557473,True,RANGE ADEQUATE,True,RANGE ADEQUATE,True,RANGE ADEQUATE,1.780593063770315e-05,1.780593063770315e-05,8.902965318851575e-06,True,SMALL VALUES MAY BE LOST,6.901312878775292e-08,6.901312878775292e-08,3.450656439387646e-08,False,RANGE/STEP APPEARS ADEQUATE
ResNet18_CIFAR10_Training,beginning,gradients,layer3.0.bn2.weight,-0.0116079077124595,0.0054161003790795,0.0116079077124595,1.7810816643759608e-06,0.0,1.2623058864846828e-07,6517.336034968713,True,RANGE ADEQUATE,True,RANGE ADEQUATE,True,RANGE ADEQUATE,9.140084812960237e-05,9.140084812960237e-05,4.5700424064801184e-05,True,SMALL VALUES MAY BE LOST,3.5425604151919613e-07,3.5425604151919613e-07,1.7712802075959807e-07,False,RANGE/STEP APPEARS ADEQUATE
ResNet18_CIFAR10_Training,beginning,gradients,layer3.0.conv1.weight,-0.0062046744860708,0.0053129876032471,0.0062046744860708,2.9103830456733704e-11,0.0,4.547473508864641e-13,213190991.99999756,True,RANGE ADEQUATE,True,RANGE ADEQUATE,True,RANGE ADEQUATE,4.885570461473071e-05,4.885570461473071e-05,2.4427852307365355e-05,True,SMALL VALUES MAY BE LOST,1.8935741709862973e-07,1.8935741709862973e-07,9.467870854931487e-08,True,SMALL VALUES MAY BE LOST
ResNet18_CIFAR10_Training,beginning,gradients,layer3.0.conv2.weight,-0.0084561556577682,0.0088797882199287,0.0088797882199287,1.034550223266706e-11,2.213541666666667,3.552713678800501e-15,858323551.6483475,True,RANGE ADEQUATE,True,RANGE ADEQUATE,True,RANGE ADEQUATE,6.991959228290315e-05,6.991959228290315e-05,3.4959796141451574e-05,True,SMALL VALUES MAY BE LOST,2.7099790093474224e-07,2.7099790093474224e-07,1.3549895046737112e-07,True,SMALL VALUES MAY BE LOST
ResNet18_CIFAR10_Training,beginning,gradients,layer3.0.downsample.0.weight,-0.0081336852163076,0.0094374604523181,0.0094374604523181,1.82189978659153e-08,0.0,1.4551915228366852e-11,518001.0734824231,True,RANGE ADEQUATE,True,RANGE ADEQUATE,True,RANGE ADEQUATE,7.431071222297717e-05,7.431071222297717e-05,3.7155356111488584e-05,True,SMALL VALUES MAY BE LOST,2.880172262434187e-07,2.880172262434187e-07,1.4400861312170935e-07,True,SMALL VALUES MAY BE LOST
ResNet18_CIFAR10_Training,beginning,gradients,layer3.0.downsample.1.bias,-0.0021349766757339,0.0022613531909883,0.0022613531909883,1.1086231097579002e-06,0.0,6.827758625149728e-08,2039.7853617557473,True,RANGE ADEQUATE,True,RANGE ADEQUATE,True,RANGE ADEQUATE,1.780593063770315e-05,1.780593063770315e-05,8.902965318851575e-06,True,SMALL VALUES MAY BE LOST,6.901312878775292e-08,6.901312878775292e-08,3.450656439387646e-08,False,RANGE/STEP APPEARS ADEQUATE
ResNet18_CIFAR10_Training,beginning,gradients,layer3.0.downsample.1.weight,-0.0045852372422814,0.0071295956149697,0.0071295956149697,4.087472916580737e-06,0.0,7.018388714641334e-08,1744.255132810462,True,RANGE ADEQUATE,True,RANGE ADEQUATE,True,RANGE ADEQUATE,5.613854814936772e-05,5.613854814936772e-05,2.806927407468386e-05,True,SMALL VALUES MAY BE LOST,2.1758463133548083e-07,2.1758463133548083e-07,1.0879231566774041e-07,False,RANGE/STEP APPEARS ADEQUATE
ResNet18_CIFAR10_Training,beginning,gradients,layer3.1.bn1.bias,-0.000983454985544,0.0008438848890364,0.000983454985544,2.282475179526955e-06,0.0,8.703500498086215e-08,430.87214895709053,True,RANGE ADEQUATE,True,RANGE ADEQUATE,True,RANGE ADEQUATE,7.743740043653543e-06,7.743740043653543e-06,3.871870021826772e-06,True,SMALL VALUES MAY BE LOST,3.001358029554125e-08,3.001358029554125e-08,1.5006790147770624e-08,False,RANGE/STEP APPEARS ADEQUATE
ResNet18_CIFAR10_Training,beginning,gradients,layer3.1.bn1.weight,-0.0012324595591053,0.0009497026330791,0.0012324595591053,2.615604898892343e-06,0.0,7.62520357966423e-09,471.1948504253155,True,RANGE ADEQUATE,True,RANGE ADEQUATE,True,RANGE ADEQUATE,9.704405977207087e-06,9.704405977207087e-06,4.852202988603543e-06,True,SMALL VALUES MAY BE LOST,3.761282873333842e-08,3.761282873333842e-08,1.880641436666921e-08,False,RANGE/STEP APPEARS ADEQUATE
ResNet18_CIFAR10_Training,beginning,gradients,layer3.1.bn2.bias,-0.0032434612512588,0.0018809392349794,0.0032434612512588,1.673470251262188e-10,0.0,5.165929906070231e-10,19381648.695651874,True,RANGE ADEQUATE,True,RANGE ADEQUATE,True,RANGE ADEQUATE,2.553906497054173e-05,2.553906497054173e-05,1.2769532485270865e-05,True,SMALL VALUES MAY BE LOST,9.89856029315714e-08,9.89856029315714e-08,4.94928014657857e-08,True,SMALL VALUES MAY BE LOST
ResNet18_CIFAR10_Training,beginning,gradients,layer3.1.bn2.weight,-0.0045768623240292,0.0034465671051293,0.0045768623240292,1.0352378012612462e-06,0.0,1.0516669135540725e-07,4421.073417579167,True,RANGE ADEQUATE,True,RANGE ADEQUATE,True,RANGE ADEQUATE,3.6038286015977954e-05,3.6038286015977954e-05,1.8019143007988977e-05,True,SMALL VALUES MAY BE LOST,1.3967901620621967e-07,1.3967901620621967e-07,6.983950810310983e-08,False,RANGE/STEP APPEARS ADEQUATE
ResNet18_CIFAR10_Training,beginning,gradients,layer3.1.conv1.weight,-0.0030911534558981,0.0036216129083186,0.0036216129083186,5.258537203768622e-13,2.3871527777777777,6.217248937900877e-15,6887110935.952128,True,RANGE ADEQUATE,True,RANGE ADEQUATE,True,RANGE ADEQUATE,2.8516637073374804e-05,2.8516637073374804e-05,1.4258318536687402e-05,True,SMALL VALUES MAY BE LOST,1.1052622786091495e-07,1.1052622786091495e-07,5.5263113930457477e-08,True,SMALL VALUES MAY BE LOST
ResNet18_CIFAR10_Training,beginning,gradients,layer3.1.conv2.weight,-0.0042358138598501,0.0027976527344435,0.0042358138598501,9.113731904569766e-13,7.855902777777778,8.881784197001252e-16,4647727082.827834,True,RANGE ADEQUATE,True,RANGE ADEQUATE,True,RANGE ADEQUATE,3.335286503818976e-05,3.335286503818976e-05,1.667643251909488e-05,True,SMALL VALUES MAY BE LOST,1.292707254203955e-07,1.292707254203955e-07,6.463536271019775e-08,True,SMALL VALUES MAY BE LOST
ResNet18_CIFAR10_Training,beginning,gradients,layer4.0.bn1.bias,-0.0050893784500658,0.0062686959281563,0.0062686959281563,1.2519885785877705e-06,0.0,1.5890691429376602e-08,5006.991305964884,True,RANGE ADEQUATE,True,RANGE ADEQUATE,True,RANGE ADEQUATE,4.9359810457923625e-05,4.9359810457923625e-05,2.4679905228961812e-05,True,SMALL VALUES MAY BE LOST,1.9131125608558306e-07,1.9131125608558306e-07,9.565562804279153e-08,False,RANGE/STEP APPEARS ADEQUATE
ResNet18_CIFAR10_Training,beginning,gradients,layer4.0.bn1.weight,-0.007422050461173,0.0150931160897016,0.0150931160897016,2.427550498396158e-07,0.0,1.234002411365509e-08,62174.26207888721,True,RANGE ADEQUATE,True,RANGE ADEQUATE,True,RANGE ADEQUATE,0.00011884343377717796,0.00011884343377717796,5.942171688858898e-05,True,SMALL VALUES MAY BE LOST,4.6061940640588397e-07,4.6061940640588397e-07,2.3030970320294198e-07,False,RANGE/STEP APPEARS ADEQUATE
ResNet18_CIFAR10_Training,beginning,gradients,layer4.0.bn2.bias,-0.037672035396099,0.0396151505410671,0.0396151505410671,6.536538421642035e-09,14.84375,6.536538421642035e-09,6060570.287463472,True,RANGE ADEQUATE,True,RANGE ADEQUATE,True,RANGE ADEQUATE,0.0003119303192210008,0.0003119303192210008,0.0001559651596105004,True,SMALL VALUES MAY BE LOST,1.2089953471806117e-06,1.2089953471806117e-06,6.044976735903059e-07,True,SMALL VALUES MAY BE LOST
ResNet18_CIFAR10_Training,beginning,gradients,layer4.0.bn2.weight,-0.0190616752952337,0.0252303872257471,0.0252303872257471,2.615830574370648e-08,14.84375,1.1414158507250251e-08,964526.8112143452,True,RANGE ADEQUATE,True,RANGE ADEQUATE,True,RANGE ADEQUATE,0.00019866446634446536,0.00019866446634446536,9.933223317223268e-05,True,SMALL VALUES MAY BE LOST,7.699938116320414e-07,7.699938116320414e-07,3.849969058160207e-07,True,SMALL VALUES MAY BE LOST
ResNet18_CIFAR10_Training,beginning,gradients,layer4.0.conv1.weight,-0.0068311248905956,0.0083285709843039,0.0083285709843039,8.7146210386857e-12,58.24652777777778,3.552713678800501e-15,955700878.7108403,True,RANGE ADEQUATE,True,RANGE ADEQUATE,True,RANGE ADEQUATE,6.557929908900708e-05,6.557929908900708e-05,3.278964954450354e-05,True,SMALL VALUES MAY BE LOST,2.541755725059938e-07,2.541755725059938e-07,1.270877862529969e-07,True,SMALL VALUES MAY BE LOST
ResNet18_CIFAR10_Training,beginning,gradients,layer4.0.conv2.weight,-0.0210864972323179,0.0195545274764299,0.0210864972323179,1.5121237595394632e-12,90.53819444444444,1.3877787807814457e-17,13944954637.006739,True,RANGE ADEQUATE,True,RANGE ADEQUATE,True,RANGE ADEQUATE,0.0001660354112780937,0.0001660354112780937,8.301770563904685e-05,True,SMALL VALUES MAY BE LOST,6.435284656000824e-07,6.435284656000824e-07,3.217642328000412e-07,True,SMALL VALUES MAY BE LOST
ResNet18_CIFAR10_Training,beginning,gradients,layer4.0.downsample.0.weight,-0.0151635371148586,0.0178461875766515,0.0178461875766515,5.3141840835593465e-14,27.1514892578125,2.0412782521152945e-15,335821779901.5054,True,RANGE ADEQUATE,True,RANGE ADEQUATE,True,RANGE ADEQUATE,0.00014052116202087795,0.00014052116202087795,7.026058101043897e-05,True,SMALL VALUES MAY BE LOST,5.446390446684622e-07,5.446390446684622e-07,2.723195223342311e-07,True,SMALL VALUES MAY BE LOST
ResNet18_CIFAR10_Training,beginning,gradients,layer4.0.downsample.1.bias,-0.037672035396099,0.0396151505410671,0.0396151505410671,6.536538421642035e-09,14.84375,6.536538421642035e-09,6060570.287463472,True,RANGE ADEQUATE,True,RANGE ADEQUATE,True,RANGE ADEQUATE,0.0003119303192210008,0.0003119303192210008,0.0001559651596105004,True,SMALL VALUES MAY BE LOST,1.2089953471806117e-06,1.2089953471806117e-06,6.044976735903059e-07,True,SMALL VALUES MAY BE LOST
ResNet18_CIFAR10_Training,beginning,gradients,layer4.0.downsample.1.weight,-0.0345079824328422,0.0381130129098892,0.0381130129098892,5.5551442557089104e-08,14.84375,7.288008418981917e-09,686085.0259778802,True,RANGE ADEQUATE,True,RANGE ADEQUATE,True,RANGE ADEQUATE,0.00030010246385739526,0.00030010246385739526,0.00015005123192869763,True,SMALL VALUES MAY BE LOST,1.1631523456492569e-06,1.1631523456492569e-06,5.815761728246284e-07,True,SMALL VALUES MAY BE LOST
ResNet18_CIFAR10_Training,beginning,gradients,layer4.1.bn1.bias,-0.0033200548496097,0.0035968946758657,0.0035968946758657,1.3756798580288887e-06,0.0,5.617039278149605e-09,2614.6306169077943,True,RANGE ADEQUATE,True,RANGE ADEQUATE,True,RANGE ADEQUATE,2.8322005321777166e-05,2.8322005321777166e-05,1.4161002660888583e-05,True,SMALL VALUES MAY BE LOST,1.0977186424957121e-07,1.0977186424957121e-07,5.4885932124785606e-08,False,RANGE/STEP APPEARS ADEQUATE
ResNet18_CIFAR10_Training,beginning,gradients,layer4.1.bn1.weight,-0.0017662243917584,0.0027670888230204,0.0027670888230204,5.847250577062368e-07,0.0,1.5716068446636202e-09,4732.290478323528,True,RANGE ADEQUATE,True,RANGE ADEQUATE,True,RANGE ADEQUATE,2.1788100968664567e-05,2.1788100968664567e-05,1.0894050484332283e-05,True,SMALL VALUES MAY BE LOST,8.4447426466274e-08,8.4447426466274e-08,4.2223713233137e-08,False,RANGE/STEP APPEARS ADEQUATE
ResNet18_CIFAR10_Training,beginning,gradients,layer4.1.bn2.bias,-0.0492206700146198,0.0656565055251121,0.0656565055251121,2.847703797215218e-07,11.71875,8.96397978067398e-09,230559.4619402407,True,RANGE ADEQUATE,True,RANGE ADEQUATE,True,RANGE ADEQUATE,0.0005169803584654496,0.0005169803584654496,0.0002584901792327248,True,SMALL VALUES MAY BE LOST,2.0037386860289955e-06,2.0037386860289955e-06,1.0018693430144978e-06,True,SMALL VALUES MAY BE LOST
ResNet18_CIFAR10_Training,beginning,gradients,layer4.1.bn2.weight,-0.0127110537141561,0.0098453378304839,0.0127110537141561,5.561491889238823e-07,11.71875,9.022187441587448e-09,22855.474695110643,True,RANGE ADEQUATE,True,RANGE ADEQUATE,True,RANGE ADEQUATE,0.00010008703711933937,0.00010008703711933937,5.004351855966969e-05,True,SMALL VALUES MAY BE LOST,3.8792241322538225e-07,3.8792241322538225e-07,1.9396120661269112e-07,False,RANGE/STEP APPEARS ADEQUATE
ResNet18_CIFAR10_Training,beginning,gradients,layer4.1.conv1.weight,-0.0094559779390692,0.0148121565580368,0.0148121565580368,4.164160769676295e-12,90.53819444444444,7.105427357601002e-15,3557056842.257375,True,RANGE ADEQUATE,True,RANGE ADEQUATE,True,RANGE ADEQUATE,0.00011663115400028976,0.00011663115400028976,5.831557700014488e-05,True,SMALL VALUES MAY BE LOST,4.520449402764001e-07,4.520449402764001e-07,2.2602247013820004e-07,True,SMALL VALUES MAY BE LOST
ResNet18_CIFAR10_Training,beginning,gradients,layer4.1.conv2.weight,-0.0086257718503475,0.0083057871088385,0.0086257718503475,3.375258406101978e-12,90.1909722222222,2.220446049250313e-16,2555588583.9002295,True,RANGE ADEQUATE,True,RANGE ADEQUATE,True,RANGE ADEQUATE,6.791946338856299e-05,6.791946338856299e-05,3.3959731694281496e-05,True,SMALL VALUES MAY BE LOST,2.6324569995262e-07,2.6324569995262e-07,1.3162284997631e-07,True,SMALL VALUES MAY BE LOST
ResNet18_CIFAR10_Training,beginning,inputs,avgpool,0.0,6.615048885345459,6.615048885345459,2.1614134311676025e-05,73.84333333333333,1.4901161193847656e-08,306051.99310582556,True,RANGE ADEQUATE,True,RANGE ADEQUATE,True,RANGE ADEQUATE,0.05208699909720834,0.05208699909720834,0.02604349954860417,True,SMALL VALUES MAY BE LOST,0.00020188143209160005,0.00020188143209160005,0.00010094071604580002,True,SMALL VALUES MAY BE LOST
ResNet18_CIFAR10_Training,beginning,inputs,bn1,-70.61990356445312,55.14099884033203,70.61990356445312,0.0003078951267525,0.0,1.1920928955078125e-07,229363.49889428614,True,RANGE ADEQUATE,True,RANGE ADEQUATE,True,RANGE ADEQUATE,0.5560622327909694,0.5560622327909694,0.2780311163954847,True,SMALL VALUES MAY BE LOST,0.0021552141961257705,0.0021552141961257705,0.0010776070980628852,True,SMALL VALUES MAY BE LOST
ResNet18_CIFAR10_Training,beginning,inputs,conv1,-1.9894737005233765,2.12648868560791,2.12648868560791,0.0006281130481511,0.0,5.5283308029174805e-06,3385.519042897447,True,RANGE ADEQUATE,True,RANGE ADEQUATE,True,RANGE ADEQUATE,0.016744005398487482,0.016744005398487482,0.008372002699243741,True,SMALL VALUES MAY BE LOST,6.489726510232582e-05,6.489726510232582e-05,3.244863255116291e-05,False,RANGE/STEP APPEARS ADEQUATE
ResNet18_CIFAR10_Training,beginning,inputs,fc,0.0,6.476072788238525,6.476072788238525,1.385807991027832e-06,73.88333333333334,2.9802322387695312e-08,4673138.580645162,True,RANGE ADEQUATE,True,RANGE ADEQUATE,True,RANGE ADEQUATE,0.05099269911998839,0.05099269911998839,0.025496349559994195,True,SMALL VALUES MAY BE LOST,0.000197640088755105,0.000197640088755105,9.88200443775525e-05,True,SMALL VALUES MAY BE LOST
ResNet18_CIFAR10_Training,beginning,inputs,layer1.0.bn1,-58.81570816040039,59.195125579833984,59.195125579833984,0.0002933740615844,0.0,2.384185791015625e-07,201773.5489638858,True,RANGE ADEQUATE,True,RANGE ADEQUATE,True,RANGE ADEQUATE,0.4661033510223148,0.4661033510223148,0.2330516755111574,True,SMALL VALUES MAY BE LOST,0.0018065470009410072,0.0018065470009410072,0.0009032735004705036,True,SMALL VALUES MAY BE LOST
ResNet18_CIFAR10_Training,beginning,inputs,layer1.0.bn2,-37.08587265014648,24.61518287658691,37.08587265014648,4.062056541442871e-05,0.0,2.9802322387695312e-08,912982.6793837122,True,RANGE ADEQUATE,True,RANGE ADEQUATE,True,RANGE ADEQUATE,0.2920147452767439,0.2920147452767439,0.14600737263837196,True,SMALL VALUES MAY BE LOST,0.0011318055558991204,0.0011318055558991204,0.0005659027779495602,True,SMALL VALUES MAY BE LOST
ResNet18_CIFAR10_Training,beginning,inputs,layer1.0.conv1,0.0,8.954647064208984,8.954647064208984,3.695487976074219e-06,29.323333333333338,1.4901161193847656e-08,2423129.8064516126,True,RANGE ADEQUATE,True,RANGE ADEQUATE,True,RANGE ADEQUATE,0.07050903200164554,0.07050903200164554,0.03525451600082277,True,SMALL VALUES MAY BE LOST,0.0002732824812832723,0.0002732824812832723,0.00013664124064163616,True,SMALL VALUES MAY BE LOST
ResNet18_CIFAR10_Training,beginning,inputs,layer1.0.conv2,0.0,4.336313247680664,4.336313247680664,0.0001428425312042,49.53,2.7939677238464355e-08,30357.29772585522,True,RANGE ADEQUATE,True,RANGE ADEQUATE,True,RANGE ADEQUATE,0.03414419880063515,0.03414419880063515,0.017072099400317575,True,SMALL VALUES MAY BE LOST,0.0001323378169402345,0.0001323378169402345,6.616890847011726e-05,False,RANGE/STEP APPEARS ADEQUATE
ResNet18_CIFAR10_Training,beginning,inputs,layer1.0.relu,0.0,10.875823974609377,10.875823974609377,3.860890865325928e-05,25.206666666666667,2.2351741790771484e-08,281692.0849093015,True,RANGE ADEQUATE,True,RANGE ADEQUATE,True,RANGE ADEQUATE,0.08563640924889274,0.08563640924889274,0.04281820462444637,True,SMALL VALUES MAY BE LOST,0.0003319139370283937,0.0003319139370283937,0.00016595696851419686,True,SMALL VALUES MAY BE LOST
ResNet18_CIFAR10_Training,beginning,inputs,layer1.1.bn1,-61.04420852661133,36.78178787231445,61.04420852661133,3.337860107421875e-05,0.0,2.384185791015625e-07,1828842.6285714286,True,RANGE ADEQUATE,True,RANGE ADEQUATE,True,RANGE ADEQUATE,0.48066305926465613,0.48066305926465613,0.24033152963232807,True,SMALL VALUES MAY BE LOST,0.0018629782563741365,0.0018629782563741365,0.0009314891281870682,True,SMALL VALUES MAY BE LOST
ResNet18_CIFAR10_Training,beginning,inputs,layer1.1.bn2,-24.781848907470703,19.571971893310547,24.781848907470703,2.7954578399658203e-05,0.0,5.960464477539064e-08,886504.1194029851,True,RANGE ADEQUATE,True,RANGE ADEQUATE,True,RANGE ADEQUATE,0.19513266856276143,0.19513266856276143,0.09756633428138071,True,SMALL VALUES MAY BE LOST,0.0007563050907153753,0.0007563050907153753,0.00037815254535768765,True,SMALL VALUES MAY BE LOST
ResNet18_CIFAR10_Training,beginning,inputs,layer1.1.conv1,0.0,10.61821174621582,10.61821174621582,2.962350845336914e-05,24.776666666666667,2.9802322387695312e-08,358438.69617706235,True,RANGE ADEQUATE,True,RANGE ADEQUATE,True,RANGE ADEQUATE,0.08360796650563639,0.08360796650563639,0.04180398325281819,True,SMALL VALUES MAY BE LOST,0.0003240519957950322,0.0003240519957950322,0.0001620259978975161,True,SMALL VALUES MAY BE LOST
ResNet18_CIFAR10_Training,beginning,inputs,layer1.1.conv2,0.0,4.329846382141113,4.329846382141113,2.70158052444458e-05,49.25333333333333,1.4901161193847656e-08,160270.861555433,True,RANGE ADEQUATE,True,RANGE ADEQUATE,True,RANGE ADEQUATE,0.03409327859953633,0.03409327859953633,0.017046639299768164,True,SMALL VALUES MAY BE LOST,0.00013214045784298574,0.00013214045784298574,6.607022892149287e-05,True,SMALL VALUES MAY BE LOST
ResNet18_CIFAR10_Training,beginning,inputs,layer1.1.relu,0.0,10.950814247131348,10.950814247131348,4.429370164871216e-05,24.67,5.960464477539064e-08,247231.86005046256,True,RANGE ADEQUATE,True,RANGE ADEQUATE,True,RANGE ADEQUATE,0.0862268838356799,0.0862268838356799,0.04311344191783995,True,SMALL VALUES MAY BE LOST,0.0003342025283709631,0.0003342025283709631,0.00016710126418548155,True,SMALL VALUES MAY BE LOST
ResNet18_CIFAR10_Training,beginning,inputs,layer2.0.bn1,-45.32981491088867,26.525854110717773,45.32981491088867,0.000393901951611,0.0,1.1920928955078125e-07,115078.92947850731,True,RANGE ADEQUATE,True,RANGE ADEQUATE,True,RANGE ADEQUATE,0.35692767646369034,0.35692767646369034,0.17846383823184517,True,SMALL VALUES MAY BE LOST,0.0013833983859031548,0.0013833983859031548,0.0006916991929515774,True,SMALL VALUES MAY BE LOST
ResNet18_CIFAR10_Training,beginning,inputs,layer2.0.bn2,-19.92040252685547,16.252368927001953,19.92040252685547,0.0002913177013397,0.0,5.960464477539064e-08,68380.3367774987,True,RANGE ADEQUATE,True,RANGE ADEQUATE,True,RANGE ADEQUATE,0.15685356320358637,0.15685356320358637,0.07842678160179319,True,SMALL VALUES MAY BE LOST,0.000607940993281517,0.000607940993281517,0.0003039704966407585,True,SMALL VALUES MAY BE LOST
ResNet18_CIFAR10_Training,beginning,inputs,layer2.0.conv1,0.0,12.340744018554688,12.340744018554688,0.0002058017998933,25.113333333333333,4.4703483581542975e-08,59964.218121284015,True,RANGE ADEQUATE,True,RANGE ADEQUATE,True,RANGE ADEQUATE,0.0971712127445251,0.0971712127445251,0.04858560637226255,True,SMALL VALUES MAY BE LOST,0.0003766211132711169,0.0003766211132711169,0.00018831055663555844,False,RANGE/STEP APPEARS ADEQUATE
ResNet18_CIFAR10_Training,beginning,inputs,layer2.0.conv2,0.0,3.762786626815796,3.762786626815796,6.765127182006836e-06,51.403333333333336,1.4901161193847656e-08,556203.3832599119,True,RANGE ADEQUATE,True,RANGE ADEQUATE,True,RANGE ADEQUATE,0.02962824115602989,0.02962824115602989,0.014814120578014945,True,SMALL VALUES MAY BE LOST,0.00011483463932663337,0.00011483463932663337,5.741731966331669e-05,True,SMALL VALUES MAY BE LOST
ResNet18_CIFAR10_Training,beginning,inputs,layer2.0.downsample.0,0.0,12.18067455291748,12.18067455291748,8.603930473327637e-05,24.963333333333335,5.960464477539064e-08,141571.04814686527,True,RANGE ADEQUATE,True,RANGE ADEQUATE,True,RANGE ADEQUATE,0.09591082325131875,0.09591082325131875,0.047955411625659375,True,SMALL VALUES MAY BE LOST,0.00037173603176724997,0.00037173603176724997,0.00018586801588362498,True,SMALL VALUES MAY BE LOST
ResNet18_CIFAR10_Training,beginning,inputs,layer2.0.downsample.1,-13.072035789489746,8.462239265441895,13.072035789489746,0.0001144646084867,0.0,2.9802322387695312e-08,114201.55070035142,True,RANGE ADEQUATE,True,RANGE ADEQUATE,True,RANGE ADEQUATE,0.1029294156652736,0.1029294156652736,0.0514647078326368,True,SMALL VALUES MAY BE LOST,0.0003989390481121173,0.0003989390481121173,0.00019946952405605864,True,SMALL VALUES MAY BE LOST
ResNet18_CIFAR10_Training,beginning,inputs,layer2.0.relu,0.0,6.528958320617676,6.528958320617676,1.5422701835632324e-06,50.973333333333336,5.960464477539064e-08,4233342.763285024,True,RANGE ADEQUATE,True,RANGE ADEQUATE,True,RANGE ADEQUATE,0.051409120634784845,0.051409120634784845,0.025704560317392423,True,SMALL VALUES MAY BE LOST,0.00019925407637616125,0.00019925407637616125,9.962703818808063e-05,True,SMALL VALUES MAY BE LOST
ResNet18_CIFAR10_Training,beginning,inputs,layer2.1.bn1,-32.125831604003906,23.33982276916504,32.125831604003906,0.0004966557025909,0.0,2.9802322387695312e-08,64684.31035104062,True,RANGE ADEQUATE,True,RANGE ADEQUATE,True,RANGE ADEQUATE,0.2529593039685347,0.2529593039685347,0.12647965198426736,True,SMALL VALUES MAY BE LOST,0.0009804324962310834,0.0009804324962310834,0.0004902162481155417,False,RANGE/STEP APPEARS ADEQUATE
ResNet18_CIFAR10_Training,beginning,inputs,layer2.1.bn2,-20.04012680053711,18.41312599182129,20.04012680053711,0.0001335682463832,0.0,1.4901161193847656e-08,150036.60932287064,True,RANGE ADEQUATE,True,RANGE ADEQUATE,True,RANGE ADEQUATE,0.15779627401997723,0.15779627401997723,0.07889813700998861,True,SMALL VALUES MAY BE LOST,0.000611594799662377,0.000611594799662377,0.0003057973998311885,True,SMALL VALUES MAY BE LOST
ResNet18_CIFAR10_Training,beginning,inputs,layer2.1.conv1,0.0,6.76662015914917,6.76662015914917,6.765127182006836e-05,50.74333333333333,1.043081283569336e-07,100022.06872246697,True,RANGE ADEQUATE,True,RANGE ADEQUATE,True,RANGE ADEQUATE,0.053280473694087956,0.053280473694087956,0.026640236847043978,True,SMALL VALUES MAY BE LOST,0.00020650716144746757,0.00020650716144746757,0.00010325358072373379,True,SMALL VALUES MAY BE LOST
ResNet18_CIFAR10_Training,beginning,inputs,layer2.1.conv2,0.0,4.6861443519592285,4.6861443519592285,3.655068576335907e-05,49.696666666666665,1.4901161193847656e-08,128209.47826530092,True,RANGE ADEQUATE,True,RANGE ADEQUATE,True,RANGE ADEQUATE,0.03689877442487582,0.03689877442487582,0.01844938721243791,True,SMALL VALUES MAY BE LOST,0.00014301414081115842,0.00014301414081115842,7.150707040557921e-05,True,SMALL VALUES MAY BE LOST
ResNet18_CIFAR10_Training,beginning,inputs,layer2.1.relu,0.0,9.738248825073242,9.738248825073242,5.3316354751586914e-05,33.32333333333333,2.9802322387695312e-08,182650.3119060928,True,RANGE ADEQUATE,True,RANGE ADEQUATE,True,RANGE ADEQUATE,0.07667912460687593,0.07667912460687593,0.03833956230343796,True,SMALL VALUES MAY BE LOST,0.0002971968390476163,0.0002971968390476163,0.00014859841952380814,True,SMALL VALUES MAY BE LOST
ResNet18_CIFAR10_Training,beginning,inputs,layer3.0.bn1,-17.269052505493164,13.588000297546388,17.269052505493164,2.2249456378631297e-05,0.0,2.9802322387695312e-08,776156.1546321021,True,RANGE ADEQUATE,True,RANGE ADEQUATE,True,RANGE ADEQUATE,0.13597679138183594,0.13597679138183594,0.06798839569091797,True,SMALL VALUES MAY BE LOST,0.0005270257425303862,0.0005270257425303862,0.0002635128712651931,True,SMALL VALUES MAY BE LOST
ResNet18_CIFAR10_Training,beginning,inputs,layer3.0.bn2,-10.340543746948242,12.966633796691896,12.966633796691896,8.350610733032227e-05,0.0,2.9802322387695312e-08,155277.67023554607,True,RANGE ADEQUATE,True,RANGE ADEQUATE,True,RANGE ADEQUATE,0.10209947871410942,0.10209947871410942,0.05104973935705471,True,SMALL VALUES MAY BE LOST,0.0003957223363961271,0.0003957223363961271,0.00019786116819806354,True,SMALL VALUES MAY BE LOST
ResNet18_CIFAR10_Training,beginning,inputs,layer3.0.conv1,0.0,11.107561111450195,11.107561111450195,0.0002005882561206,33.163333333333334,2.2351741790771484e-08,55374.93234285849,True,RANGE ADEQUATE,True,RANGE ADEQUATE,True,RANGE ADEQUATE,0.08746111111378106,0.08746111111378106,0.04373055555689053,True,SMALL VALUES MAY BE LOST,0.0003389862090350107,0.0003389862090350107,0.00016949310451750535,False,RANGE/STEP APPEARS ADEQUATE
ResNet18_CIFAR10_Training,beginning,inputs,layer3.0.conv2,0.0,4.266758918762207,4.266758918762207,0.000162336975336,50.60666666666667,2.9802322387695312e-08,26283.346168862656,True,RANGE ADEQUATE,True,RANGE ADEQUATE,True,RANGE ADEQUATE,0.03359652691938746,0.03359652691938746,0.01679826345969373,True,SMALL VALUES MAY BE LOST,0.00013021512249403996,0.00013021512249403996,6.510756124701998e-05,False,RANGE/STEP APPEARS ADEQUATE
ResNet18_CIFAR10_Training,beginning,inputs,layer3.0.downsample.0,0.0,9.518457412719728,9.518457412719728,3.654602915048599e-05,33.42666666666666,2.9802322387695312e-08,260451.2072577152,True,RANGE ADEQUATE,True,RANGE ADEQUATE,True,RANGE ADEQUATE,0.07494848356472227,0.07494848356472227,0.03747424178236113,True,SMALL VALUES MAY BE LOST,0.00029048913274696273,0.00029048913274696273,0.00014524456637348137,True,SMALL VALUES MAY BE LOST
ResNet18_CIFAR10_Training,beginning,inputs,layer3.0.downsample.1,-7.565003395080566,9.503905296325684,9.503905296325684,8.859895024215803e-05,0.0,2.9802322387695312e-08,107268.82508595956,True,RANGE ADEQUATE,True,RANGE ADEQUATE,True,RANGE ADEQUATE,0.07483389997106837,0.07483389997106837,0.03741694998553419,True,SMALL VALUES MAY BE LOST,0.0002900450238448953,0.0002900450238448953,0.00014502251192244765,True,SMALL VALUES MAY BE LOST
ResNet18_CIFAR10_Training,beginning,inputs,layer3.0.relu,0.0,6.733587265014648,6.733587265014648,6.914138793945312e-05,53.3,2.9802322387695312e-08,97388.66206896551,True,RANGE ADEQUATE,True,RANGE ADEQUATE,True,RANGE ADEQUATE,0.053020372165469676,0.053020372165469676,0.026510186082734838,True,SMALL VALUES MAY BE LOST,0.00020549904675480355,0.00020549904675480355,0.00010274952337740178,True,SMALL VALUES MAY BE LOST
ResNet18_CIFAR10_Training,beginning,inputs,layer3.1.bn1,-17.90765953063965,14.95156478881836,17.90765953063965,9.69916582107544e-05,0.0,1.1920928955078125e-07,184630.92456598557,True,RANGE ADEQUATE,True,RANGE ADEQUATE,True,RANGE ADEQUATE,0.1410051931546429,0.1410051931546429,0.07050259657732146,True,SMALL VALUES MAY BE LOST,0.0005465150770787576,0.0005465150770787576,0.0002732575385393788,True,SMALL VALUES MAY BE LOST
ResNet18_CIFAR10_Training,beginning,inputs,layer3.1.bn2,-19.940208435058594,18.646530151367188,19.940208435058594,6.365776062011719e-05,0.0,2.9802322387695312e-08,313240.80898876407,True,RANGE ADEQUATE,True,RANGE ADEQUATE,True,RANGE ADEQUATE,0.15700951523668183,0.15700951523668183,0.07850475761834091,True,SMALL VALUES MAY BE LOST,0.0006085454400786949,0.0006085454400786949,0.00030427272003934744,True,SMALL VALUES MAY BE LOST
ResNet18_CIFAR10_Training,beginning,inputs,layer3.1.conv1,0.0,6.733587265014648,6.733587265014648,2.208724617958069e-05,52.89,2.9802322387695312e-08,304863.14184516785,True,RANGE ADEQUATE,True,RANGE ADEQUATE,True,RANGE ADEQUATE,0.053020372165469676,0.053020372165469676,0.026510186082734838,True,SMALL VALUES MAY BE LOST,0.00020549904675480355,0.00020549904675480355,0.00010274952337740178,True,SMALL VALUES MAY BE LOST
ResNet18_CIFAR10_Training,beginning,inputs,layer3.1.conv2,0.0,5.488958835601807,5.488958835601807,2.601661253720522e-05,55.376666666666665,7.450580596923828e-09,210978.9976597563,True,RANGE ADEQUATE,True,RANGE ADEQUATE,True,RANGE ADEQUATE,0.043220148311825246,0.043220148311825246,0.021610074155912623,True,SMALL VALUES MAY BE LOST,0.00016751484223767225,0.00016751484223767225,8.375742111883612e-05,True,SMALL VALUES MAY BE LOST
ResNet18_CIFAR10_Training,beginning,inputs,layer3.1.relu,0.0,10.763906478881836,10.763906478881836,1.136772334575653e-05,38.05,1.4901161193847656e-08,946883.2194002949,True,RANGE ADEQUATE,True,RANGE ADEQUATE,True,RANGE ADEQUATE,0.08475516912505382,0.08475516912505382,0.04237758456252691,True,SMALL VALUES MAY BE LOST,0.00032849838187450287,0.00032849838187450287,0.00016424919093725143,True,SMALL VALUES MAY BE LOST
ResNet18_CIFAR10_Training,beginning,inputs,layer4.0.bn1,-57.85478210449219,64.57913208007812,64.57913208007812,5.05666685057804e-05,0.0,2.9802322387695312e-08,1277108.696071127,True,RANGE ADEQUATE,True,RANGE ADEQUATE,True,RANGE ADEQUATE,0.5084971029927411,0.5084971029927411,0.25424855149637055,True,SMALL VALUES MAY BE LOST,0.0019708588543375385,0.0019708588543375385,0.0009854294271687692,True,SMALL VALUES MAY BE LOST
ResNet18_CIFAR10_Training,beginning,inputs,layer4.0.bn2,-39.53633117675781,35.07817077636719,39.53633117675781,6.940215826034546e-06,0.0,7.450580596923828e-09,5696700.530327429,True,RANGE ADEQUATE,True,RANGE ADEQUATE,True,RANGE ADEQUATE,0.31130969430517963,0.31130969430517963,0.15565484715258981,True,SMALL VALUES MAY BE LOST,0.0012065898976640465,0.0012065898976640465,0.0006032949488320232,True,SMALL VALUES MAY BE LOST
ResNet18_CIFAR10_Training,beginning,inputs,layer4.0.conv1,0.0,9.948795318603516,9.948795318603516,4.732981324195862e-06,37.56,1.4901161193847656e-08,2102014.4887839435,True,RANGE ADEQUATE,True,RANGE ADEQUATE,True,RANGE ADEQUATE,0.07833697101262611,0.07833697101262611,0.03916848550631306,True,SMALL VALUES MAY BE LOST,0.0003036224042055579,0.0003036224042055579,0.00015181120210277894,True,SMALL VALUES MAY BE LOST
ResNet18_CIFAR10_Training,beginning,inputs,layer4.0.conv2,0.0,3.654906034469605,3.654906034469605,1.374911516904831e-05,49.46333333333333,7.450580596923828e-09,265828.4543791913,True,RANGE ADEQUATE,True,RANGE ADEQUATE,True,RANGE ADEQUATE,0.028778787672989015,0.028778787672989015,0.014389393836494508,True,SMALL VALUES MAY BE LOST,0.00011154228444683995,0.00011154228444683995,5.577114222341998e-05,True,SMALL VALUES MAY BE LOST
ResNet18_CIFAR10_Training,beginning,inputs,layer4.0.downsample.0,0.0,11.073461532592772,11.073461532592772,1.136772334575653e-05,37.95,7.450580596923828e-09,974114.2703588398,True,RANGE ADEQUATE,True,RANGE ADEQUATE,True,RANGE ADEQUATE,0.08719261049285647,0.08719261049285647,0.043596305246428234,True,SMALL VALUES MAY BE LOST,0.0003379455407145229,0.0003379455407145229,0.00016897277035726144,True,SMALL VALUES MAY BE LOST
ResNet18_CIFAR10_Training,beginning,inputs,layer4.0.downsample.1,-92.18611145019533,50.95035552978515,92.18611145019533,5.59887193958275e-05,0.0,2.9802322387695312e-08,1646512.2339816438,True,RANGE ADEQUATE,True,RANGE ADEQUATE,True,RANGE ADEQUATE,0.7258748933086246,0.7258748933086246,0.3629374466543123,True,SMALL VALUES MAY BE LOST,0.002813382715848119,0.002813382715848119,0.0014066913579240596,True,SMALL VALUES MAY BE LOST
ResNet18_CIFAR10_Training,beginning,inputs,layer4.0.relu,0.0,9.21572494506836,9.21572494506836,1.6391277313232422e-06,81.44333333333333,5.960464477539064e-08,5622334.836363636,True,RANGE ADEQUATE,True,RANGE ADEQUATE,True,RANGE ADEQUATE,0.07256476334699495,0.07256476334699495,0.036282381673497476,True,SMALL VALUES MAY BE LOST,0.0002812501890642524,0.0002812501890642524,0.0001406250945321262,True,SMALL VALUES MAY BE LOST
ResNet18_CIFAR10_Training,beginning,inputs,layer4.1.bn1,-3.2742514610290527,2.8889527320861816,3.2742514610290527,2.0543113350868225e-05,0.0,1.862645149230957e-09,159384.3837156587,True,RANGE ADEQUATE,True,RANGE ADEQUATE,True,RANGE ADEQUATE,0.025781507567157896,0.025781507567157896,0.012890753783578948,True,SMALL VALUES MAY BE LOST,9.99252742402128e-05,9.99252742402128e-05,4.99626371201064e-05,True,SMALL VALUES MAY BE LOST
ResNet18_CIFAR10_Training,beginning,inputs,layer4.1.bn2,-17.790115356445312,15.867178916931152,17.790115356445312,8.394289761781693e-05,0.0,1.4901161193847656e-08,211931.1563134479,True,RANGE ADEQUATE,True,RANGE ADEQUATE,True,RANGE ADEQUATE,0.14007964847594734,0.14007964847594734,0.07003982423797367,True,SMALL VALUES MAY BE LOST,0.0005429278040847594,0.0005429278040847594,0.0002714639020423797,True,SMALL VALUES MAY BE LOST
ResNet18_CIFAR10_Training,beginning,inputs,layer4.1.conv1,0.0,7.874911308288574,7.874911308288574,1.6391277313232422e-06,81.10666666666667,1.862645149230957e-08,4804330.472727273,True,RANGE ADEQUATE,True,RANGE ADEQUATE,True,RANGE ADEQUATE,0.062007175655815545,0.062007175655815545,0.031003587827907773,True,SMALL VALUES MAY BE LOST,0.0002403305553846423,0.0002403305553846423,0.00012016527769232115,True,SMALL VALUES MAY BE LOST
ResNet18_CIFAR10_Training,beginning,inputs,layer4.1.conv2,0.0,3.5107874870300293,3.5107874870300293,6.321817636489868e-06,43.51333333333333,7.450580596923828e-09,555344.6317030053,True,RANGE ADEQUATE,True,RANGE ADEQUATE,True,RANGE ADEQUATE,0.027643995960866374,0.027643995960866374,0.013821997980433187,True,SMALL VALUES MAY BE LOST,0.00010714400119113832,0.00010714400119113832,5.357200059556916e-05,True,SMALL VALUES MAY BE LOST
ResNet18_CIFAR10_Training,beginning,inputs,layer4.1.relu,0.0,6.615048885345459,6.615048885345459,2.7567148208618164e-06,73.92999999999999,1.4901161193847656e-08,2399613.0594594595,True,RANGE ADEQUATE,True,RANGE ADEQUATE,True,RANGE ADEQUATE,0.05208699909720834,0.05208699909720834,0.02604349954860417,True,SMALL VALUES MAY BE LOST,0.00020188143209160005,0.00020188143209160005,0.00010094071604580002,True,SMALL VALUES MAY BE LOST
ResNet18_CIFAR10_Training,beginning,inputs,maxpool,0.0,8.975946426391602,8.975946426391602,4.820525646209717e-05,48.986666666666665,1.4901161193847656e-08,186202.6485316847,True,RANGE ADEQUATE,True,RANGE ADEQUATE,True,RANGE ADEQUATE,0.0706767435148945,0.0706767435148945,0.03533837175744725,True,SMALL VALUES MAY BE LOST,0.00027393250606987525,0.00027393250606987525,0.00013696625303493762,True,SMALL VALUES MAY BE LOST
ResNet18_CIFAR10_Training,beginning,inputs,relu,0.0,9.045080184936523,9.045080184936523,8.349120616912842e-05,48.71333333333333,2.9802322387695312e-08,108335.72300553275,True,RANGE ADEQUATE,True,RANGE ADEQUATE,True,RANGE ADEQUATE,0.07122110381839782,0.07122110381839782,0.03561055190919891,True,SMALL VALUES MAY BE LOST,0.00027604236533513974,0.00027604236533513974,0.00013802118266756987,True,SMALL VALUES MAY BE LOST
ResNet18_CIFAR10_Training,beginning,updates,bn1.bias,-0.0008968412876129,0.0016283467411994,0.0016283467411994,9.875744581222534e-06,0.0,2.980232238769531e-07,164.88344021123157,True,RANGE ADEQUATE,True,RANGE ADEQUATE,True,RANGE ADEQUATE,1.2821627883459841e-05,1.2821627883459841e-05,6.410813941729921e-06,False,RANGE/STEP APPEARS ADEQUATE,4.969471545150303e-08,4.969471545150303e-08,2.4847357725751516e-08,False,RANGE/STEP APPEARS ADEQUATE
ResNet18_CIFAR10_Training,beginning,updates,bn1.weight,-0.0019076466560363,0.0022213459014892,0.0022213459014892,2.0503997802734375e-05,0.0,1.96695327758789e-06,108.33720930232276,True,RANGE ADEQUATE,True,RANGE ADEQUATE,True,RANGE ADEQUATE,1.7490912610151183e-05,1.7490912610151183e-05,8.745456305075592e-06,False,RANGE/STEP APPEARS ADEQUATE,6.779216594406569e-08,6.779216594406569e-08,3.389608297203284e-08,False,RANGE/STEP APPEARS ADEQUATE
ResNet18_CIFAR10_Training,beginning,updates,conv1.weight,-0.0039781928062438,0.0014777928590774,0.0039781928062438,3.725290298461914e-09,0.0,2.037268131971359e-10,1067887.9999999742,True,RANGE ADEQUATE,True,RANGE ADEQUATE,True,RANGE ADEQUATE,3.132435280506929e-05,3.132435280506929e-05,1.5662176402534646e-05,True,SMALL VALUES MAY BE LOST,1.2140851485469527e-07,1.2140851485469527e-07,6.070425742734763e-08,True,SMALL VALUES MAY BE LOST
ResNet18_CIFAR10_Training,beginning,updates,fc.bias,-0.0135682672262191,0.0155424326658248,0.0155424326658248,0.0001002177596092,0.0,0.0004537552595138,155.08661066095118,True,RANGE ADEQUATE,True,RANGE ADEQUATE,True,RANGE ADEQUATE,0.00012238135957342363,0.00012238135957342363,6.119067978671181e-05,False,RANGE/STEP APPEARS ADEQUATE,4.743318785920225e-07,4.743318785920225e-07,2.3716593929601124e-07,False,RANGE/STEP APPEARS ADEQUATE
ResNet18_CIFAR10_Training,beginning,updates,fc.weight,-0.014268934726715,0.0167409479618072,0.0167409479618072,1.4901161193847656e-08,0.0,3.0331648304127157e-10,1123465.9999999965,True,RANGE ADEQUATE,True,RANGE ADEQUATE,True,RANGE ADEQUATE,0.00013181848788824566,0.00013181848788824566,6.590924394412283e-05,True,SMALL VALUES MAY BE LOST,5.109087790095889e-07,5.109087790095889e-07,2.5545438950479443e-07,True,SMALL VALUES MAY BE LOST
ResNet18_CIFAR10_Training,beginning,updates,layer1.0.bn1.bias,-0.0012540221214294,0.0005862116813659,0.0012540221214294,1.3656914234161375e-05,0.0,5.587935447692871e-09,91.82324058919487,True,RANGE ADEQUATE,True,RANGE ADEQUATE,True,RANGE ADEQUATE,9.874189932514961e-06,9.874189932514961e-06,4.9370949662574805e-06,False,RANGE/STEP APPEARS ADEQUATE,3.827088599595324e-08,3.827088599595324e-08,1.913544299797662e-08,False,RANGE/STEP APPEARS ADEQUATE
ResNet18_CIFAR10_Training,beginning,updates,layer1.0.bn1.weight,-0.0014594197273254,0.0008025765419006,0.0014594197273254,1.0728836059570312e-06,0.0,5.960464477539064e-08,1360.277777777741,True,RANGE ADEQUATE,True,RANGE ADEQUATE,True,RANGE ADEQUATE,1.1491493915948032e-05,1.1491493915948032e-05,5.745746957974016e-06,True,SMALL VALUES MAY BE LOST,4.4539314777837456e-08,4.4539314777837456e-08,2.2269657388918728e-08,False,RANGE/STEP APPEARS ADEQUATE
ResNet18_CIFAR10_Training,beginning,updates,layer1.0.bn2.bias,-0.0010212715715169,0.0019469857215881,0.0019469857215881,9.104609489440918e-06,0.0,2.384185791015625e-07,213.84615384615003,True,RANGE ADEQUATE,True,RANGE ADEQUATE,True,RANGE ADEQUATE,1.5330596232977165e-05,1.5330596232977165e-05,7.665298116488583e-06,False,RANGE/STEP APPEARS ADEQUATE,5.941910219391766e-08,5.941910219391766e-08,2.970955109695883e-08,False,RANGE/STEP APPEARS ADEQUATE
ResNet18_CIFAR10_Training,beginning,updates,layer1.0.bn2.weight,-0.0028657913208007,0.0008711814880371,0.0028657913208007,3.3736228942871094e-05,0.0,2.384185791015625e-07,84.94699646642869,True,RANGE ADEQUATE,True,RANGE ADEQUATE,True,RANGE ADEQUATE,2.2565285990556695e-05,2.2565285990556695e-05,1.1282642995278347e-05,False,RANGE/STEP APPEARS ADEQUATE,8.745967958008668e-08,8.745967958008668e-08,4.372983979004334e-08,False,RANGE/STEP APPEARS ADEQUATE
ResNet18_CIFAR10_Training,beginning,updates,layer1.0.conv1.weight,-0.0005949661135673,0.0006991326808929,0.0006991326808929,1.862645149230957e-09,0.0027126736111111,1.4551915228366852e-11,375343.9999999762,True,RANGE ADEQUATE,True,RANGE ADEQUATE,True,RANGE ADEQUATE,5.504981739314174e-06,5.504981739314174e-06,2.752490869657087e-06,True,SMALL VALUES MAY BE LOST,2.133648734680929e-08,2.133648734680929e-08,1.0668243673404644e-08,True,SMALL VALUES MAY BE LOST
ResNet18_CIFAR10_Training,beginning,updates,layer1.0.conv2.weight,-0.0007613897323608,0.0008072815835475,0.0008072815835475,7.450580596923828e-09,0.0,5.820766091346741e-11,108351.49999998763,True,RANGE ADEQUATE,True,RANGE ADEQUATE,True,RANGE ADEQUATE,6.356547901948819e-06,6.356547901948819e-06,3.1782739509744096e-06,True,SMALL VALUES MAY BE LOST,2.46370306572924e-08,2.46370306572924e-08,1.23185153286462e-08,True,SMALL VALUES MAY BE LOST
ResNet18_CIFAR10_Training,beginning,updates,layer1.1.bn1.bias,-0.0006677657365798,0.000682596117258,0.000682596117258,5.174428224563599e-06,0.0,2.570450305938721e-07,131.91720662345622,True,RANGE ADEQUATE,True,RANGE ADEQUATE,True,RANGE ADEQUATE,5.374772576834646e-06,5.374772576834646e-06,2.687386288417323e-06,False,RANGE/STEP APPEARS ADEQUATE,2.0831816072817164e-08,2.0831816072817164e-08,1.0415908036408582e-08,False,RANGE/STEP APPEARS ADEQUATE
ResNet18_CIFAR10_Training,beginning,updates,layer1.1.bn1.weight,-0.0014170408248901,0.0003970265388488,0.0014170408248901,1.1920928955078125e-07,0.0,5.364418029785156e-07,11886.999999999693,True,RANGE ADEQUATE,True,RANGE ADEQUATE,True,RANGE ADEQUATE,1.1157801770788189e-05,1.1157801770788189e-05,5.5789008853940946e-06,True,SMALL VALUES MAY BE LOST,4.32459738422834e-08,4.32459738422834e-08,2.16229869211417e-08,False,RANGE/STEP APPEARS ADEQUATE
ResNet18_CIFAR10_Training,beginning,updates,layer1.1.bn2.bias,-0.0009829178452491,0.0017524305731058,0.0017524305731058,1.4569610357284546e-05,0.0,2.039596438407898e-07,120.27985170033156,True,RANGE ADEQUATE,True,RANGE ADEQUATE,True,RANGE ADEQUATE,1.3798665929966929e-05,1.3798665929966929e-05,6.8993329649834644e-06,False,RANGE/STEP APPEARS ADEQUATE,5.348156905135655e-08,5.348156905135655e-08,2.6740784525678274e-08,False,RANGE/STEP APPEARS ADEQUATE
ResNet18_CIFAR10_Training,beginning,updates,layer1.1.bn2.weight,-0.0020611882209777,0.0008981227874755,0.0020611882209777,3.695487976074219e-06,0.0,1.788139343261719e-07,557.7580645161064,True,RANGE ADEQUATE,True,RANGE ADEQUATE,True,RANGE ADEQUATE,1.6229828511635434e-05,1.6229828511635434e-05,8.114914255817717e-06,True,SMALL VALUES MAY BE LOST,6.290439225372173e-08,6.290439225372173e-08,3.1452196126860865e-08,False,RANGE/STEP APPEARS ADEQUATE
ResNet18_CIFAR10_Training,beginning,updates,layer1.1.conv1.weight,-0.0008001755923032,0.0007186233997344,0.0008001755923032,9.313225746154783e-10,0.0027126736111111,7.275957614183426e-12,859181.9999999185,True,RANGE ADEQUATE,True,RANGE ADEQUATE,True,RANGE ADEQUATE,6.300595214985826e-06,6.300595214985826e-06,3.150297607492913e-06,True,SMALL VALUES MAY BE LOST,2.4420166396166875e-08,2.4420166396166875e-08,1.2210083198083437e-08,True,SMALL VALUES MAY BE LOST
ResNet18_CIFAR10_Training,beginning,updates,layer1.1.conv2.weight,-0.0008053481578826,0.0007408633828163,0.0008053481578826,7.450580596923828e-09,0.0027126736111111,2.9103830456733704e-11,108091.99999998786,True,RANGE ADEQUATE,True,RANGE ADEQUATE,True,RANGE ADEQUATE,6.341324077815748e-06,6.341324077815748e-06,3.170662038907874e-06,True,SMALL VALUES MAY BE LOST,2.457802538781701e-08,2.457802538781701e-08,1.2289012693908505e-08,True,SMALL VALUES MAY BE LOST
ResNet18_CIFAR10_Training,beginning,updates,layer2.0.bn1.bias,-0.000656658783555,0.0006844997406005,0.0006844997406005,7.16187059879303e-07,0.0,6.705522537231445e-08,955.7555266578773,True,RANGE ADEQUATE,True,RANGE ADEQUATE,True,RANGE ADEQUATE,5.389761737011811e-06,5.389761737011811e-06,2.6948808685059055e-06,True,SMALL VALUES MAY BE LOST,2.0889911819833977e-08,2.0889911819833977e-08,1.0444955909916988e-08,False,RANGE/STEP APPEARS ADEQUATE
ResNet18_CIFAR10_Training,beginning,updates,layer2.0.bn1.weight,-0.0013697147369384,0.0007288455963134,0.0013697147369384,3.522634506225586e-05,0.0,5.960464477539064e-08,38.88324873096229,True,RANGE ADEQUATE,True,RANGE ADEQUATE,True,RANGE ADEQUATE,1.078515540896378e-05,1.078515540896378e-05,5.39257770448189e-06,False,RANGE/STEP APPEARS ADEQUATE,4.1801652178667566e-08,4.1801652178667566e-08,2.0900826089333783e-08,False,RANGE/STEP APPEARS ADEQUATE
ResNet18_CIFAR10_Training,beginning,updates,layer2.0.bn2.bias,-0.0007863342761993,0.0009918259456753,0.0009918259456753,3.768131136894226e-06,0.0,3.743916749954224e-07,263.21428571426634,True,RANGE ADEQUATE,True,RANGE ADEQUATE,True,RANGE ADEQUATE,7.809653115553543e-06,7.809653115553543e-06,3.9048265577767715e-06,True,SMALL VALUES MAY BE LOST,3.026904952163152e-08,3.026904952163152e-08,1.513452476081576e-08,False,RANGE/STEP APPEARS ADEQUATE
ResNet18_CIFAR10_Training,beginning,updates,layer2.0.bn2.weight,-0.001734435558319,0.000897467136383,0.001734435558319,2.7418136596679688e-06,0.0,5.960464477539064e-08,632.5869565217057,True,RANGE ADEQUATE,True,RANGE ADEQUATE,True,RANGE ADEQUATE,1.3656972900149607e-05,1.3656972900149607e-05,6.828486450074804e-06,True,SMALL VALUES MAY BE LOST,5.293238802206488e-08,5.293238802206488e-08,2.646619401103244e-08,False,RANGE/STEP APPEARS ADEQUATE
ResNet18_CIFAR10_Training,beginning,updates,layer2.0.conv1.weight,-0.0013508349657058,0.0010568238794803,0.0013508349657058,1.862645149230957e-09,0.0,7.275957614183426e-12,725223.9999999616,True,RANGE ADEQUATE,True,RANGE ADEQUATE,True,RANGE ADEQUATE,1.0636495792959055e-05,1.0636495792959055e-05,5.318247896479528e-06,True,SMALL VALUES MAY BE LOST,4.12254697014008e-08,4.12254697014008e-08,2.06127348507004e-08,True,SMALL VALUES MAY BE LOST
ResNet18_CIFAR10_Training,beginning,updates,layer2.0.conv2.weight,-0.0014533102512359,0.0013401061296463,0.0014533102512359,3.725290298461914e-09,0.0020345052083333,1.091393642127514e-11,390119.99999998335,True,RANGE ADEQUATE,True,RANGE ADEQUATE,True,RANGE ADEQUATE,1.1443387805007086e-05,1.1443387805007086e-05,5.721693902503543e-06,True,SMALL VALUES MAY BE LOST,4.435286267390667e-08,4.435286267390667e-08,2.2176431336953334e-08,True,SMALL VALUES MAY BE LOST
ResNet18_CIFAR10_Training,beginning,updates,layer2.0.downsample.0.weight,-0.0044136941432952,0.0035445094108581,0.0044136941432952,4.4703483581542975e-08,0.0,8.731149137020111e-11,98732.66666666468,True,RANGE ADEQUATE,True,RANGE ADEQUATE,True,RANGE ADEQUATE,3.475349719130078e-05,3.475349719130078e-05,1.737674859565039e-05,True,SMALL VALUES MAY BE LOST,1.3469936653630787e-07,1.3469936653630787e-07,6.734968326815393e-08,True,SMALL VALUES MAY BE LOST
ResNet18_CIFAR10_Training,beginning,updates,layer2.0.downsample.1.bias,-0.0007863342761993,0.0009918259456753,0.0009918259456753,3.768131136894226e-06,0.0,3.743916749954224e-07,263.21428571426634,True,RANGE ADEQUATE,True,RANGE ADEQUATE,True,RANGE ADEQUATE,7.809653115553543e-06,7.809653115553543e-06,3.9048265577767715e-06,True,SMALL VALUES MAY BE LOST,3.026904952163152e-08,3.026904952163152e-08,1.513452476081576e-08,False,RANGE/STEP APPEARS ADEQUATE
ResNet18_CIFAR10_Training,beginning,updates,layer2.0.downsample.1.weight,-0.0014060139656066,0.0006879568099975,0.0014060139656066,3.993511199951172e-06,0.0,3.576278686523438e-07,352.07462686564924,True,RANGE ADEQUATE,True,RANGE ADEQUATE,True,RANGE ADEQUATE,1.1070976107138582e-05,1.1070976107138582e-05,5.535488053569291e-06,True,SMALL VALUES MAY BE LOST,4.290945053274941e-08,4.290945053274941e-08,2.1454725266374704e-08,False,RANGE/STEP APPEARS ADEQUATE
ResNet18_CIFAR10_Training,beginning,updates,layer2.1.bn1.bias,-0.0006820112466812,0.00070121884346,0.00070121884346,9.082257747650146e-06,0.0,3.725290298461914e-09,77.20754716980218,True,RANGE ADEQUATE,True,RANGE ADEQUATE,True,RANGE ADEQUATE,5.521408216220472e-06,5.521408216220472e-06,2.760704108110236e-06,False,RANGE/STEP APPEARS ADEQUATE,2.14001539188818e-08,2.14001539188818e-08,1.07000769594409e-08,False,RANGE/STEP APPEARS ADEQUATE
ResNet18_CIFAR10_Training,beginning,updates,layer2.1.bn1.weight,-0.0009602308273315,0.0001547932624816,0.0009602308273315,2.157688140869141e-05,0.0,5.960464477539064e-08,44.50276243093723,True,RANGE ADEQUATE,True,RANGE ADEQUATE,True,RANGE ADEQUATE,7.560872656153543e-06,7.560872656153543e-06,3.7804363280767716e-06,False,RANGE/STEP APPEARS ADEQUATE,2.930481360306101e-08,2.930481360306101e-08,1.4652406801530504e-08,False,RANGE/STEP APPEARS ADEQUATE
ResNet18_CIFAR10_Training,beginning,updates,layer2.1.bn2.bias,-0.0007982868701219,0.0005218163132667,0.0007982868701219,8.009374141693115e-07,0.0,2.142041921615601e-08,996.6906976743489,True,RANGE ADEQUATE,True,RANGE ADEQUATE,True,RANGE ADEQUATE,6.285723386786615e-06,6.285723386786615e-06,3.1428616933933073e-06,True,SMALL VALUES MAY BE LOST,2.4362525410379345e-08,2.4362525410379345e-08,1.2181262705189673e-08,False,RANGE/STEP APPEARS ADEQUATE
ResNet18_CIFAR10_Training,beginning,updates,layer2.1.bn2.weight,-0.0013872981071472,0.0003086924552917,0.0013872981071472,2.1278858184814453e-05,0.0,1.788139343261719e-07,65.19607843137176,True,RANGE ADEQUATE,True,RANGE ADEQUATE,True,RANGE ADEQUATE,1.092360714289134e-05,1.092360714289134e-05,5.46180357144567e-06,False,RANGE/STEP APPEARS ADEQUATE,4.2338270429004796e-08,4.2338270429004796e-08,2.1169135214502398e-08,False,RANGE/STEP APPEARS ADEQUATE
ResNet18_CIFAR10_Training,beginning,updates,layer2.1.conv1.weight,-0.0008935779333114,0.0005983299924992,0.0008935779333114,9.313225746154783e-10,0.0013563368055555,3.637978807091713e-12,959471.9999999332,True,RANGE ADEQUATE,True,RANGE ADEQUATE,True,RANGE ADEQUATE,7.036046718987401e-06,7.036046718987401e-06,3.5180233594937005e-06,True,SMALL VALUES MAY BE LOST,2.7270666625305946e-08,2.7270666625305946e-08,1.3635333312652973e-08,True,SMALL VALUES MAY BE LOST
ResNet18_CIFAR10_Training,beginning,updates,layer2.1.conv2.weight,-0.0009538754820823,0.0008022636175155,0.0009538754820823,4.656612873077393e-10,0.0020345052083333,7.275957614183426e-12,2048431.9999998563,True,RANGE ADEQUATE,True,RANGE ADEQUATE,True,RANGE ADEQUATE,7.5108305675771655e-06,7.5108305675771655e-06,3.7554152837885827e-06,True,SMALL VALUES MAY BE LOST,2.9110857938850064e-08,2.9110857938850064e-08,1.4555428969425032e-08,True,SMALL VALUES MAY BE LOST
ResNet18_CIFAR10_Training,beginning,updates,layer3.0.bn1.bias,-0.0003727171570062,0.00044397264719,0.00044397264719,7.171183824539186e-08,0.0,3.2596290111541752e-09,6191.064935063623,True,RANGE ADEQUATE,True,RANGE ADEQUATE,True,RANGE ADEQUATE,3.4958476156692912e-06,3.4958476156692912e-06,1.7479238078346456e-06,True,SMALL VALUES MAY BE LOST,1.3549383440351573e-08,1.3549383440351573e-08,6.774691720175787e-09,False,RANGE/STEP APPEARS ADEQUATE
ResNet18_CIFAR10_Training,beginning,updates,layer3.0.bn1.weight,-0.0008268952369689,0.001039981842041,0.001039981842041,7.450580596923828e-06,0.0,5.960464477539064e-08,139.5839999999979,True,RANGE ADEQUATE,True,RANGE ADEQUATE,True,RANGE ADEQUATE,8.188833401897639e-06,8.188833401897639e-06,4.094416700948819e-06,False,RANGE/STEP APPEARS ADEQUATE,3.173869570119327e-08,3.173869570119327e-08,1.5869347850596636e-08,False,RANGE/STEP APPEARS ADEQUATE
ResNet18_CIFAR10_Training,beginning,updates,layer3.0.bn2.bias,-0.0005020555108785,0.0008063660934567,0.0008063660934567,1.4901161193847656e-08,0.0,3.725290298461914e-09,54114.31249999697,True,RANGE ADEQUATE,True,RANGE ADEQUATE,True,RANGE ADEQUATE,6.349339318556693e-06,6.349339318556693e-06,3.1746696592783465e-06,True,SMALL VALUES MAY BE LOST,2.4609091264281137e-08,2.4609091264281137e-08,1.2304545632140568e-08,False,RANGE/STEP APPEARS ADEQUATE
ResNet18_CIFAR10_Training,beginning,updates,layer3.0.bn2.weight,-0.0009559988975524,0.0013205409049987,0.0013205409049987,1.7940998077392578e-05,0.0,5.960464477539064e-08,73.60465116278627,True,RANGE ADEQUATE,True,RANGE ADEQUATE,True,RANGE ADEQUATE,1.0397959881879528e-05,1.0397959881879528e-05,5.198979940939764e-06,False,RANGE/STEP APPEARS ADEQUATE,4.030094012264473e-08,4.030094012264473e-08,2.0150470061322366e-08,False,RANGE/STEP APPEARS ADEQUATE
ResNet18_CIFAR10_Training,beginning,updates,layer3.0.conv1.weight,-0.0010248268954455,0.0011533126235008,0.0011533126235008,2.3283064365386963e-10,0.0023735894097222,1.8189894035458565e-12,4953439.999999897,True,RANGE ADEQUATE,True,RANGE ADEQUATE,True,RANGE ADEQUATE,9.081201759848818e-06,9.081201759848818e-06,4.540600879924409e-06,True,SMALL VALUES MAY BE LOST,3.519738222909634e-08,3.519738222909634e-08,1.759869111454817e-08,True,SMALL VALUES MAY BE LOST
ResNet18_CIFAR10_Training,beginning,updates,layer3.0.conv2.weight,-0.001271829009056,0.0018057972192764,0.0018057972192764,1.1540990385583427e-11,0.0008477105034722,1.3642420526593924e-12,156468133.05833218,True,RANGE ADEQUATE,True,RANGE ADEQUATE,True,RANGE ADEQUATE,1.4218875742333858e-05,1.4218875742333858e-05,7.109437871166929e-06,True,SMALL VALUES MAY BE LOST,5.5110239548216196e-08,5.5110239548216196e-08,2.7555119774108098e-08,True,SMALL VALUES MAY BE LOST
ResNet18_CIFAR10_Training,beginning,updates,layer3.0.downsample.0.weight,-0.0015150159597396,0.0018266215920448,0.0018266215920448,1.4901161193847656e-08,0.0,5.820766091346741e-11,122582.49999999796,True,RANGE ADEQUATE,True,RANGE ADEQUATE,True,RANGE ADEQUATE,1.4382847181455117e-05,1.4382847181455117e-05,7.191423590727559e-06,True,SMALL VALUES MAY BE LOST,5.57457683658803e-08,5.57457683658803e-08,2.787288418294015e-08,True,SMALL VALUES MAY BE LOST
ResNet18_CIFAR10_Training,beginning,updates,layer3.0.downsample.1.bias,-0.0005020555108785,0.0008063660934567,0.0008063660934567,1.4901161193847656e-08,0.0,3.725290298461914e-09,54114.31249999697,True,RANGE ADEQUATE,True,RANGE ADEQUATE,True,RANGE ADEQUATE,6.349339318556693e-06,6.349339318556693e-06,3.1746696592783465e-06,True,SMALL VALUES MAY BE LOST,2.4609091264281137e-08,2.4609091264281137e-08,1.2304545632140568e-08,False,RANGE/STEP APPEARS ADEQUATE
ResNet18_CIFAR10_Training,beginning,updates,layer3.0.downsample.1.weight,-0.0021125674247741,0.0006714463233947,0.0021125674247741,1.5497207641601562e-06,0.0,5.960464477539064e-08,1363.1923076922626,True,RANGE ADEQUATE,True,RANGE ADEQUATE,True,RANGE ADEQUATE,1.6634389171449607e-05,1.6634389171449607e-05,8.317194585724803e-06,True,SMALL VALUES MAY BE LOST,6.447240897165135e-08,6.447240897165135e-08,3.223620448582568e-08,False,RANGE/STEP APPEARS ADEQUATE
ResNet18_CIFAR10_Training,beginning,updates,layer3.1.bn1.bias,-0.000184915959835,0.0001927763223648,0.0001927763223648,1.527369022369385e-07,0.0,1.862645149230957e-09,1262.1463414633677,True,RANGE ADEQUATE,True,RANGE ADEQUATE,True,RANGE ADEQUATE,1.5179237981480315e-06,1.5179237981480315e-06,7.589618990740158e-07,True,SMALL VALUES MAY BE LOST,5.883246020838038e-09,5.883246020838038e-09,2.941623010419019e-09,False,RANGE/STEP APPEARS ADEQUATE
ResNet18_CIFAR10_Training,beginning,updates,layer3.1.bn1.weight,-0.0006051063537597,-0.0001774430274963,0.0006051063537597,0.0001774430274963,0.0,5.960464477539064e-08,3.410144440712485,True,RANGE ADEQUATE,True,RANGE ADEQUATE,True,RANGE ADEQUATE,4.764616958737795e-06,4.764616958737795e-06,2.3823084793688977e-06,False,RANGE/STEP APPEARS ADEQUATE,1.8466943991201516e-08,1.8466943991201516e-08,9.233471995600758e-09,False,RANGE/STEP APPEARS ADEQUATE
ResNet18_CIFAR10_Training,beginning,updates,layer3.1.bn2.bias,-0.0003484115004539,0.0008240565657615,0.0008240565657615,9.546056389808656e-09,0.0,9.313225746154784e-09,86324.29268291988,True,RANGE ADEQUATE,True,RANGE ADEQUATE,True,RANGE ADEQUATE,6.488634376074803e-06,6.488634376074803e-06,3.2443171880374017e-06,True,SMALL VALUES MAY BE LOST,2.5148978110950042e-08,2.5148978110950042e-08,1.2574489055475021e-08,True,SMALL VALUES MAY BE LOST
ResNet18_CIFAR10_Training,beginning,updates,layer3.1.bn2.weight,-0.0012556910514831,0.0001688599586486,0.0012556910514831,1.901388168334961e-05,0.0,5.960464477539064e-08,66.04075235109433,True,RANGE ADEQUATE,True,RANGE ADEQUATE,True,RANGE ADEQUATE,9.887331114040158e-06,9.887331114040158e-06,4.943665557020079e-06,False,RANGE/STEP APPEARS ADEQUATE,3.832181925361187e-08,3.832181925361187e-08,1.9160909626805936e-08,False,RANGE/STEP APPEARS ADEQUATE
ResNet18_CIFAR10_Training,beginning,updates,layer3.1.conv1.weight,-0.0007689669728279,0.0007075704634189,0.0007689669728279,1.1641532182693479e-10,0.0023735894097222,1.8189894035458565e-12,6605375.999999904,True,RANGE ADEQUATE,True,RANGE ADEQUATE,True,RANGE ADEQUATE,6.0548580537629925e-06,6.0548580537629925e-06,3.0274290268814962e-06,True,SMALL VALUES MAY BE LOST,2.3467725846977143e-08,2.3467725846977143e-08,1.1733862923488571e-08,True,SMALL VALUES MAY BE LOST
ResNet18_CIFAR10_Training,beginning,updates,layer3.1.conv2.weight,-0.000687088817358,0.0005562007427215,0.000687088817358,7.275957614183426e-12,0.0025431315104166,9.094947017729282e-13,94432767.99999766,True,RANGE ADEQUATE,True,RANGE ADEQUATE,True,RANGE ADEQUATE,5.410148168173228e-06,5.410148168173228e-06,2.705074084086614e-06,True,SMALL VALUES MAY BE LOST,2.0968926583391825e-08,2.0968926583391825e-08,1.0484463291695913e-08,True,SMALL VALUES MAY BE LOST
ResNet18_CIFAR10_Training,beginning,updates,layer4.0.bn1.bias,-0.0004553240141831,0.000874453689903,0.000874453689903,2.60770320892334e-08,0.0,5.471520125865936e-09,33533.482142856345,True,RANGE ADEQUATE,True,RANGE ADEQUATE,True,RANGE ADEQUATE,6.885462125220473e-06,6.885462125220473e-06,3.4427310626102363e-06,True,SMALL VALUES MAY BE LOST,2.6687023221625416e-08,2.6687023221625416e-08,1.3343511610812708e-08,False,RANGE/STEP APPEARS ADEQUATE
ResNet18_CIFAR10_Training,beginning,updates,layer4.0.bn1.weight,-0.0014803409576416,0.0009800195693969,0.0014803409576416,1.9729137420654297e-05,0.0,5.960464477539064e-08,75.03323262839872,True,RANGE ADEQUATE,True,RANGE ADEQUATE,True,RANGE ADEQUATE,1.1656228012925984e-05,1.1656228012925984e-05,5.828114006462992e-06,False,RANGE/STEP APPEARS ADEQUATE,4.517779954349193e-08,4.517779954349193e-08,2.2588899771745964e-08,False,RANGE/STEP APPEARS ADEQUATE
ResNet18_CIFAR10_Training,beginning,updates,layer4.0.bn2.bias,-0.0054244399070739,0.0123132541775703,0.0123132541775703,8.791685104370117e-07,0.0,7.450580596923828e-09,14005.56779661012,True,RANGE ADEQUATE,True,RANGE ADEQUATE,True,RANGE ADEQUATE,9.695475730370315e-05,9.695475730370315e-05,4.8477378651851576e-05,True,SMALL VALUES MAY BE LOST,3.757821642985412e-07,3.757821642985412e-07,1.878910821492706e-07,False,RANGE/STEP APPEARS ADEQUATE
ResNet18_CIFAR10_Training,beginning,updates,layer4.0.bn2.weight,-0.0021532177925109,0.002992570400238,0.002992570400238,2.086162567138672e-06,0.0,5.960464477539064e-08,1434.4857142856963,True,RANGE ADEQUATE,True,RANGE ADEQUATE,True,RANGE ADEQUATE,2.356354645856693e-05,2.356354645856693e-05,1.1781773229283464e-05,True,SMALL VALUES MAY BE LOST,9.13287881172521e-08,9.13287881172521e-08,4.566439405862605e-08,False,RANGE/STEP APPEARS ADEQUATE
ResNet18_CIFAR10_Training,beginning,updates,layer4.0.conv1.weight,-0.0018987604416906,0.0012061151210218,0.0018987604416906,5.064038077762234e-11,0.0008477105034722,1.1368683772161605e-13,37494987.449416064,True,RANGE ADEQUATE,True,RANGE ADEQUATE,True,RANGE ADEQUATE,1.4950869619611024e-05,1.4950869619611024e-05,7.475434809805512e-06,True,SMALL VALUES MAY BE LOST,5.7947338532383194e-08,5.7947338532383194e-08,2.8973669266191597e-08,True,SMALL VALUES MAY BE LOST
ResNet18_CIFAR10_Training,beginning,updates,layer4.0.conv2.weight,-0.0021116323769092,0.0034230425953865,0.0034230425953865,1.0436096431476471e-11,0.0001271565755208,5.684341886080803e-14,328000284.19268036,True,RANGE ADEQUATE,True,RANGE ADEQUATE,True,RANGE ADEQUATE,2.6953091302255904e-05,2.6953091302255904e-05,1.3476545651127952e-05,True,SMALL VALUES MAY BE LOST,1.0446615788404492e-07,1.0446615788404492e-07,5.223307894202246e-08,True,SMALL VALUES MAY BE LOST
ResNet18_CIFAR10_Training,beginning,updates,layer4.0.downsample.0.weight,-0.0043333321809768,0.0044491291046142,0.0044491291046142,2.3283064365386963e-10,0.000762939453125,7.275957614183426e-12,19108863.99999975,True,RANGE ADEQUATE,True,RANGE ADEQUATE,True,RANGE ADEQUATE,3.503251263475748e-05,3.503251263475748e-05,1.751625631737874e-05,True,SMALL VALUES MAY BE LOST,1.3578078873910336e-07,1.3578078873910336e-07,6.789039436955168e-08,True,SMALL VALUES MAY BE LOST
ResNet18_CIFAR10_Training,beginning,updates,layer4.0.downsample.1.bias,-0.0054244399070739,0.0123132541775703,0.0123132541775703,8.791685104370117e-07,0.0,7.450580596923828e-09,14005.56779661012,True,RANGE ADEQUATE,True,RANGE ADEQUATE,True,RANGE ADEQUATE,9.695475730370315e-05,9.695475730370315e-05,4.8477378651851576e-05,True,SMALL VALUES MAY BE LOST,3.757821642985412e-07,3.757821642985412e-07,1.878910821492706e-07,False,RANGE/STEP APPEARS ADEQUATE
ResNet18_CIFAR10_Training,beginning,updates,layer4.0.downsample.1.weight,-0.0042477250099182,0.0047802925109863,0.0047802925109863,5.125999450683594e-06,0.0,5.960464477539064e-08,932.5581395348783,True,RANGE ADEQUATE,True,RANGE ADEQUATE,True,RANGE ADEQUATE,3.7640098511703154e-05,3.7640098511703154e-05,1.8820049255851577e-05,True,SMALL VALUES MAY BE LOST,1.4588740229457383e-07,1.4588740229457383e-07,7.294370114728691e-08,False,RANGE/STEP APPEARS ADEQUATE
ResNet18_CIFAR10_Training,beginning,updates,layer4.1.bn1.bias,-0.0004998743534088,0.0005953181535005,0.0005953181535005,2.980232238769531e-07,0.0,1.3969838619232178e-09,1997.556249999809,True,RANGE ADEQUATE,True,RANGE ADEQUATE,True,RANGE ADEQUATE,4.687544515751969e-06,4.687544515751969e-06,2.3437722578759845e-06,True,SMALL VALUES MAY BE LOST,1.816822270883816e-08,1.816822270883816e-08,9.08411135441908e-09,False,RANGE/STEP APPEARS ADEQUATE
ResNet18_CIFAR10_Training,beginning,updates,layer4.1.bn1.weight,-0.0009089708328247,-0.0001437664031982,0.0009089708328247,0.0001437664031982,0.0,5.960464477539064e-08,6.322553897182568,True,RANGE ADEQUATE,True,RANGE ADEQUATE,True,RANGE ADEQUATE,7.157250652162992e-06,7.157250652162992e-06,3.578625326081496e-06,False,RANGE/STEP APPEARS ADEQUATE,2.7740434974965665e-08,2.7740434974965665e-08,1.3870217487482833e-08,False,RANGE/STEP APPEARS ADEQUATE
ResNet18_CIFAR10_Training,beginning,updates,layer4.1.bn2.bias,-0.0087197795510292,0.0113024115562438,0.0113024115562438,6.854534149169922e-07,0.0,1.4901161193847656e-08,16488.95652173899,True,RANGE ADEQUATE,True,RANGE ADEQUATE,True,RANGE ADEQUATE,8.899536658459685e-05,8.899536658459685e-05,4.4497683292298425e-05,True,SMALL VALUES MAY BE LOST,3.4493275418084655e-07,3.4493275418084655e-07,1.7246637709042328e-07,False,RANGE/STEP APPEARS ADEQUATE
ResNet18_CIFAR10_Training,beginning,updates,layer4.1.bn2.weight,-0.00230073928833,0.0018302649259567,0.00230073928833,1.3113021850585938e-06,0.0,1.4901161193847656e-08,1754.545454545395,True,RANGE ADEQUATE,True,RANGE ADEQUATE,True,RANGE ADEQUATE,1.8116057388425196e-05,1.8116057388425196e-05,9.058028694212598e-06,True,SMALL VALUES MAY BE LOST,7.021513377269815e-08,7.021513377269815e-08,3.510756688634907e-08,False,RANGE/STEP APPEARS ADEQUATE
ResNet18_CIFAR10_Training,beginning,updates,layer4.1.conv1.weight,-0.0017918655648827,0.0017333645373582,0.0017918655648827,1.1679546219056649e-12,0.0003814697265625,4.263256414560601e-14,1534191081.8067966,True,RANGE ADEQUATE,True,RANGE ADEQUATE,True,RANGE ADEQUATE,1.4109177676241732e-05,1.4109177676241732e-05,7.054588838120866e-06,True,SMALL VALUES MAY BE LOST,5.468506622158574e-08,5.468506622158574e-08,2.734253311079287e-08,True,SMALL VALUES MAY BE LOST
ResNet18_CIFAR10_Training,beginning,updates,layer4.1.conv2.weight,-0.0010836496949195,0.0013889614492654,0.0013889614492654,3.2325253584986058e-12,8.477105034722222e-05,1.1368683772161605e-13,429683079.086663,True,RANGE ADEQUATE,True,RANGE ADEQUATE,True,RANGE ADEQUATE,1.093670432492441e-05,1.093670432492441e-05,5.468352162462205e-06,True,SMALL VALUES MAY BE LOST,4.2389033151200904e-08,4.2389033151200904e-08,2.1194516575600452e-08,True,SMALL VALUES MAY BE LOST
ResNet18_CIFAR10_Training,beginning,weights,bn1.weight,0.3267011344432831,1.983018159866333,1.983018159866333,0.3267011344432831,0.0,0.0004294514656066,6.069823305773046,True,RANGE ADEQUATE,True,RANGE ADEQUATE,True,RANGE ADEQUATE,0.015614316219419945,0.015614316219419945,0.007807158109709973,False,RANGE/STEP APPEARS ADEQUATE,6.05187585029552e-05,6.05187585029552e-05,3.02593792514776e-05,False,RANGE/STEP APPEARS ADEQUATE
ResNet18_CIFAR10_Training,beginning,weights,conv1.weight,-0.5313621163368225,0.5435239672660828,0.5435239672660828,2.2316975446301512e-05,0.0,1.4901161193847656e-08,24354.73250279345,True,RANGE ADEQUATE,True,RANGE ADEQUATE,True,RANGE ADEQUATE,0.004279716277685691,0.004279716277685691,0.0021398581388428453,True,SMALL VALUES MAY BE LOST,1.6587541345441536e-05,1.6587541345441536e-05,8.293770672720768e-06,False,RANGE/STEP APPEARS ADEQUATE
ResNet18_CIFAR10_Training,beginning,weights,fc.weight,-0.4558765888214111,0.4886662364006042,0.4886662364006042,1.061288912751479e-06,0.0,7.916241884231567e-09,460446.0015828269,True,RANGE ADEQUATE,True,RANGE ADEQUATE,True,RANGE ADEQUATE,0.0038477656409496392,0.0038477656409496392,0.0019238828204748196,True,SMALL VALUES MAY BE LOST,1.4913365166191723e-05,1.4913365166191723e-05,7.456682583095861e-06,True,SMALL VALUES MAY BE LOST
ResNet18_CIFAR10_Training,beginning,weights,layer1.0.bn1.weight,0.49627885222435,1.354442477226257,1.354442477226257,0.49627885222435,0.0,0.0001986622810363,2.7291964409838725,True,RANGE ADEQUATE,True,RANGE ADEQUATE,True,RANGE ADEQUATE,0.010664901395482339,0.010664901395482339,0.005332450697741169,False,RANGE/STEP APPEARS ADEQUATE,4.133556557592264e-05,4.133556557592264e-05,2.066778278796132e-05,False,RANGE/STEP APPEARS ADEQUATE
ResNet18_CIFAR10_Training,beginning,weights,layer1.0.bn2.weight,0.285559743642807,1.036519169807434,1.036519169807434,0.285559743642807,0.0,0.0003290772438049,3.629780432580743,True,RANGE ADEQUATE,True,RANGE ADEQUATE,True,RANGE ADEQUATE,0.008161568266200268,0.008161568266200268,0.004080784133100134,False,RANGE/STEP APPEARS ADEQUATE,3.163302010582092e-05,3.163302010582092e-05,1.581651005291046e-05,False,RANGE/STEP APPEARS ADEQUATE
ResNet18_CIFAR10_Training,beginning,weights,layer1.0.conv1.weight,-0.3350572288036346,0.309072881937027,0.3350572288036346,2.6111738407053053e-06,0.0,6.984919309616089e-10,128316.70706119365,True,RANGE ADEQUATE,True,RANGE ADEQUATE,True,RANGE ADEQUATE,0.002638245896091611,0.002638245896091611,0.0013191229480458055,True,SMALL VALUES MAY BE LOST,1.0225447212245081e-05,1.0225447212245081e-05,5.112723606122541e-06,True,SMALL VALUES MAY BE LOST
ResNet18_CIFAR10_Training,beginning,weights,layer1.0.conv2.weight,-0.3263236284255981,0.3715415894985199,0.3715415894985199,3.862547600874677e-06,0.0,6.984919309616089e-10,96190.8118399328,True,RANGE ADEQUATE,True,RANGE ADEQUATE,True,RANGE ADEQUATE,0.0029255243267599994,0.0029255243267599994,0.0014627621633799997,True,SMALL VALUES MAY BE LOST,1.1338895519837639e-05,1.1338895519837639e-05,5.6694477599188194e-06,True,SMALL VALUES MAY BE LOST
ResNet18_CIFAR10_Training,beginning,weights,layer1.1.bn1.weight,0.6336454153060913,1.0889685153961182,1.0889685153961182,0.6336454153060913,0.0,9.298324584960938e-06,1.7185771238794123,True,RANGE ADEQUATE,True,RANGE ADEQUATE,True,RANGE ADEQUATE,0.008574555239339513,0.008574555239339513,0.004287277619669756,False,RANGE/STEP APPEARS ADEQUATE,3.3233695956179024e-05,3.3233695956179024e-05,1.6616847978089512e-05,False,RANGE/STEP APPEARS ADEQUATE
ResNet18_CIFAR10_Training,beginning,weights,layer1.1.bn2.weight,0.4174581468105316,1.0032554864883425,1.0032554864883425,0.4174581468105316,0.0,8.827447891235352e-05,2.40324807206046,True,RANGE ADEQUATE,True,RANGE ADEQUATE,True,RANGE ADEQUATE,0.007899649499908208,0.007899649499908208,0.003949824749954104,False,RANGE/STEP APPEARS ADEQUATE,3.0617862071240654e-05,3.0617862071240654e-05,1.5308931035620327e-05,False,RANGE/STEP APPEARS ADEQUATE
ResNet18_CIFAR10_Training,beginning,weights,layer1.1.conv1.weight,-0.3579046130180359,0.2757211625576019,0.3579046130180359,2.135107934009284e-06,0.0,2.3283064365386963e-10,167628.34670656026,True,RANGE ADEQUATE,True,RANGE ADEQUATE,True,RANGE ADEQUATE,0.002818146559197133,0.002818146559197133,0.0014090732795985666,True,SMALL VALUES MAY BE LOST,1.0922715323894036e-05,1.0922715323894036e-05,5.461357661947018e-06,True,SMALL VALUES MAY BE LOST
ResNet18_CIFAR10_Training,beginning,weights,layer1.1.conv2.weight,-0.2893955111503601,0.287113219499588,0.2893955111503601,1.5852765500312671e-06,0.0,9.313225746154783e-10,182552.067110721,True,RANGE ADEQUATE,True,RANGE ADEQUATE,True,RANGE ADEQUATE,0.0022787048122075598,0.0022787048122075598,0.0011393524061037799,True,SMALL VALUES MAY BE LOST,8.831919649353316e-06,8.831919649353316e-06,4.415959824676658e-06,True,SMALL VALUES MAY BE LOST
ResNet18_CIFAR10_Training,beginning,weights,layer2.0.bn1.weight,0.7053993940353394,1.06792950630188,1.06792950630188,0.7053993940353394,0.0,5.9604644775390625e-06,1.5139359564694759,True,RANGE ADEQUATE,True,RANGE ADEQUATE,True,RANGE ADEQUATE,0.008408893750408505,0.008408893750408505,0.0042044468752042525,False,RANGE/STEP APPEARS ADEQUATE,3.259161675777093e-05,3.259161675777093e-05,1.6295808378885467e-05,False,RANGE/STEP APPEARS ADEQUATE
ResNet18_CIFAR10_Training,beginning,weights,layer2.0.bn2.weight,0.6196120381355286,1.0475010871887207,1.0475010871887207,0.6196120381355286,0.0,6.079673767089844e-06,1.6905757517893791,True,RANGE ADEQUATE,True,RANGE ADEQUATE,True,RANGE ADEQUATE,0.0082480400566041,0.0082480400566041,0.00412402002830205,False,RANGE/STEP APPEARS ADEQUATE,3.196817185548633e-05,3.196817185548633e-05,1.5984085927743167e-05,False,RANGE/STEP APPEARS ADEQUATE
ResNet18_CIFAR10_Training,beginning,weights,layer2.0.conv1.weight,-0.2427925169467926,0.2345502972602844,0.2427925169467926,1.095009793061763e-06,0.0,4.656612873077393e-10,221726.34298358107,True,RANGE ADEQUATE,True,RANGE ADEQUATE,True,RANGE ADEQUATE,0.0019117521019432488,0.0019117521019432488,0.0009558760509716244,True,SMALL VALUES MAY BE LOST,7.409665729141899e-06,7.409665729141899e-06,3.7048328645709496e-06,True,SMALL VALUES MAY BE LOST
ResNet18_CIFAR10_Training,beginning,weights,layer2.0.conv2.weight,-0.2084648311138153,0.2023933678865432,0.2084648311138153,8.023016562219709e-07,0.0,2.3283064365386963e-10,259833.4797107035,True,RANGE ADEQUATE,True,RANGE ADEQUATE,True,RANGE ADEQUATE,0.0016414553631009078,0.0016414553631009078,0.0008207276815504539,True,SMALL VALUES MAY BE LOST,6.362035923759126e-06,6.362035923759126e-06,3.181017961879563e-06,True,SMALL VALUES MAY BE LOST
ResNet18_CIFAR10_Training,beginning,weights,layer2.0.downsample.0.weight,-0.4923235774040222,0.4041793048381805,0.4923235774040222,1.3943878002464771e-05,0.0,7.450580596923828e-09,35307.50751813787,True,RANGE ADEQUATE,True,RANGE ADEQUATE,True,RANGE ADEQUATE,0.0038765636016064742,0.0038765636016064742,0.0019382818008032371,True,SMALL VALUES MAY BE LOST,1.5024981762261489e-05,1.5024981762261489e-05,7.5124908811307445e-06,False,RANGE/STEP APPEARS ADEQUATE
ResNet18_CIFAR10_Training,beginning,weights,layer2.0.downsample.1.weight,0.6520953178405762,1.0945947170257568,1.0945947170257568,0.6520953178405762,0.0,5.4836273193359375e-06,1.678580856324079,True,RANGE ADEQUATE,True,RANGE ADEQUATE,True,RANGE ADEQUATE,0.008618856039572888,0.008618856039572888,0.004309428019786444,False,RANGE/STEP APPEARS ADEQUATE,3.3405399243927024e-05,3.3405399243927024e-05,1.6702699621963512e-05,False,RANGE/STEP APPEARS ADEQUATE
ResNet18_CIFAR10_Training,beginning,weights,layer2.1.bn1.weight,0.6391664147377014,1.033422350883484,1.033422350883484,0.6391664147377014,0.0,2.264976501464844e-06,1.616828304890794,True,RANGE ADEQUATE,True,RANGE ADEQUATE,True,RANGE ADEQUATE,0.008137183865224284,0.008137183865224284,0.004068591932612142,False,RANGE/STEP APPEARS ADEQUATE,3.153850980814491e-05,3.153850980814491e-05,1.5769254904072453e-05,False,RANGE/STEP APPEARS ADEQUATE
ResNet18_CIFAR10_Training,beginning,weights,layer2.1.bn2.weight,0.6605014801025391,0.9903431534767152,0.9903431534767152,0.6605014801025391,0.0,3.2186508178710938e-06,1.499380672580734,True,RANGE ADEQUATE,True,RANGE ADEQUATE,True,RANGE ADEQUATE,0.007797977586430829,0.007797977586430829,0.0038989887932154143,False,RANGE/STEP APPEARS ADEQUATE,3.0223796913868074e-05,3.0223796913868074e-05,1.5111898456934037e-05,False,RANGE/STEP APPEARS ADEQUATE
ResNet18_CIFAR10_Training,beginning,weights,layer2.1.conv1.weight,-0.185839757323265,0.2043298631906509,0.2043298631906509,1.449488991056569e-07,0.0,1.1641532182693479e-10,1409668.2655154886,True,RANGE ADEQUATE,True,RANGE ADEQUATE,True,RANGE ADEQUATE,0.0016088965605563063,0.0016088965605563063,0.0008044482802781532,True,SMALL VALUES MAY BE LOST,6.23584286601309e-06,6.23584286601309e-06,3.117921433006545e-06,True,SMALL VALUES MAY BE LOST
ResNet18_CIFAR10_Training,beginning,weights,layer2.1.conv2.weight,-0.1894546151161193,0.1895489543676376,0.1895489543676376,3.5404991649556905e-07,0.0,1.1641532182693479e-10,535373.5321951695,True,RANGE ADEQUATE,True,RANGE ADEQUATE,True,RANGE ADEQUATE,0.0014925114517136818,0.0014925114517136818,0.0007462557258568409,True,SMALL VALUES MAY BE LOST,5.784751560034108e-06,5.784751560034108e-06,2.892375780017054e-06,True,SMALL VALUES MAY BE LOST
ResNet18_CIFAR10_Training,beginning,weights,layer3.0.bn1.weight,0.7424824237823486,0.9276902675628662,0.9276902675628662,0.7424824237823486,0.0,1.96695327758789e-06,1.2494440782005762,True,RANGE ADEQUATE,True,RANGE ADEQUATE,True,RANGE ADEQUATE,0.0073046477760855604,0.0073046477760855604,0.0036523238880427802,False,RANGE/STEP APPEARS ADEQUATE,2.83117242214077e-05,2.83117242214077e-05,1.415586211070385e-05,False,RANGE/STEP APPEARS ADEQUATE
ResNet18_CIFAR10_Training,beginning,weights,layer3.0.bn2.weight,0.7170489430427551,0.9971696138381958,0.9971696138381958,0.7170489430427551,0.0,1.0728836059570312e-06,1.3906576719948363,True,RANGE ADEQUATE,True,RANGE ADEQUATE,True,RANGE ADEQUATE,0.007851729242820439,0.007851729242820439,0.0039258646214102196,False,RANGE/STEP APPEARS ADEQUATE,3.043213030909744e-05,3.043213030909744e-05,1.521606515454872e-05,False,RANGE/STEP APPEARS ADEQUATE
ResNet18_CIFAR10_Training,beginning,weights,layer3.0.conv1.weight,-0.1380857229232788,0.1569707840681076,0.1569707840681076,5.2914401749148965e-09,0.0,5.820766091346741e-11,29665039.928497765,True,RANGE ADEQUATE,True,RANGE ADEQUATE,True,RANGE ADEQUATE,0.0012359904257331308,0.0012359904257331308,0.0006179952128665654,True,SMALL VALUES MAY BE LOST,4.790514361037251e-06,4.790514361037251e-06,2.3952571805186254e-06,True,SMALL VALUES MAY BE LOST
ResNet18_CIFAR10_Training,beginning,weights,layer3.0.conv2.weight,-0.1779148131608963,0.204355850815773,0.204355850815773,2.2966830215409573e-08,0.0,4.365574568510055e-11,8897869.183474028,True,RANGE ADEQUATE,True,RANGE ADEQUATE,True,RANGE ADEQUATE,0.0016091011875257718,0.0016091011875257718,0.0008045505937628859,True,SMALL VALUES MAY BE LOST,6.236635969596637e-06,6.236635969596637e-06,3.1183179847983187e-06,True,SMALL VALUES MAY BE LOST
ResNet18_CIFAR10_Training,beginning,weights,layer3.0.downsample.0.weight,-0.3429955244064331,0.304020494222641,0.3429955244064331,2.9293441912159324e-06,0.0,1.862645149230957e-09,117089.5265346269,True,RANGE ADEQUATE,True,RANGE ADEQUATE,True,RANGE ADEQUATE,0.0027007521606805755,0.0027007521606805755,0.0013503760803402877,True,SMALL VALUES MAY BE LOST,1.0467712161822356e-05,1.0467712161822356e-05,5.233856080911178e-06,True,SMALL VALUES MAY BE LOST
ResNet18_CIFAR10_Training,beginning,weights,layer3.0.downsample.1.weight,0.7231502532958984,0.9639538526535034,0.9639538526535034,0.7231502532958984,0.0,1.6093254089355469e-06,1.3329924842867655,True,RANGE ADEQUATE,True,RANGE ADEQUATE,True,RANGE ADEQUATE,0.007590187816169318,0.007590187816169318,0.003795093908084659,False,RANGE/STEP APPEARS ADEQUATE,2.9418434786629946e-05,2.9418434786629946e-05,1.4709217393314973e-05,False,RANGE/STEP APPEARS ADEQUATE
ResNet18_CIFAR10_Training,beginning,weights,layer3.1.bn1.weight,0.7819530963897705,0.8741320371627808,0.8741320371627808,0.7819530963897705,0.0,1.4901161193847656e-06,1.1178829538479926,True,RANGE ADEQUATE,True,RANGE ADEQUATE,True,RANGE ADEQUATE,0.006882929426478589,0.006882929426478589,0.0034414647132392944,False,RANGE/STEP APPEARS ADEQUATE,2.6677206859425055e-05,2.6677206859425055e-05,1.3338603429712528e-05,False,RANGE/STEP APPEARS ADEQUATE
ResNet18_CIFAR10_Training,beginning,weights,layer3.1.bn2.weight,0.7688021659851074,0.9740264415740968,0.9740264415740968,0.7688021659851074,0.0,3.2782554626464844e-06,1.2669402931845601,True,RANGE ADEQUATE,True,RANGE ADEQUATE,True,RANGE ADEQUATE,0.007669499539953518,0.007669499539953518,0.003834749769976759,False,RANGE/STEP APPEARS ADEQUATE,2.9725835187050897e-05,2.9725835187050897e-05,1.4862917593525449e-05,False,RANGE/STEP APPEARS ADEQUATE
ResNet18_CIFAR10_Training,beginning,weights,layer3.1.conv1.weight,-0.1157885938882827,0.137304201722145,0.137304201722145,7.435482984874399e-08,0.0,5.820766091346741e-11,1846607.7052621264,True,RANGE ADEQUATE,True,RANGE ADEQUATE,True,RANGE ADEQUATE,0.001081135446631063,0.001081135446631063,0.0005405677233155315,True,SMALL VALUES MAY BE LOST,4.190319581351512e-06,4.190319581351512e-06,2.095159790675756e-06,True,SMALL VALUES MAY BE LOST
ResNet18_CIFAR10_Training,beginning,weights,layer3.1.conv2.weight,-0.1357253342866897,0.1407788097858429,0.1407788097858429,2.49078766501043e-08,0.0,2.182787284255028e-11,5651979.563069396,True,RANGE ADEQUATE,True,RANGE ADEQUATE,True,RANGE ADEQUATE,0.0011084945652428575,0.0011084945652428575,0.0005542472826214288,True,SMALL VALUES MAY BE LOST,4.2963594404688525e-06,4.2963594404688525e-06,2.1481797202344263e-06,True,SMALL VALUES MAY BE LOST
ResNet18_CIFAR10_Training,beginning,weights,layer4.0.bn1.weight,0.7764080166816711,0.9337171316146852,0.9337171316146852,0.7764080166816711,0.0,1.788139343261719e-07,1.2026113996160746,True,RANGE ADEQUATE,True,RANGE ADEQUATE,True,RANGE ADEQUATE,0.007352103398540828,0.007352103398540828,0.003676051699270414,False,RANGE/STEP APPEARS ADEQUATE,2.8495655129083687e-05,2.8495655129083687e-05,1.4247827564541843e-05,False,RANGE/STEP APPEARS ADEQUATE
ResNet18_CIFAR10_Training,beginning,weights,layer4.0.bn2.weight,0.247753620147705,0.9005802273750305,0.9005802273750305,0.247753620147705,0.0,1.3709068298339844e-06,3.634983120884875,True,RANGE ADEQUATE,True,RANGE ADEQUATE,True,RANGE ADEQUATE,0.007091182892716776,0.007091182892716776,0.003545591446358388,False,RANGE/STEP APPEARS ADEQUATE,2.7484366203040575e-05,2.7484366203040575e-05,1.3742183101520287e-05,False,RANGE/STEP APPEARS ADEQUATE
ResNet18_CIFAR10_Training,beginning,weights,layer4.0.conv1.weight,-0.1258544623851776,0.1474067717790603,0.1474067717790603,3.8556208892259753e-08,0.0,1.4551915228366852e-11,3823165.607152122,True,RANGE ADEQUATE,True,RANGE ADEQUATE,True,RANGE ADEQUATE,0.0011606832423548055,0.0011606832423548055,0.0005803416211774028,True,SMALL VALUES MAY BE LOST,4.498634961365407e-06,4.498634961365407e-06,2.2493174806827036e-06,True,SMALL VALUES MAY BE LOST
ResNet18_CIFAR10_Training,beginning,weights,layer4.0.conv2.weight,-0.2102114111185073,0.1969953775405883,0.2102114111185073,2.0767553010614392e-08,0.0,3.637978807091713e-12,10122107.83865905,True,RANGE ADEQUATE,True,RANGE ADEQUATE,True,RANGE ADEQUATE,0.0016552079615630496,0.0016552079615630496,0.0008276039807815248,True,SMALL VALUES MAY BE LOST,6.415338942182907e-06,6.415338942182907e-06,3.2076694710914534e-06,True,SMALL VALUES MAY BE LOST
ResNet18_CIFAR10_Training,beginning,weights,layer4.0.downsample.0.weight,-0.3770965933799743,0.3769102990627289,0.3770965933799743,2.230481186416e-07,0.0,4.656612873077393e-10,1690651.3073347358,True,RANGE ADEQUATE,True,RANGE ADEQUATE,True,RANGE ADEQUATE,0.0029692645148029473,0.0029692645148029473,0.0014846322574014737,True,SMALL VALUES MAY BE LOST,1.1508425958433006e-05,1.1508425958433006e-05,5.754212979216503e-06,True,SMALL VALUES MAY BE LOST
ResNet18_CIFAR10_Training,beginning,weights,layer4.0.downsample.1.weight,0.1828914731740951,1.023053526878357,1.023053526878357,0.1828914731740951,0.0,8.940696716308594e-07,5.593773778094665,True,RANGE ADEQUATE,True,RANGE ADEQUATE,True,RANGE ADEQUATE,0.008055539581719347,0.008055539581719347,0.004027769790859673,False,RANGE/STEP APPEARS ADEQUATE,3.122206875448948e-05,3.122206875448948e-05,1.561103437724474e-05,False,RANGE/STEP APPEARS ADEQUATE
ResNet18_CIFAR10_Training,beginning,weights,layer4.1.bn1.weight,0.774998664855957,0.9606654047966005,0.9606654047966005,0.774998664855957,0.0,1.788139343261719e-07,1.239570399744046,True,RANGE ADEQUATE,True,RANGE ADEQUATE,True,RANGE ADEQUATE,0.007564294525957484,0.007564294525957484,0.003782147262978742,False,RANGE/STEP APPEARS ADEQUATE,2.9318076259547728e-05,2.9318076259547728e-05,1.4659038129773864e-05,False,RANGE/STEP APPEARS ADEQUATE
ResNet18_CIFAR10_Training,beginning,weights,layer4.1.bn2.weight,0.2086594402790069,1.0858269929885864,1.0858269929885864,0.2086594402790069,0.0,4.76837158203125e-07,5.203823951299225,True,RANGE ADEQUATE,True,RANGE ADEQUATE,True,RANGE ADEQUATE,0.008549818842429814,0.008549818842429814,0.004274909421214907,False,RANGE/STEP APPEARS ADEQUATE,3.313782137481571e-05,3.313782137481571e-05,1.6568910687407854e-05,False,RANGE/STEP APPEARS ADEQUATE
ResNet18_CIFAR10_Training,beginning,weights,layer4.1.conv1.weight,-0.1555412709712982,0.1938647776842117,0.1938647776842117,2.324285430788109e-09,8.477105034722222e-05,4.547473508864641e-12,83408334.93005067,True,RANGE ADEQUATE,True,RANGE ADEQUATE,True,RANGE ADEQUATE,0.001526494312474108,0.001526494312474108,0.000763247156237054,True,SMALL VALUES MAY BE LOST,5.916464054817704e-06,5.916464054817704e-06,2.958232027408852e-06,True,SMALL VALUES MAY BE LOST
ResNet18_CIFAR10_Training,beginning,weights,layer4.1.conv2.weight,-0.1582753509283065,0.1403620243072509,0.1582753509283065,6.432919530396931e-09,0.0,7.275957614183426e-12,24603968.72375309,True,RANGE ADEQUATE,True,RANGE ADEQUATE,True,RANGE ADEQUATE,0.001246262605734697,0.001246262605734697,0.0006231313028673485,True,SMALL VALUES MAY BE LOST,4.830327797122303e-06,4.830327797122303e-06,2.4151638985611516e-06,True,SMALL VALUES MAY BE LOST
ResNet18_CIFAR10_Training,end,activations,avgpool,0.0,3.09649395942688,3.09649395942688,2.0605511963367465e-07,48.24,2.3646862246096134e-11,15027503.150282484,True,RANGE ADEQUATE,True,RANGE ADEQUATE,True,RANGE ADEQUATE,0.024381842200211654,0.024381842200211654,0.012190921100105827,True,SMALL VALUES MAY BE LOST,9.45003802431373e-05,9.45003802431373e-05,4.725019012156865e-05,True,SMALL VALUES MAY BE LOST
ResNet18_CIFAR10_Training,end,activations,bn1,-6.921585559844971,9.57875633239746,9.57875633239746,3.604404628276825e-05,0.0,9.313225746154783e-10,265751.4158441424,True,RANGE ADEQUATE,True,RANGE ADEQUATE,True,RANGE ADEQUATE,0.07542327820785401,0.07542327820785401,0.037711639103927004,True,SMALL VALUES MAY BE LOST,0.00029232936589853995,0.00029232936589853995,0.00014616468294926998,True,SMALL VALUES MAY BE LOST
ResNet18_CIFAR10_Training,end,activations,conv1,-22.013185501098633,19.68915748596191,22.013185501098633,7.407788302771223e-07,0.0,2.3283064365386963e-09,29716272.389781427,True,RANGE ADEQUATE,True,RANGE ADEQUATE,True,RANGE ADEQUATE,0.17333216929998924,0.17333216929998924,0.08666608464999462,True,SMALL VALUES MAY BE LOST,0.0006718096103121627,0.0006718096103121627,0.00033590480515608133,True,SMALL VALUES MAY BE LOST
ResNet18_CIFAR10_Training,end,activations,fc,-6.04594612121582,14.150959968566896,14.150959968566896,0.0021382421255111,0.0,7.152557373046875e-07,6618.034412349078,True,RANGE ADEQUATE,True,RANGE ADEQUATE,True,RANGE ADEQUATE,0.11142488164225903,0.11142488164225903,0.055712440821129514,True,SMALL VALUES MAY BE LOST,0.00043186620589516576,0.00043186620589516576,0.00021593310294758288,False,RANGE/STEP APPEARS ADEQUATE
ResNet18_CIFAR10_Training,end,activations,layer1.0.bn1,-2.4364449977874756,1.465144395828247,2.4364449977874756,2.736411988735199e-05,0.0,3.725290298461914e-09,89037.94486420257,True,RANGE ADEQUATE,True,RANGE ADEQUATE,True,RANGE ADEQUATE,0.019184606281791146,0.019184606281791146,0.009592303140895573,True,SMALL VALUES MAY BE LOST,7.435666975272303e-05,7.435666975272303e-05,3.717833487636151e-05,True,SMALL VALUES MAY BE LOST
ResNet18_CIFAR10_Training,end,activations,layer1.0.bn2,-2.3389370441436768,2.1138556003570557,2.3389370441436768,7.450580596923828e-07,0.0,3.725290298461914e-09,3139268.16,True,RANGE ADEQUATE,True,RANGE ADEQUATE,True,RANGE ADEQUATE,0.01841682711924155,0.01841682711924155,0.009208413559620775,True,SMALL VALUES MAY BE LOST,7.138087234545966e-05,7.138087234545966e-05,3.569043617272983e-05,True,SMALL VALUES MAY BE LOST
ResNet18_CIFAR10_Training,end,activations,layer1.0.conv1,-15.608606338500977,17.394166946411133,17.394166946411133,0.0001660287380218,0.0,5.960464477539064e-08,104766.00107703784,True,RANGE ADEQUATE,True,RANGE ADEQUATE,True,RANGE ADEQUATE,0.13696194445993018,0.13696194445993018,0.06848097222996509,True,SMALL VALUES MAY BE LOST,0.0005308440487811253,0.0005308440487811253,0.00026542202439056267,True,SMALL VALUES MAY BE LOST
ResNet18_CIFAR10_Training,end,activations,layer1.0.conv2,-5.346343040466309,3.2537600994110107,5.346343040466309,1.4066696166992188e-05,0.0,7.450580596923828e-09,380070.9830508475,True,RANGE ADEQUATE,True,RANGE ADEQUATE,True,RANGE ADEQUATE,0.0420971892950103,0.0420971892950103,0.02104859464750515,True,SMALL VALUES MAY BE LOST,0.00016316242074240268,0.00016316242074240268,8.158121037120134e-05,True,SMALL VALUES MAY BE LOST
ResNet18_CIFAR10_Training,end,activations,layer1.0.relu,0.0,9.398947715759276,9.398947715759276,0.0001917891204357,25.833333333333336,1.4901161193847656e-08,49006.67824330737,True,RANGE ADEQUATE,True,RANGE ADEQUATE,True,RANGE ADEQUATE,0.0740074623288132,0.0740074623288132,0.0370037311644066,True,SMALL VALUES MAY BE LOST,0.0002868418749278016,0.0002868418749278016,0.0001434209374639008,False,RANGE/STEP APPEARS ADEQUATE
ResNet18_CIFAR10_Training,end,activations,layer1.1.bn1,-4.103977680206299,2.1370937824249268,4.103977680206299,7.37607479095459e-06,0.0,7.450580596923828e-09,556390.4646464647,True,RANGE ADEQUATE,True,RANGE ADEQUATE,True,RANGE ADEQUATE,0.032314784883514164,0.032314784883514164,0.016157392441757082,True,SMALL VALUES MAY BE LOST,0.0001252472817226569,0.0001252472817226569,6.262364086132846e-05,True,SMALL VALUES MAY BE LOST
ResNet18_CIFAR10_Training,end,activations,layer1.1.bn2,-2.452383041381836,1.4320567846298218,2.452383041381836,2.676248550415039e-05,0.0,1.862645149230957e-09,91635.10022271716,True,RANGE ADEQUATE,True,RANGE ADEQUATE,True,RANGE ADEQUATE,0.019310102688045953,0.019310102688045953,0.009655051344022976,True,SMALL VALUES MAY BE LOST,7.484307508718638e-05,7.484307508718638e-05,3.742153754359319e-05,True,SMALL VALUES MAY BE LOST
ResNet18_CIFAR10_Training,end,activations,layer1.1.conv1,-13.72433376312256,18.2753849029541,18.2753849029541,3.46451997756958e-05,0.0,4.4703483581542975e-08,527501.2129032258,True,RANGE ADEQUATE,True,RANGE ADEQUATE,True,RANGE ADEQUATE,0.14390066852719766,0.14390066852719766,0.07195033426359883,True,SMALL VALUES MAY BE LOST,0.0005577375073383008,0.0005577375073383008,0.0002788687536691504,True,SMALL VALUES MAY BE LOST
ResNet18_CIFAR10_Training,end,activations,layer1.1.conv2,-4.218687057495117,3.4334988594055176,4.218687057495117,1.2621283531188965e-05,0.0,7.450580596923828e-09,334251.8252656434,True,RANGE ADEQUATE,True,RANGE ADEQUATE,True,RANGE ADEQUATE,0.0332180083267332,0.0332180083267332,0.0166090041633666,True,SMALL VALUES MAY BE LOST,0.00012874804094043145,0.00012874804094043145,6.437402047021572e-05,True,SMALL VALUES MAY BE LOST
ResNet18_CIFAR10_Training,end,activations,layer1.1.relu,0.0,7.198395729064941,7.198395729064941,0.0001458227634429,28.983333333333334,7.450580596923828e-09,49364.00572249219,True,RANGE ADEQUATE,True,RANGE ADEQUATE,True,RANGE ADEQUATE,0.05668028133122001,0.05668028133122001,0.028340140665610004,True,SMALL VALUES MAY BE LOST,0.00021968430826944612,0.00021968430826944612,0.00010984215413472306,False,RANGE/STEP APPEARS ADEQUATE
ResNet18_CIFAR10_Training,end,activations,layer2.0.bn1,-3.0549395084381104,2.883422374725342,3.0549395084381104,2.8267502784729004e-05,0.0,1.4901161193847656e-08,108072.49341064839,True,RANGE ADEQUATE,True,RANGE ADEQUATE,True,RANGE ADEQUATE,0.02405464179872528,0.02405464179872528,0.01202732089936264,True,SMALL VALUES MAY BE LOST,9.323220033686668e-05,9.323220033686668e-05,4.661610016843334e-05,True,SMALL VALUES MAY BE LOST
ResNet18_CIFAR10_Training,end,activations,layer2.0.bn2,-3.35174298286438,3.5419020652770996,3.5419020652770996,1.4543533325195312e-05,0.0,1.4901161193847656e-08,243537.9344262295,True,RANGE ADEQUATE,True,RANGE ADEQUATE,True,RANGE ADEQUATE,0.027888992639977163,0.027888992639977163,0.013944496319988581,True,SMALL VALUES MAY BE LOST,0.0001080935717422132,0.0001080935717422132,5.40467858711066e-05,True,SMALL VALUES MAY BE LOST
ResNet18_CIFAR10_Training,end,activations,layer2.0.conv1,-12.66836929321289,10.302553176879885,12.66836929321289,1.7255099464819068e-06,0.0,1.4901161193847656e-08,7341811.804123221,True,RANGE ADEQUATE,True,RANGE ADEQUATE,True,RANGE ADEQUATE,0.09975093931663694,0.09975093931663694,0.04987546965831847,True,SMALL VALUES MAY BE LOST,0.00038661974832034947,0.00038661974832034947,0.00019330987416017474,True,SMALL VALUES MAY BE LOST
ResNet18_CIFAR10_Training,end,activations,layer2.0.conv2,-4.262959003448486,2.720214366912842,4.262959003448486,4.172325134277344e-07,0.0,1.4901161193847656e-08,10217226.285714285,True,RANGE ADEQUATE,True,RANGE ADEQUATE,True,RANGE ADEQUATE,0.03356660632636604,0.03356660632636604,0.01678330316318302,True,SMALL VALUES MAY BE LOST,0.00013009915474253018,0.00013009915474253018,6.504957737126509e-05,True,SMALL VALUES MAY BE LOST
ResNet18_CIFAR10_Training,end,activations,layer2.0.downsample.0,-6.0802001953125,4.907742023468018,6.0802001953125,0.0001147090297308,0.0,2.9802322387695312e-08,53005.41909892847,True,RANGE ADEQUATE,True,RANGE ADEQUATE,True,RANGE ADEQUATE,0.047875592089074805,0.047875592089074805,0.023937796044537402,True,SMALL VALUES MAY BE LOST,0.00018555864727660452,0.00018555864727660452,9.277932363830226e-05,False,RANGE/STEP APPEARS ADEQUATE
ResNet18_CIFAR10_Training,end,activations,layer2.0.downsample.1,-3.1454169750213623,3.6804075241088863,3.6804075241088863,7.733702659606934e-06,0.0,1.4901161193847656e-08,475892.0385356454,True,RANGE ADEQUATE,True,RANGE ADEQUATE,True,RANGE ADEQUATE,0.028979586804006977,0.028979586804006977,0.014489793402003489,True,SMALL VALUES MAY BE LOST,0.00011232055190004842,0.00011232055190004842,5.616027595002421e-05,True,SMALL VALUES MAY BE LOST
ResNet18_CIFAR10_Training,end,activations,layer2.0.relu,0.0,4.02561616897583,4.02561616897583,0.0001267939805984,66.61333333333333,2.9802322387695312e-08,31749.26877425149,True,RANGE ADEQUATE,True,RANGE ADEQUATE,True,RANGE ADEQUATE,0.031697765110045906,0.031697765110045906,0.015848882555022953,True,SMALL VALUES MAY BE LOST,0.00012285580519961638,0.00012285580519961638,6.142790259980819e-05,False,RANGE/STEP APPEARS ADEQUATE
ResNet18_CIFAR10_Training,end,activations,layer2.1.bn1,-2.3397862911224365,2.4528493881225586,2.4528493881225586,4.7266483306884766e-05,0.0,1.4901161193847656e-08,51894.05296343001,True,RANGE ADEQUATE,True,RANGE ADEQUATE,True,RANGE ADEQUATE,0.019313774709626447,0.019313774709626447,0.009656887354813223,True,SMALL VALUES MAY BE LOST,7.485730729461222e-05,7.485730729461222e-05,3.742865364730611e-05,False,RANGE/STEP APPEARS ADEQUATE
ResNet18_CIFAR10_Training,end,activations,layer2.1.bn2,-2.282835006713867,1.4598788022994995,2.282835006713867,3.802776336669922e-05,0.0,7.450580596923828e-09,60030.7460815047,True,RANGE ADEQUATE,True,RANGE ADEQUATE,True,RANGE ADEQUATE,0.017975078793022577,0.017975078793022577,0.008987539396511288,True,SMALL VALUES MAY BE LOST,6.966872178453527e-05,6.966872178453527e-05,3.4834360892267634e-05,False,RANGE/STEP APPEARS ADEQUATE
ResNet18_CIFAR10_Training,end,activations,layer2.1.conv1,-4.915996074676514,6.6784820556640625,6.6784820556640625,0.0001051425933837,0.0,1.4901161193847656e-08,63518.33106581344,True,RANGE ADEQUATE,True,RANGE ADEQUATE,True,RANGE ADEQUATE,0.05258647287924459,0.05258647287924459,0.026293236439622295,True,SMALL VALUES MAY BE LOST,0.0002038173179010609,0.0002038173179010609,0.00010190865895053045,False,RANGE/STEP APPEARS ADEQUATE
ResNet18_CIFAR10_Training,end,activations,layer2.1.conv2,-1.7152689695358276,0.8480415940284729,1.7152689695358276,1.5536323189735413e-05,0.0,3.725290298461914e-09,110403.79043280182,True,RANGE ADEQUATE,True,RANGE ADEQUATE,True,RANGE ADEQUATE,0.013506054878234863,0.013506054878234863,0.006753027439117432,True,SMALL VALUES MAY BE LOST,5.2347452300663095e-05,5.2347452300663095e-05,2.6173726150331547e-05,True,SMALL VALUES MAY BE LOST
ResNet18_CIFAR10_Training,end,activations,layer2.1.relu,0.0,3.993364572525024,3.993364572525024,3.680586814880371e-05,71.63666666666667,1.4901161193847656e-08,108498.04048582994,True,RANGE ADEQUATE,True,RANGE ADEQUATE,True,RANGE ADEQUATE,0.0314438155316931,0.0314438155316931,0.01572190776584655,True,SMALL VALUES MAY BE LOST,0.00012187153454771642,0.00012187153454771642,6.093576727385821e-05,True,SMALL VALUES MAY BE LOST
ResNet18_CIFAR10_Training,end,activations,layer3.0.bn1,-2.669951915740967,2.64522123336792,2.669951915740967,1.1265277862548828e-05,0.0,1.4901161193847656e-08,237007.19576719578,True,RANGE ADEQUATE,True,RANGE ADEQUATE,True,RANGE ADEQUATE,0.021023243431031235,0.021023243431031235,0.010511621715515618,True,SMALL VALUES MAY BE LOST,8.148295284099755e-05,8.148295284099755e-05,4.074147642049878e-05,True,SMALL VALUES MAY BE LOST
ResNet18_CIFAR10_Training,end,activations,layer3.0.bn2,-2.2198688983917236,3.13376522064209,3.13376522064209,3.986060619354248e-06,0.0,3.725290298461914e-09,786181.0242990655,True,RANGE ADEQUATE,True,RANGE ADEQUATE,True,RANGE ADEQUATE,0.024675316697969213,0.024675316697969213,0.012337658348984606,True,SMALL VALUES MAY BE LOST,9.563784358171606e-05,9.563784358171606e-05,4.781892179085803e-05,True,SMALL VALUES MAY BE LOST
ResNet18_CIFAR10_Training,end,activations,layer3.0.conv1,-4.238107681274414,4.266576290130615,4.266576290130615,3.377571556484327e-05,0.0,7.450580596923828e-09,126320.82603667006,True,RANGE ADEQUATE,True,RANGE ADEQUATE,True,RANGE ADEQUATE,0.03359508889866626,0.03359508889866626,0.01679754444933313,True,SMALL VALUES MAY BE LOST,0.00013020954894041613,0.00013020954894041613,6.510477447020806e-05,True,SMALL VALUES MAY BE LOST
ResNet18_CIFAR10_Training,end,activations,layer3.0.conv2,-2.1969594955444336,2.3564751148223877,2.3564751148223877,9.682029485702516e-06,0.0,3.725290298461914e-09,243386.4840323201,True,RANGE ADEQUATE,True,RANGE ADEQUATE,True,RANGE ADEQUATE,0.01855492216395581,0.01855492216395581,0.009277461081977904,True,SMALL VALUES MAY BE LOST,7.19161081216586e-05,7.19161081216586e-05,3.59580540608293e-05,True,SMALL VALUES MAY BE LOST
ResNet18_CIFAR10_Training,end,activations,layer3.0.downsample.0,-1.3158328533172607,1.789287805557251,1.789287805557251,2.267354375362629e-06,0.0,1.862645149230957e-09,789152.2494233313,True,RANGE ADEQUATE,True,RANGE ADEQUATE,True,RANGE ADEQUATE,0.014088880358718511,0.014088880358718511,0.007044440179359256,True,SMALL VALUES MAY BE LOST,5.4606396849185185e-05,5.4606396849185185e-05,2.7303198424592593e-05,True,SMALL VALUES MAY BE LOST
ResNet18_CIFAR10_Training,end,activations,layer3.0.downsample.1,-1.516493797302246,2.055938720703125,2.055938720703125,1.2848293408751488e-05,0.0,3.725290298461914e-09,160016.48275737092,True,RANGE ADEQUATE,True,RANGE ADEQUATE,True,RANGE ADEQUATE,0.016188493863804134,0.016188493863804134,0.008094246931902067,True,SMALL VALUES MAY BE LOST,6.274418532984787e-05,6.274418532984787e-05,3.1372092664923935e-05,True,SMALL VALUES MAY BE LOST
ResNet18_CIFAR10_Training,end,activations,layer3.0.relu,0.0,3.1159417629241943,3.1159417629241943,6.580725312232971e-05,59.52,7.450580596923828e-09,47349.5187093122,True,RANGE ADEQUATE,True,RANGE ADEQUATE,True,RANGE ADEQUATE,0.024534974511214128,0.024534974511214128,0.012267487255607064,True,SMALL VALUES MAY BE LOST,9.509389821845742e-05,9.509389821845742e-05,4.754694910922871e-05,False,RANGE/STEP APPEARS ADEQUATE
ResNet18_CIFAR10_Training,end,activations,layer3.1.bn1,-0.0457721427083015,0.0446161888539791,0.0457721427083015,1.986045390367508e-07,0.0,1.1641532182693479e-10,230468.76436107833,True,RANGE ADEQUATE,True,RANGE ADEQUATE,True,RANGE ADEQUATE,0.00036041057250631105,0.00036041057250631105,0.00018020528625315552,True,SMALL VALUES MAY BE LOST,1.396897570979995e-06,1.396897570979995e-06,6.984487854899975e-07,True,SMALL VALUES MAY BE LOST
ResNet18_CIFAR10_Training,end,activations,layer3.1.bn2,-0.4533896744251251,0.1045507565140724,0.4533896744251251,2.0228326320648193e-06,0.0,1.1641532182693479e-10,224136.02946593,True,RANGE ADEQUATE,True,RANGE ADEQUATE,True,RANGE ADEQUATE,0.003569997436418308,0.003569997436418308,0.001784998718209154,True,SMALL VALUES MAY BE LOST,1.3836777075262464e-05,1.3836777075262464e-05,6.918388537631232e-06,True,SMALL VALUES MAY BE LOST
ResNet18_CIFAR10_Training,end,activations,layer3.1.conv1,-0.1563014239072799,0.1961041092872619,0.1961041092872619,8.121132850646973e-07,0.0,9.313225746154783e-10,241473.83486238527,True,RANGE ADEQUATE,True,RANGE ADEQUATE,True,RANGE ADEQUATE,0.0015441268447815898,0.0015441268447815898,0.0007720634223907949,True,SMALL VALUES MAY BE LOST,5.984805117565292e-06,5.984805117565292e-06,2.992402558782646e-06,True,SMALL VALUES MAY BE LOST
ResNet18_CIFAR10_Training,end,activations,layer3.1.conv2,-0.0288838297128677,0.0188184455037117,0.0288838297128677,2.950400812551379e-09,0.0,3.637978807091713e-12,9789798.589395795,True,RANGE ADEQUATE,True,RANGE ADEQUATE,True,RANGE ADEQUATE,0.0002274317300225803,0.0002274317300225803,0.00011371586501129015,True,SMALL VALUES MAY BE LOST,8.814914307952422e-07,8.814914307952422e-07,4.407457153976211e-07,True,SMALL VALUES MAY BE LOST
ResNet18_CIFAR10_Training,end,activations,layer3.1.relu,0.0,2.8123767375946045,2.8123767375946045,5.0961971282958984e-06,13.35,1.1641532182693479e-10,551857.918128655,True,RANGE ADEQUATE,True,RANGE ADEQUATE,True,RANGE ADEQUATE,0.022144698721217358,0.022144698721217358,0.011072349360608679,True,SMALL VALUES MAY BE LOST,8.5829546116355e-05,8.5829546116355e-05,4.29147730581775e-05,True,SMALL VALUES MAY BE LOST
ResNet18_CIFAR10_Training,end,activations,layer4.0.bn1,-0.6939899921417236,1.1508525609970093,1.1508525609970093,4.23286110162735e-07,0.0,1.862645149230957e-09,2718852.6468646866,True,RANGE ADEQUATE,True,RANGE ADEQUATE,True,RANGE ADEQUATE,0.009061831188952828,0.009061831188952828,0.004530915594476414,True,SMALL VALUES MAY BE LOST,3.5122304788262866e-05,3.5122304788262866e-05,1.7561152394131433e-05,True,SMALL VALUES MAY BE LOST
ResNet18_CIFAR10_Training,end,activations,layer4.0.bn2,-0.8339864611625671,1.7251591682434082,1.7251591682434082,5.580484867095947e-06,0.0,9.313225746154783e-10,309141.44726301735,True,RANGE ADEQUATE,True,RANGE ADEQUATE,True,RANGE ADEQUATE,0.013583930458609514,0.013583930458609514,0.006791965229304757,True,SMALL VALUES MAY BE LOST,5.264928642363989e-05,5.264928642363989e-05,2.6324643211819944e-05,True,SMALL VALUES MAY BE LOST
ResNet18_CIFAR10_Training,end,activations,layer4.0.conv1,-1.8519123792648315,2.4892663955688477,2.4892663955688477,2.0274962935218355e-06,0.0,1.862645149230957e-09,1227753.8575643464,True,RANGE ADEQUATE,True,RANGE ADEQUATE,True,RANGE ADEQUATE,0.019600522799754706,0.019600522799754706,0.009800261399877353,True,SMALL VALUES MAY BE LOST,7.596870008144925e-05,7.596870008144925e-05,3.7984350040724624e-05,True,SMALL VALUES MAY BE LOST
ResNet18_CIFAR10_Training,end,activations,layer4.0.conv2,-0.5278685092926025,0.7828154563903809,0.7828154563903809,2.3520642571384087e-06,0.0,9.313225746154783e-10,332820.6081167091,True,RANGE ADEQUATE,True,RANGE ADEQUATE,True,RANGE ADEQUATE,0.0061639012314203215,0.0061639012314203215,0.0030819506157101608,True,SMALL VALUES MAY BE LOST,2.3890360923806904e-05,2.3890360923806904e-05,1.1945180461903452e-05,True,SMALL VALUES MAY BE LOST
ResNet18_CIFAR10_Training,end,activations,layer4.0.downsample.0,-1.542667269706726,2.0494842529296875,2.0494842529296875,9.287293778470483e-07,0.0,1.862645149230957e-09,2206761.5193574885,True,RANGE ADEQUATE,True,RANGE ADEQUATE,True,RANGE ADEQUATE,0.016137671282910927,0.016137671282910927,0.008068835641455463,True,SMALL VALUES MAY BE LOST,6.254720459394169e-05,6.254720459394169e-05,3.1273602296970846e-05,True,SMALL VALUES MAY BE LOST
ResNet18_CIFAR10_Training,end,activations,layer4.0.downsample.1,-1.480159878730774,2.067563772201538,2.067563772201538,2.0936131477355957e-06,0.0,1.862645149230957e-09,987557.693950178,True,RANGE ADEQUATE,True,RANGE ADEQUATE,True,RANGE ADEQUATE,0.016280029702374316,0.016280029702374316,0.008140014851187158,True,SMALL VALUES MAY BE LOST,6.309896457416114e-05,6.309896457416114e-05,3.154948228708057e-05,True,SMALL VALUES MAY BE LOST
ResNet18_CIFAR10_Training,end,activations,layer4.0.relu,0.0,3.1047043800354004,3.1047043800354004,1.2034084647893906e-05,47.92,3.725290298461914e-09,257992.56618813606,True,RANGE ADEQUATE,True,RANGE ADEQUATE,True,RANGE ADEQUATE,0.024446491181381105,0.024446491181381105,0.012223245590690553,True,SMALL VALUES MAY BE LOST,9.475095004228036e-05,9.475095004228036e-05,4.737547502114018e-05,True,SMALL VALUES MAY BE LOST
ResNet18_CIFAR10_Training,end,activations,layer4.1.bn1,-0.0265740025788545,0.0150626823306083,0.0265740025788545,2.1653249859809878e-07,0.0,5.820766091346741e-11,122725.23870967711,True,RANGE ADEQUATE,True,RANGE ADEQUATE,True,RANGE ADEQUATE,0.0002092441147941299,0.0002092441147941299,0.00010462205739706495,True,SMALL VALUES MAY BE LOST,8.109989495179448e-07,8.109989495179448e-07,4.054994747589724e-07,True,SMALL VALUES MAY BE LOST
ResNet18_CIFAR10_Training,end,activations,layer4.1.bn2,-0.079041339457035,0.0040733213536441,0.079041339457035,7.90952299212222e-07,0.0,2.9103830456733704e-11,99931.86635370947,True,RANGE ADEQUATE,True,RANGE ADEQUATE,True,RANGE ADEQUATE,0.0006223727516301968,0.0006223727516301968,0.0003111863758150984,True,SMALL VALUES MAY BE LOST,2.412223867215033e-06,2.412223867215033e-06,1.2061119336075166e-06,True,SMALL VALUES MAY BE LOST
ResNet18_CIFAR10_Training,end,activations,layer4.1.conv1,-0.0601309835910797,0.0285318084061145,0.0601309835910797,4.4010812416672707e-07,0.0,2.3283064365386963e-10,136627.7518846713,True,RANGE ADEQUATE,True,RANGE ADEQUATE,True,RANGE ADEQUATE,0.000473472311740785,0.000473472311740785,0.0002367361558703925,True,SMALL VALUES MAY BE LOST,1.8351079925253974e-06,1.8351079925253974e-06,9.175539962626987e-07,True,SMALL VALUES MAY BE LOST
ResNet18_CIFAR10_Training,end,activations,layer4.1.conv2,-0.0008167442865669,0.000702207442373,0.0008167442865669,2.4897417461033907e-11,0.0,2.273736754432321e-13,32804377.71689206,True,RANGE ADEQUATE,True,RANGE ADEQUATE,True,RANGE ADEQUATE,6.431057374542519e-06,6.431057374542519e-06,3.2155286872712597e-06,True,SMALL VALUES MAY BE LOST,2.4925818249058503e-08,2.4925818249058503e-08,1.2462909124529252e-08,True,SMALL VALUES MAY BE LOST
ResNet18_CIFAR10_Training,end,activations,layer4.1.relu,0.0,3.103550672531128,3.103550672531128,2.1977018604957266e-07,48.836666666666666,2.3646862246096134e-11,14121800.269264335,True,RANGE ADEQUATE,True,RANGE ADEQUATE,True,RANGE ADEQUATE,0.024437406870323843,0.024437406870323843,0.012218703435161921,True,SMALL VALUES MAY BE LOST,9.471574060887868e-05,9.471574060887868e-05,4.735787030443934e-05,True,SMALL VALUES MAY BE LOST
ResNet18_CIFAR10_Training,end,activations,maxpool,0.0,9.86980438232422,9.86980438232422,3.201887011528015e-05,33.54,2.9802322387695312e-08,308249.6148923793,True,RANGE ADEQUATE,True,RANGE ADEQUATE,True,RANGE ADEQUATE,0.07771499513641118,0.07771499513641118,0.03885749756820559,True,SMALL VALUES MAY BE LOST,0.00030121171856820034,0.00030121171856820034,0.00015060585928410017,True,SMALL VALUES MAY BE LOST
ResNet18_CIFAR10_Training,end,activations,relu,0.0,7.527268409729004,7.527268409729004,3.430200740695e-05,58.95333333333333,2.9802322387695312e-08,219441.04671273232,True,RANGE ADEQUATE,True,RANGE ADEQUATE,True,RANGE ADEQUATE,0.059269829997866175,0.059269829997866175,0.029634914998933087,True,SMALL VALUES MAY BE LOST,0.00022972101229068893,0.00022972101229068893,0.00011486050614534446,True,SMALL VALUES MAY BE LOST
ResNet18_CIFAR10_Training,end,biases,bn1.bias,-0.4097844660282135,0.4914905130863189,0.4914905130863189,0.0007060670759528,0.0,0.0001057740300893,696.0960648435257,True,RANGE ADEQUATE,True,RANGE ADEQUATE,True,RANGE ADEQUATE,0.0038700040400497554,0.0038700040400497554,0.0019350020200248777,True,SMALL VALUES MAY BE LOST,1.4999557880987546e-05,1.4999557880987546e-05,7.499778940493773e-06,False,RANGE/STEP APPEARS ADEQUATE
ResNet18_CIFAR10_Training,end,biases,fc.bias,-0.1762630939483642,0.1926943659782409,0.1926943659782409,0.0353035852313041,0.0,0.011489450931549,5.4582095477197194,True,RANGE ADEQUATE,True,RANGE ADEQUATE,True,RANGE ADEQUATE,0.0015172784722696135,0.0015172784722696135,0.0007586392361348068,False,RANGE/STEP APPEARS ADEQUATE,5.880744834078216e-06,5.880744834078216e-06,2.940372417039108e-06,False,RANGE/STEP APPEARS ADEQUATE
ResNet18_CIFAR10_Training,end,biases,layer1.0.bn1.bias,-0.2680952250957489,0.3632076978683471,0.3632076978683471,0.0027483250014483,0.0,8.359551429748535e-05,132.15602145923265,True,RANGE ADEQUATE,True,RANGE ADEQUATE,True,RANGE ADEQUATE,0.002859903132821631,0.002859903132821631,0.0014299515664108154,False,RANGE/STEP APPEARS ADEQUATE,1.1084557569150277e-05,1.1084557569150277e-05,5.542278784575138e-06,False,RANGE/STEP APPEARS ADEQUATE
ResNet18_CIFAR10_Training,end,biases,layer1.0.bn2.bias,-0.3009473979473114,0.1025498434901237,0.3009473979473114,0.0012381863780319,0.0,3.431737422943115e-05,243.05500632761604,True,RANGE ADEQUATE,True,RANGE ADEQUATE,True,RANGE ADEQUATE,0.0023696645507662313,0.0023696645507662313,0.0011848322753831156,False,RANGE/STEP APPEARS ADEQUATE,9.184466016031722e-06,9.184466016031722e-06,4.592233008015861e-06,False,RANGE/STEP APPEARS ADEQUATE
ResNet18_CIFAR10_Training,end,biases,layer1.1.bn1.bias,-0.6483235955238342,0.1238884553313255,0.6483235955238342,0.0032653957605361,0.0,6.105005741119385e-05,198.54365077554795,True,RANGE ADEQUATE,True,RANGE ADEQUATE,True,RANGE ADEQUATE,0.005104910200975072,0.005104910200975072,0.002552455100487536,False,RANGE/STEP APPEARS ADEQUATE,1.9785869793506704e-05,1.9785869793506704e-05,9.892934896753352e-06,False,RANGE/STEP APPEARS ADEQUATE
ResNet18_CIFAR10_Training,end,biases,layer1.1.bn2.bias,-0.5055671334266663,0.0986222699284553,0.5055671334266663,0.0016464260406792,0.0,4.9933791160583496e-05,307.0694467503106,True,RANGE ADEQUATE,True,RANGE ADEQUATE,True,RANGE ADEQUATE,0.003980843570288711,0.003980843570288711,0.0019904217851443554,True,SMALL VALUES MAY BE LOST,1.542915535223445e-05,1.542915535223445e-05,7.714577676117226e-06,False,RANGE/STEP APPEARS ADEQUATE
ResNet18_CIFAR10_Training,end,biases,layer2.0.bn1.bias,-0.5484338402748108,0.0022177849896252,0.5484338402748108,0.0022177849896252,0.0,6.717443466186523e-05,247.28900359610367,True,RANGE ADEQUATE,True,RANGE ADEQUATE,True,RANGE ADEQUATE,0.004318376695077251,0.004318376695077251,0.0021591883475386253,False,RANGE/STEP APPEARS ADEQUATE,1.6737383351384344e-05,1.6737383351384344e-05,8.368691675692172e-06,False,RANGE/STEP APPEARS ADEQUATE
ResNet18_CIFAR10_Training,end,biases,layer2.0.bn2.bias,-0.340507835149765,-0.0170920901000499,0.340507835149765,0.0170920901000499,0.0,1.6391277313232422e-06,19.92195414115977,True,RANGE ADEQUATE,True,RANGE ADEQUATE,True,RANGE ADEQUATE,0.0026811640562973624,0.0026811640562973624,0.0013405820281486812,False,RANGE/STEP APPEARS ADEQUATE,1.0391791593669394e-05,1.0391791593669394e-05,5.195895796834697e-06,False,RANGE/STEP APPEARS ADEQUATE
ResNet18_CIFAR10_Training,end,biases,layer2.0.downsample.1.bias,-0.340507835149765,-0.0170920901000499,0.340507835149765,0.0170920901000499,0.0,1.6391277313232422e-06,19.92195414115977,True,RANGE ADEQUATE,True,RANGE ADEQUATE,True,RANGE ADEQUATE,0.0026811640562973624,0.0026811640562973624,0.0013405820281486812,False,RANGE/STEP APPEARS ADEQUATE,1.0391791593669394e-05,1.0391791593669394e-05,5.195895796834697e-06,False,RANGE/STEP APPEARS ADEQUATE
ResNet18_CIFAR10_Training,end,biases,layer2.1.bn1.bias,-0.4880445003509521,-0.0923094600439071,0.4880445003509521,0.0923094600439071,0.0,1.7911195755004883e-05,5.287047504327435,True,RANGE ADEQUATE,True,RANGE ADEQUATE,True,RANGE ADEQUATE,0.00384287008150356,0.00384287008150356,0.00192143504075178,False,RANGE/STEP APPEARS ADEQUATE,1.4894390708668847e-05,1.4894390708668847e-05,7.447195354334423e-06,False,RANGE/STEP APPEARS ADEQUATE
ResNet18_CIFAR10_Training,end,biases,layer2.1.bn2.bias,-0.4558880925178528,-0.0764889046549797,0.4558880925178528,0.0764889046549797,0.0,6.556510925292969e-06,5.960185919438092,True,RANGE ADEQUATE,True,RANGE ADEQUATE,True,RANGE ADEQUATE,0.0035896700198256126,0.0035896700198256126,0.0017948350099128063,False,RANGE/STEP APPEARS ADEQUATE,1.3913025071500374e-05,1.3913025071500374e-05,6.956512535750187e-06,False,RANGE/STEP APPEARS ADEQUATE
ResNet18_CIFAR10_Training,end,biases,layer3.0.bn1.bias,-0.4916295707225799,-0.0743161886930465,0.4916295707225799,0.0743161886930465,0.0,2.831220626831055e-07,6.615376533277196,True,RANGE ADEQUATE,True,RANGE ADEQUATE,True,RANGE ADEQUATE,0.0038710989820675583,0.0038710989820675583,0.0019355494910337791,False,RANGE/STEP APPEARS ADEQUATE,1.5003801712777486e-05,1.5003801712777486e-05,7.501900856388743e-06,False,RANGE/STEP APPEARS ADEQUATE
ResNet18_CIFAR10_Training,end,biases,layer3.0.bn2.bias,-0.1588281244039535,0.1399153172969818,0.1588281244039535,0.0002186672063544,0.0,6.556510925292969e-07,726.3463372122492,True,RANGE ADEQUATE,True,RANGE ADEQUATE,True,RANGE ADEQUATE,0.0012506151527870355,0.0012506151527870355,0.0006253075763935177,True,SMALL VALUES MAY BE LOST,4.847197619676916e-06,4.847197619676916e-06,2.423598809838458e-06,False,RANGE/STEP APPEARS ADEQUATE
ResNet18_CIFAR10_Training,end,biases,layer3.0.downsample.1.bias,-0.1588281244039535,0.1399153172969818,0.1588281244039535,0.0002186672063544,0.0,6.556510925292969e-07,726.3463372122492,True,RANGE ADEQUATE,True,RANGE ADEQUATE,True,RANGE ADEQUATE,0.0012506151527870355,0.0012506151527870355,0.0006253075763935177,True,SMALL VALUES MAY BE LOST,4.847197619676916e-06,4.847197619676916e-06,2.423598809838458e-06,False,RANGE/STEP APPEARS ADEQUATE
ResNet18_CIFAR10_Training,end,biases,layer3.1.bn1.bias,-0.0242461692541837,0.0090662678703665,0.0242461692541837,2.0576437236741185e-05,0.0,2.8725480660796165e-08,1178.3463276572418,True,RANGE ADEQUATE,True,RANGE ADEQUATE,True,RANGE ADEQUATE,0.00019091471853687953,0.00019091471853687953,9.545735926843976e-05,True,SMALL VALUES MAY BE LOST,7.39956946140437e-07,7.39956946140437e-07,3.699784730702185e-07,False,RANGE/STEP APPEARS ADEQUATE
ResNet18_CIFAR10_Training,end,biases,layer3.1.bn2.bias,-0.1311094611883163,0.0241618547588586,0.1311094611883163,9.121352923102676e-05,0.0,1.2312084436416626e-06,1437.39050877245,True,RANGE ADEQUATE,True,RANGE ADEQUATE,True,RANGE ADEQUATE,0.0010323579621127268,0.0010323579621127268,0.0005161789810563634,True,SMALL VALUES MAY BE LOST,4.001265333668517e-06,4.001265333668517e-06,2.0006326668342585e-06,False,RANGE/STEP APPEARS ADEQUATE
ResNet18_CIFAR10_Training,end,biases,layer4.0.bn1.bias,-0.1088272631168365,0.1019645109772682,0.1088272631168365,2.1642656065523624e-05,0.0,2.0116567611694339e-07,5028.369105314964,True,RANGE ADEQUATE,True,RANGE ADEQUATE,True,RANGE ADEQUATE,0.0008569075835971378,0.0008569075835971378,0.0004284537917985689,True,SMALL VALUES MAY BE LOST,3.3212458606780147e-06,3.3212458606780147e-06,1.6606229303390074e-06,False,RANGE/STEP APPEARS ADEQUATE
ResNet18_CIFAR10_Training,end,biases,layer4.0.bn2.bias,-0.0590233467519283,0.1429601311683654,0.1429601311683654,0.0001616426452528,0.0,1.2386590242385864e-07,884.4208837635872,True,RANGE ADEQUATE,True,RANGE ADEQUATE,True,RANGE ADEQUATE,0.0011256703241603575,0.0011256703241603575,0.0005628351620801787,True,SMALL VALUES MAY BE LOST,4.3629301177515605e-06,4.3629301177515605e-06,2.1814650588757803e-06,False,RANGE/STEP APPEARS ADEQUATE
ResNet18_CIFAR10_Training,end,biases,layer4.0.downsample.1.bias,-0.0590233467519283,0.1429601311683654,0.1429601311683654,0.0001616426452528,0.0,1.2386590242385864e-07,884.4208837635872,True,RANGE ADEQUATE,True,RANGE ADEQUATE,True,RANGE ADEQUATE,0.0011256703241603575,0.0011256703241603575,0.0005628351620801787,True,SMALL VALUES MAY BE LOST,4.3629301177515605e-06,4.3629301177515605e-06,2.1814650588757803e-06,False,RANGE/STEP APPEARS ADEQUATE
ResNet18_CIFAR10_Training,end,biases,layer4.1.bn1.bias,-0.0036954225506633,0.0016195031348615,0.0036954225506633,6.38538313069148e-06,0.0,4.627509042620659e-09,578.7315302822117,True,RANGE ADEQUATE,True,RANGE ADEQUATE,True,RANGE ADEQUATE,2.9097815359553542e-05,2.9097815359553542e-05,1.4548907679776771e-05,True,SMALL VALUES MAY BE LOST,1.1277878813023164e-07,1.1277878813023164e-07,5.638939406511582e-08,False,RANGE/STEP APPEARS ADEQUATE
ResNet18_CIFAR10_Training,end,biases,layer4.1.bn2.bias,-0.0790156424045562,0.0038855769671499,0.0790156424045562,1.6509875422343612e-06,0.0,2.421438694000244e-08,47859.623639328325,True,RANGE ADEQUATE,True,RANGE ADEQUATE,True,RANGE ADEQUATE,0.0006221704126343009,0.0006221704126343009,0.00031108520631715044,True,SMALL VALUES MAY BE LOST,2.411439631475454e-06,2.411439631475454e-06,1.205719815737727e-06,False,RANGE/STEP APPEARS ADEQUATE
ResNet18_CIFAR10_Training,end,gradients,bn1.bias,-0.0216943752020597,0.0292321424931287,0.0292321424931287,2.0301900804042816e-05,17.1875,9.852461516857147e-06,1439.8721959722886,True,RANGE ADEQUATE,True,RANGE ADEQUATE,True,RANGE ADEQUATE,0.00023017435033959607,0.00023017435033959607,0.00011508717516979804,True,SMALL VALUES MAY BE LOST,8.921214176802484e-07,8.921214176802484e-07,4.460607088401242e-07,False,RANGE/STEP APPEARS ADEQUATE
ResNet18_CIFAR10_Training,end,gradients,bn1.weight,-0.0379625260829925,0.0335921645164489,0.0379625260829925,7.837265729904175e-05,17.1875,1.3830140233039856e-05,484.3848274550806,True,RANGE ADEQUATE,True,RANGE ADEQUATE,True,RANGE ADEQUATE,0.00029891752821253935,0.00029891752821253935,0.00014945876410626968,True,SMALL VALUES MAY BE LOST,1.158559711996597e-06,1.158559711996597e-06,5.792798559982985e-07,False,RANGE/STEP APPEARS ADEQUATE
ResNet18_CIFAR10_Training,end,gradients,conv1.weight,-0.0286865271627903,0.0590313076972961,0.0590313076972961,4.790490493178368e-07,17.1875,2.3283064365386963e-10,123226.0199270959,True,RANGE ADEQUATE,True,RANGE ADEQUATE,True,RANGE ADEQUATE,0.0004648134464354024,0.0004648134464354024,0.0002324067232177012,True,SMALL VALUES MAY BE LOST,1.801547523340437e-06,1.801547523340437e-06,9.007737616702185e-07,True,SMALL VALUES MAY BE LOST
ResNet18_CIFAR10_Training,end,gradients,fc.bias,-0.036278136074543,0.0242247767746448,0.036278136074543,0.0005839805817231,0.0,0.0004935106262564,62.12216160938143,True,RANGE ADEQUATE,True,RANGE ADEQUATE,True,RANGE ADEQUATE,0.0002856546147601811,0.0002856546147601811,0.00014282730738009056,False,RANGE/STEP APPEARS ADEQUATE,1.1071546395624562e-06,1.1071546395624562e-06,5.535773197812281e-07,False,RANGE/STEP APPEARS ADEQUATE
ResNet18_CIFAR10_Training,end,gradients,fc.weight,-0.0418818071484565,0.0288454461842775,0.0418818071484565,2.097222022712231e-07,0.0,1.7462298274040222e-10,199701.35109630824,True,RANGE ADEQUATE,True,RANGE ADEQUATE,True,RANGE ADEQUATE,0.00032977800904296454,0.00032977800904296454,0.00016488900452148227,True,SMALL VALUES MAY BE LOST,1.2781703283320567e-06,1.2781703283320567e-06,6.390851641660283e-07,True,SMALL VALUES MAY BE LOST
ResNet18_CIFAR10_Training,end,gradients,layer1.0.bn1.bias,-0.0167861208319664,0.0215938203036785,0.0215938203036785,3.5138451494276524e-05,0.0,7.12275505065918e-06,614.535341922958,True,RANGE ADEQUATE,True,RANGE ADEQUATE,True,RANGE ADEQUATE,0.00017003008113132675,0.00017003008113132675,8.501504056566338e-05,True,SMALL VALUES MAY BE LOST,6.590112095607928e-07,6.590112095607928e-07,3.295056047803964e-07,False,RANGE/STEP APPEARS ADEQUATE
ResNet18_CIFAR10_Training,end,gradients,layer1.0.bn1.weight,-0.0303141437470912,0.0187457744032144,0.0303141437470912,7.545109838247299e-05,0.0,1.5692785382270813e-07,401.7720669011899,True,RANGE ADEQUATE,True,RANGE ADEQUATE,True,RANGE ADEQUATE,0.00023869404525268662,0.00023869404525268662,0.00011934702262634331,True,SMALL VALUES MAY BE LOST,9.251424832023438e-07,9.251424832023438e-07,4.625712416011719e-07,False,RANGE/STEP APPEARS ADEQUATE
ResNet18_CIFAR10_Training,end,gradients,layer1.0.bn2.bias,-0.0186401735991239,0.0192118845880031,0.0192118845880031,0.0002036867663264,0.0,7.98795372247696e-06,94.32073047503151,True,RANGE ADEQUATE,True,RANGE ADEQUATE,True,RANGE ADEQUATE,0.0001512746817953,0.0001512746817953,7.563734089765e-05,False,RANGE/STEP APPEARS ADEQUATE,5.86318081850737e-07,5.86318081850737e-07,2.931590409253685e-07,False,RANGE/STEP APPEARS ADEQUATE
ResNet18_CIFAR10_Training,end,gradients,layer1.0.bn2.weight,-0.0588993169367313,0.0382084250450134,0.0588993169367313,7.141334936022758e-05,0.0,6.489455699920654e-06,824.7662021791998,True,RANGE ADEQUATE,True,RANGE ADEQUATE,True,RANGE ADEQUATE,0.00046377414910812046,0.00046377414910812046,0.00023188707455406023,True,SMALL VALUES MAY BE LOST,1.797519362063396e-06,1.797519362063396e-06,8.98759681031698e-07,False,RANGE/STEP APPEARS ADEQUATE
ResNet18_CIFAR10_Training,end,gradients,layer1.0.conv1.weight,-0.0134630873799324,0.0142218191176652,0.0142218191176652,2.053639036603272e-09,17.1875,1.4551915228366852e-11,6925179.57838791,True,RANGE ADEQUATE,True,RANGE ADEQUATE,True,RANGE ADEQUATE,0.00011198282769815119,0.00011198282769815119,5.5991413849075594e-05,True,SMALL VALUES MAY BE LOST,4.3402872150838345e-07,4.3402872150838345e-07,2.1701436075419173e-07,True,SMALL VALUES MAY BE LOST
ResNet18_CIFAR10_Training,end,gradients,layer1.0.conv2.weight,-0.0102736027911305,0.0091464584693312,0.0102736027911305,3.896332145814085e-09,0.0,1.4551915228366852e-11,2636736.9122182396,True,RANGE ADEQUATE,True,RANGE ADEQUATE,True,RANGE ADEQUATE,8.089451016638188e-05,8.089451016638188e-05,4.044725508319094e-05,True,SMALL VALUES MAY BE LOST,3.1353504413374736e-07,3.1353504413374736e-07,1.5676752206687368e-07,True,SMALL VALUES MAY BE LOST
ResNet18_CIFAR10_Training,end,gradients,layer1.1.bn1.bias,-0.0183812882751226,0.0369541831314563,0.0369541831314563,8.019385859370232e-05,0.0,4.600733518600464e-06,460.8106378654579,True,RANGE ADEQUATE,True,RANGE ADEQUATE,True,RANGE ADEQUATE,0.00029097781993272674,0.00029097781993272674,0.00014548890996636337,True,SMALL VALUES MAY BE LOST,1.1277865880750847e-06,1.1277865880750847e-06,5.638932940375423e-07,False,RANGE/STEP APPEARS ADEQUATE
ResNet18_CIFAR10_Training,end,gradients,layer1.1.bn1.weight,-0.0263481363654136,0.0291083697229623,0.0291083697229623,4.038820043206215e-05,0.0,1.6782432794570925e-06,720.7146991341223,True,RANGE ADEQUATE,True,RANGE ADEQUATE,True,RANGE ADEQUATE,0.00022919976159812834,0.00022919976159812834,0.00011459988079906417,True,SMALL VALUES MAY BE LOST,8.883440572210547e-07,8.883440572210547e-07,4.4417202861052736e-07,False,RANGE/STEP APPEARS ADEQUATE
ResNet18_CIFAR10_Training,end,gradients,layer1.1.bn2.bias,-0.0157687775790691,0.0193206146359443,0.0193206146359443,4.110089503228664e-05,0.0,1.264270395040512e-05,470.0777104918779,True,RANGE ADEQUATE,True,RANGE ADEQUATE,True,RANGE ADEQUATE,0.00015213082390507323,0.00015213082390507323,7.606541195253662e-05,True,SMALL VALUES MAY BE LOST,5.896363608491562e-07,5.896363608491562e-07,2.948181804245781e-07,False,RANGE/STEP APPEARS ADEQUATE
ResNet18_CIFAR10_Training,end,gradients,layer1.1.bn2.weight,-0.0269869789481163,0.0503515936434268,0.0503515936434268,6.469269283115864e-05,0.0,2.937018871307373e-05,778.3196438404465,True,RANGE ADEQUATE,True,RANGE ADEQUATE,True,RANGE ADEQUATE,0.0003964692412868252,0.0003964692412868252,0.0001982346206434126,True,SMALL VALUES MAY BE LOST,1.5366555877384808e-06,1.5366555877384808e-06,7.683277938692404e-07,False,RANGE/STEP APPEARS ADEQUATE
ResNet18_CIFAR10_Training,end,gradients,layer1.1.conv1.weight,-0.0181184131652116,0.0120136616751551,0.0181184131652116,5.122274160385132e-09,0.0,2.9103830456733704e-11,3537181.4545454397,True,RANGE ADEQUATE,True,RANGE ADEQUATE,True,RANGE ADEQUATE,0.00014266467059221734,0.00014266467059221734,7.133233529610867e-05,True,SMALL VALUES MAY BE LOST,5.529469638725425e-07,5.529469638725425e-07,2.7647348193627127e-07,True,SMALL VALUES MAY BE LOST
ResNet18_CIFAR10_Training,end,gradients,layer1.1.conv2.weight,-0.014332334510982,0.013435523957014,0.014332334510982,2.8667272999882698e-08,0.0,1.4551915228366852e-11,499954.5827411155,True,RANGE ADEQUATE,True,RANGE ADEQUATE,True,RANGE ADEQUATE,0.00011285302764552756,0.00011285302764552756,5.642651382276378e-05,True,SMALL VALUES MAY BE LOST,4.3740148658656574e-07,4.3740148658656574e-07,2.1870074329328287e-07,True,SMALL VALUES MAY BE LOST
ResNet18_CIFAR10_Training,end,gradients,layer2.0.bn1.bias,-0.0326684787869453,0.0375316888093948,0.0375316888093948,8.75729601830244e-05,0.0,3.882218152284622e-06,428.57622639402496,True,RANGE ADEQUATE,True,RANGE ADEQUATE,True,RANGE ADEQUATE,0.00029552510873539215,0.00029552510873539215,0.00014776255436769608,True,SMALL VALUES MAY BE LOST,1.145411200579693e-06,1.145411200579693e-06,5.727056002898465e-07,False,RANGE/STEP APPEARS ADEQUATE
ResNet18_CIFAR10_Training,end,gradients,layer2.0.bn1.weight,-0.0437407195568084,0.0466532967984676,0.0466532967984676,5.909428000450134e-05,0.0,2.896413207054138e-06,789.4722940175245,True,RANGE ADEQUATE,True,RANGE ADEQUATE,True,RANGE ADEQUATE,0.0003673487936887213,0.0003673487936887213,0.00018367439684436064,True,SMALL VALUES MAY BE LOST,1.423789080430543e-06,1.423789080430543e-06,7.118945402152715e-07,False,RANGE/STEP APPEARS ADEQUATE
ResNet18_CIFAR10_Training,end,gradients,layer2.0.bn2.bias,-0.0255721043795347,0.0328822210431098,0.0328822210431098,3.626756370067597e-05,0.0,5.848705768585205e-07,906.6564634584738,True,RANGE ADEQUATE,True,RANGE ADEQUATE,True,RANGE ADEQUATE,0.0002589151263236992,0.0002589151263236992,0.0001294575631618496,True,SMALL VALUES MAY BE LOST,1.0035163744959807e-06,1.0035163744959807e-06,5.017581872479903e-07,False,RANGE/STEP APPEARS ADEQUATE
ResNet18_CIFAR10_Training,end,gradients,layer2.0.bn2.weight,-0.0388762056827545,0.0688418895006179,0.0688418895006179,0.0003199325874447,0.0,2.2202730178833008e-06,215.1762346263559,True,RANGE ADEQUATE,True,RANGE ADEQUATE,True,RANGE ADEQUATE,0.0005420621220521095,0.0005420621220521095,0.00027103106102605473,False,RANGE/STEP APPEARS ADEQUATE,2.100951857070159e-06,2.100951857070159e-06,1.0504759285350795e-06,False,RANGE/STEP APPEARS ADEQUATE
ResNet18_CIFAR10_Training,end,gradients,layer2.0.conv1.weight,-0.0186513755470514,0.0297903139144182,0.0297903139144182,9.42964106798172e-09,0.0,1.4551915228366852e-11,3159220.3456790103,True,RANGE ADEQUATE,True,RANGE ADEQUATE,True,RANGE ADEQUATE,0.0002345694009009307,0.0002345694009009307,0.00011728470045046535,True,SMALL VALUES MAY BE LOST,9.091559774901029e-07,9.091559774901029e-07,4.5457798874505144e-07,True,SMALL VALUES MAY BE LOST
ResNet18_CIFAR10_Training,end,gradients,layer2.0.conv2.weight,-0.0206919070333242,0.0177717581391334,0.0206919070333242,2.0838342607021332e-08,0.0,1.4551915228366852e-11,992972.782122903,True,RANGE ADEQUATE,True,RANGE ADEQUATE,True,RANGE ADEQUATE,0.00016292840183719843,0.00016292840183719843,8.146420091859921e-05,True,SMALL VALUES MAY BE LOST,6.314861608729575e-07,6.314861608729575e-07,3.157430804364788e-07,True,SMALL VALUES MAY BE LOST
ResNet18_CIFAR10_Training,end,gradients,layer2.0.downsample.0.weight,-0.0328391008079052,0.0252820029854774,0.0328391008079052,2.1788400772493333e-07,0.0,2.037268131971359e-10,150718.27047243767,True,RANGE ADEQUATE,True,RANGE ADEQUATE,True,RANGE ADEQUATE,0.00025857559691263936,0.00025857559691263936,0.00012928779845631968,True,SMALL VALUES MAY BE LOST,1.0022004091892818e-06,1.0022004091892818e-06,5.011002045946409e-07,True,SMALL VALUES MAY BE LOST
ResNet18_CIFAR10_Training,end,gradients,layer2.0.downsample.1.bias,-0.0255721043795347,0.0328822210431098,0.0328822210431098,3.626756370067597e-05,0.0,5.848705768585205e-07,906.6564634584738,True,RANGE ADEQUATE,True,RANGE ADEQUATE,True,RANGE ADEQUATE,0.0002589151263236992,0.0002589151263236992,0.0001294575631618496,True,SMALL VALUES MAY BE LOST,1.0035163744959807e-06,1.0035163744959807e-06,5.017581872479903e-07,False,RANGE/STEP APPEARS ADEQUATE
ResNet18_CIFAR10_Training,end,gradients,layer2.0.downsample.1.weight,-0.05651830509305,0.0374169051647186,0.05651830509305,0.0007918733172118,0.0,1.109391450881958e-05,71.37291264220387,True,RANGE ADEQUATE,True,RANGE ADEQUATE,True,RANGE ADEQUATE,0.00044502602435472446,0.00044502602435472446,0.00022251301217736223,False,RANGE/STEP APPEARS ADEQUATE,1.7248544295495469e-06,1.7248544295495469e-06,8.624272147747734e-07,False,RANGE/STEP APPEARS ADEQUATE
ResNet18_CIFAR10_Training,end,gradients,layer2.1.bn1.bias,-0.0221620127558708,0.0239873956888914,0.0239873956888914,4.1302526369690895e-05,0.0,3.009103238582611e-06,580.7730857474644,True,RANGE ADEQUATE,True,RANGE ADEQUATE,True,RANGE ADEQUATE,0.0001888771314085937,0.0001888771314085937,9.443856570429685e-05,True,SMALL VALUES MAY BE LOST,7.320595626359264e-07,7.320595626359264e-07,3.660297813179632e-07,False,RANGE/STEP APPEARS ADEQUATE
ResNet18_CIFAR10_Training,end,gradients,layer2.1.bn1.weight,-0.0379274897277355,0.0446148514747619,0.0446148514747619,5.647540092468262e-06,0.0,7.105991244316101e-07,7899.873350923472,True,RANGE ADEQUATE,True,RANGE ADEQUATE,True,RANGE ADEQUATE,0.00035129804310836144,0.00035129804310836144,0.00017564902155418072,True,SMALL VALUES MAY BE LOST,1.3615787675027284e-06,1.3615787675027284e-06,6.807893837513642e-07,False,RANGE/STEP APPEARS ADEQUATE
ResNet18_CIFAR10_Training,end,gradients,layer2.1.bn2.bias,-0.0274088196456432,0.0302636809647083,0.0302636809647083,2.5685643777251244e-05,0.0,4.3692998588085175e-06,1178.233305233005,True,RANGE ADEQUATE,True,RANGE ADEQUATE,True,RANGE ADEQUATE,0.00023829670050951418,0.00023829670050951418,0.00011914835025475709,True,SMALL VALUES MAY BE LOST,9.236024343000061e-07,9.236024343000061e-07,4.6180121715000306e-07,False,RANGE/STEP APPEARS ADEQUATE
ResNet18_CIFAR10_Training,end,gradients,layer2.1.bn2.weight,-0.0391388833522796,0.0372041650116443,0.0391388833522796,3.646675031632185e-05,0.0,2.609565854072571e-06,1073.2758749485213,True,RANGE ADEQUATE,True,RANGE ADEQUATE,True,RANGE ADEQUATE,0.00030818018387621733,0.00030818018387621733,0.00015409009193810867,True,SMALL VALUES MAY BE LOST,1.1944603824664937e-06,1.1944603824664937e-06,5.972301912332468e-07,False,RANGE/STEP APPEARS ADEQUATE
ResNet18_CIFAR10_Training,end,gradients,layer2.1.conv1.weight,-0.0150775779038667,0.0186195820569992,0.0186195820569992,4.483808879740536e-09,0.0,5.4569682106375694e-12,4152626.161460445,True,RANGE ADEQUATE,True,RANGE ADEQUATE,True,RANGE ADEQUATE,0.00014661088233857637,0.00014661088233857637,7.330544116928818e-05,True,SMALL VALUES MAY BE LOST,5.682418914456374e-07,5.682418914456374e-07,2.841209457228187e-07,True,SMALL VALUES MAY BE LOST
ResNet18_CIFAR10_Training,end,gradients,layer2.1.conv2.weight,-0.0161884035915136,0.017252542078495,0.017252542078495,3.7161953514441844e-09,0.0,1.8189894035458565e-12,4642528.29760156,True,RANGE ADEQUATE,True,RANGE ADEQUATE,True,RANGE ADEQUATE,0.00013584678801964567,0.00013584678801964567,6.792339400982284e-05,True,SMALL VALUES MAY BE LOST,5.2652186890759e-07,5.2652186890759e-07,2.63260934453795e-07,True,SMALL VALUES MAY BE LOST
ResNet18_CIFAR10_Training,end,gradients,layer3.0.bn1.bias,-0.0371344946324825,0.0353948324918746,0.0371344946324825,5.270005203783512e-05,0.0,1.3206154108047483e-06,704.638671055247,True,RANGE ADEQUATE,True,RANGE ADEQUATE,True,RANGE ADEQUATE,0.0002923975955313583,0.0002923975955313583,0.00014619879776567914,True,SMALL VALUES MAY BE LOST,1.1332894263277842e-06,1.1332894263277842e-06,5.666447131638921e-07,False,RANGE/STEP APPEARS ADEQUATE
ResNet18_CIFAR10_Training,end,gradients,layer3.0.bn1.weight,-0.0481790527701377,0.0451382994651794,0.0481790527701377,1.710839569568634e-05,0.0,1.0058283805847168e-06,2816.1058247142028,True,RANGE ADEQUATE,True,RANGE ADEQUATE,True,RANGE ADEQUATE,0.0003793626202373047,0.0003793626202373047,0.00018968131011865236,True,SMALL VALUES MAY BE LOST,1.470352878510016e-06,1.470352878510016e-06,7.35176439255008e-07,False,RANGE/STEP APPEARS ADEQUATE
ResNet18_CIFAR10_Training,end,gradients,layer3.0.bn2.bias,-0.0230195540934801,0.0156320426613092,0.0230195540934801,5.745096132159233e-07,0.0,9.289942681789398e-08,40068.17912867273,True,RANGE ADEQUATE,True,RANGE ADEQUATE,True,RANGE ADEQUATE,0.00018125633144472518,0.00018125633144472518,9.062816572236259e-05,True,SMALL VALUES MAY BE LOST,7.025224797351024e-07,7.025224797351024e-07,3.512612398675512e-07,False,RANGE/STEP APPEARS ADEQUATE
ResNet18_CIFAR10_Training,end,gradients,layer3.0.bn2.weight,-0.0219713021069765,0.0198463313281536,0.0219713021069765,2.152996603399515e-05,0.0,9.109498932957649e-08,1020.498688771013,True,RANGE ADEQUATE,True,RANGE ADEQUATE,True,RANGE ADEQUATE,0.00017300237879509054,0.00017300237879509054,8.650118939754527e-05,True,SMALL VALUES MAY BE LOST,6.705313915517593e-07,6.705313915517593e-07,3.3526569577587965e-07,False,RANGE/STEP APPEARS ADEQUATE
ResNet18_CIFAR10_Training,end,gradients,layer3.0.conv1.weight,-0.0245680268853902,0.0225425641983747,0.0245680268853902,1.178705133497715e-09,0.0,1.8189894035458565e-12,20843233.97530857,True,RANGE ADEQUATE,True,RANGE ADEQUATE,True,RANGE ADEQUATE,0.0001934490305936236,0.0001934490305936236,9.67245152968118e-05,True,SMALL VALUES MAY BE LOST,7.497795613083346e-07,7.497795613083346e-07,3.748897806541673e-07,True,SMALL VALUES MAY BE LOST
ResNet18_CIFAR10_Training,end,gradients,layer3.0.conv2.weight,-0.0178196281194686,0.0192861296236515,0.0192861296236515,3.9031533560773823e-10,0.0,1.1368683772161605e-13,49411662.47957474,True,RANGE ADEQUATE,True,RANGE ADEQUATE,True,RANGE ADEQUATE,0.00015185928837520868,0.00015185928837520868,7.592964418760434e-05,True,SMALL VALUES MAY BE LOST,5.885839296747185e-07,5.885839296747185e-07,2.9429196483735925e-07,True,SMALL VALUES MAY BE LOST
ResNet18_CIFAR10_Training,end,gradients,layer3.0.downsample.0.weight,-0.0202300883829593,0.0139474878087639,0.0202300883829593,2.5644112611189485e-08,0.0,2.182787284255028e-11,788878.4724074311,True,RANGE ADEQUATE,True,RANGE ADEQUATE,True,RANGE ADEQUATE,0.00015929203451149054,0.00015929203451149054,7.964601725574527e-05,True,SMALL VALUES MAY BE LOST,6.173921440156041e-07,6.173921440156041e-07,3.0869607200780207e-07,True,SMALL VALUES MAY BE LOST
ResNet18_CIFAR10_Training,end,gradients,layer3.0.downsample.1.bias,-0.0230195540934801,0.0156320426613092,0.0230195540934801,5.745096132159233e-07,0.0,9.289942681789398e-08,40068.17912867273,True,RANGE ADEQUATE,True,RANGE ADEQUATE,True,RANGE ADEQUATE,0.00018125633144472518,0.00018125633144472518,9.062816572236259e-05,True,SMALL VALUES MAY BE LOST,7.025224797351024e-07,7.025224797351024e-07,3.512612398675512e-07,False,RANGE/STEP APPEARS ADEQUATE
ResNet18_CIFAR10_Training,end,gradients,layer3.0.downsample.1.weight,-0.0173017177730798,0.0300036966800689,0.0300036966800689,2.8927010134793815e-05,0.0,8.612987585365772e-07,1037.2208029885546,True,RANGE ADEQUATE,True,RANGE ADEQUATE,True,RANGE ADEQUATE,0.00023624958015802284,0.00023624958015802284,0.00011812479007901142,True,SMALL VALUES MAY BE LOST,9.156681014456283e-07,9.156681014456283e-07,4.5783405072281413e-07,False,RANGE/STEP APPEARS ADEQUATE
ResNet18_CIFAR10_Training,end,gradients,layer3.1.bn1.bias,-0.0011329127009958,0.0013492943253368,0.0013492943253368,3.3869664548547007e-06,17.1875,1.5643308870494366e-08,398.3784142304663,True,RANGE ADEQUATE,True,RANGE ADEQUATE,True,RANGE ADEQUATE,1.0624364766431497e-05,1.0624364766431497e-05,5.3121823832157485e-06,True,SMALL VALUES MAY BE LOST,4.117845165370037e-08,4.117845165370037e-08,2.0589225826850186e-08,False,RANGE/STEP APPEARS ADEQUATE
ResNet18_CIFAR10_Training,end,gradients,layer3.1.bn1.weight,-0.0006378160323947,0.0007561892271041,0.0007561892271041,8.49984644446522e-06,17.1875,4.365574568510055e-10,88.96504566814873,True,RANGE ADEQUATE,True,RANGE ADEQUATE,True,RANGE ADEQUATE,5.954245882709448e-06,5.954245882709448e-06,2.977122941354724e-06,False,RANGE/STEP APPEARS ADEQUATE,2.3077768093023467e-08,2.3077768093023467e-08,1.1538884046511733e-08,False,RANGE/STEP APPEARS ADEQUATE
ResNet18_CIFAR10_Training,end,gradients,layer3.1.bn2.bias,-0.0099494159221649,0.0045401891693472,0.0099494159221649,5.820766091346741e-11,0.78125,7.275957614183426e-12,170929663.9999997,True,RANGE ADEQUATE,True,RANGE ADEQUATE,True,RANGE ADEQUATE,7.834185765484173e-05,7.834185765484173e-05,3.9170928827420866e-05,True,SMALL VALUES MAY BE LOST,3.0364134410122683e-07,3.0364134410122683e-07,1.5182067205061342e-07,True,SMALL VALUES MAY BE LOST
ResNet18_CIFAR10_Training,end,gradients,layer3.1.bn2.weight,-0.0036869135219603,0.012441974133253,0.012441974133253,1.5095793060027063e-08,0.0,8.010829333215952e-09,824201.4237859919,True,RANGE ADEQUATE,True,RANGE ADEQUATE,True,RANGE ADEQUATE,9.796830026183465e-05,9.796830026183465e-05,4.8984150130917325e-05,True,SMALL VALUES MAY BE LOST,3.7971050548579365e-07,3.7971050548579365e-07,1.8985525274289683e-07,True,SMALL VALUES MAY BE LOST
ResNet18_CIFAR10_Training,end,gradients,layer3.1.conv1.weight,-0.0003232486487831,0.0003429263597354,0.0003429263597354,4.476419235288631e-13,17.1875,4.440892098500626e-16,766072929.5237441,True,RANGE ADEQUATE,True,RANGE ADEQUATE,True,RANGE ADEQUATE,2.700207556971654e-06,2.700207556971654e-06,1.350103778485827e-06,True,SMALL VALUES MAY BE LOST,1.0465601359154028e-08,1.0465601359154028e-08,5.232800679577014e-09,True,SMALL VALUES MAY BE LOST
ResNet18_CIFAR10_Training,end,gradients,layer3.1.conv2.weight,-0.0004866190429311,0.0005586624611169,0.0005586624611169,4.1066956726779156e-15,24.52273898654514,5.204170427930421e-18,136036976110.43198,True,RANGE ADEQUATE,True,RANGE ADEQUATE,True,RANGE ADEQUATE,4.398917016668504e-06,4.398917016668504e-06,2.199458508334252e-06,True,SMALL VALUES MAY BE LOST,1.7049545613480024e-08,1.7049545613480024e-08,8.524772806740012e-09,True,SMALL VALUES MAY BE LOST
ResNet18_CIFAR10_Training,end,gradients,layer4.0.bn1.bias,-0.0096692899242043,0.0141260959208011,0.0141260959208011,5.731708370149136e-07,0.0,2.421438694000244e-08,24645.524525236004,True,RANGE ADEQUATE,True,RANGE ADEQUATE,True,RANGE ADEQUATE,0.00011122910173859134,0.00011122910173859134,5.561455086929567e-05,True,SMALL VALUES MAY BE LOST,4.3110739221781364e-07,4.3110739221781364e-07,2.1555369610890682e-07,False,RANGE/STEP APPEARS ADEQUATE
ResNet18_CIFAR10_Training,end,gradients,layer4.0.bn1.weight,-0.0075535560026764,0.0121681634336709,0.0121681634336709,3.2405368983745575e-06,0.0,4.025059752166271e-08,3754.9837620347453,True,RANGE ADEQUATE,True,RANGE ADEQUATE,True,RANGE ADEQUATE,9.581231050134567e-05,9.581231050134567e-05,4.790615525067284e-05,True,SMALL VALUES MAY BE LOST,3.713542110559679e-07,3.713542110559679e-07,1.8567710552798394e-07,False,RANGE/STEP APPEARS ADEQUATE
ResNet18_CIFAR10_Training,end,gradients,layer4.0.bn2.bias,-0.0166054163128137,0.0166461188346147,0.0166461188346147,3.78859112970531e-06,0.1953125,4.9301888793706894e-08,4393.749091607438,True,RANGE ADEQUATE,True,RANGE ADEQUATE,True,RANGE ADEQUATE,0.00013107180184735985,0.00013107180184735985,6.553590092367993e-05,True,SMALL VALUES MAY BE LOST,5.080147353927641e-07,5.080147353927641e-07,2.5400736769638206e-07,False,RANGE/STEP APPEARS ADEQUATE
ResNet18_CIFAR10_Training,end,gradients,layer4.0.bn2.weight,-0.020730622112751,0.0146548934280872,0.020730622112751,5.901805707253516e-06,0.1953125,2.5378540158271793e-08,3512.5897294911583,True,RANGE ADEQUATE,True,RANGE ADEQUATE,True,RANGE ADEQUATE,0.00016323324498229133,0.00016323324498229133,8.161662249114567e-05,True,SMALL VALUES MAY BE LOST,6.326676873913084e-07,6.326676873913084e-07,3.163338436956542e-07,False,RANGE/STEP APPEARS ADEQUATE
ResNet18_CIFAR10_Training,end,gradients,layer4.0.conv1.weight,-0.0049328971654176,0.004776288755238,0.0049328971654176,7.980816008057444e-11,55.55555555555556,5.684341886080803e-14,61809433.527064644,True,RANGE ADEQUATE,True,RANGE ADEQUATE,True,RANGE ADEQUATE,3.884170996391811e-05,3.884170996391811e-05,1.9420854981959055e-05,True,SMALL VALUES MAY BE LOST,1.5054466888691673e-07,1.5054466888691673e-07,7.527233444345836e-08,True,SMALL VALUES MAY BE LOST
ResNet18_CIFAR10_Training,end,gradients,layer4.0.conv2.weight,-0.0056182038970291,0.0072181648574769,0.0072181648574769,2.037268131971359e-10,88.91059027777779,2.273736754432321e-13,35430607.99999976,True,RANGE ADEQUATE,True,RANGE ADEQUATE,True,RANGE ADEQUATE,5.683594375966063e-05,5.683594375966063e-05,2.8417971879830316e-05,True,SMALL VALUES MAY BE LOST,2.202876326022187e-07,2.202876326022187e-07,1.1014381630110935e-07,True,SMALL VALUES MAY BE LOST
ResNet18_CIFAR10_Training,end,gradients,layer4.0.downsample.0.weight,-0.0099320635199546,0.0094774290919303,0.0099320635199546,2.1464074961841104e-10,0.1953125,2.273736754432321e-13,46272963.254236914,True,RANGE ADEQUATE,True,RANGE ADEQUATE,True,RANGE ADEQUATE,7.820522456657165e-05,7.820522456657165e-05,3.9102612283285826e-05,True,SMALL VALUES MAY BE LOST,3.031117746499405e-07,3.031117746499405e-07,1.5155588732497025e-07,True,SMALL VALUES MAY BE LOST
ResNet18_CIFAR10_Training,end,gradients,layer4.0.downsample.1.bias,-0.0166054163128137,0.0166461188346147,0.0166461188346147,3.78859112970531e-06,0.1953125,4.9301888793706894e-08,4393.749091607438,True,RANGE ADEQUATE,True,RANGE ADEQUATE,True,RANGE ADEQUATE,0.00013107180184735985,0.00013107180184735985,6.553590092367993e-05,True,SMALL VALUES MAY BE LOST,5.080147353927641e-07,5.080147353927641e-07,2.5400736769638206e-07,False,RANGE/STEP APPEARS ADEQUATE
ResNet18_CIFAR10_Training,end,gradients,layer4.0.downsample.1.weight,-0.0092020221054553,0.021391823887825,0.021391823887825,1.1347583495080472e-07,0.1953125,1.7680577002465725e-08,188514.35547576286,True,RANGE ADEQUATE,True,RANGE ADEQUATE,True,RANGE ADEQUATE,0.0001684395581718504,0.0001684395581718504,8.42197790859252e-05,True,SMALL VALUES MAY BE LOST,6.528465800294503e-07,6.528465800294503e-07,3.2642329001472514e-07,True,SMALL VALUES MAY BE LOST
ResNet18_CIFAR10_Training,end,gradients,layer4.1.bn1.bias,-0.0001258245611097,3.026526428584475e-05,0.0001258245611097,2.981250801781243e-09,6.4453125,1.531361704110168e-10,42205.29216613447,True,RANGE ADEQUATE,True,RANGE ADEQUATE,True,RANGE ADEQUATE,9.907445756669293e-07,9.907445756669293e-07,4.953722878334646e-07,True,SMALL VALUES MAY BE LOST,3.839978060539568e-09,3.839978060539568e-09,1.919989030269784e-09,False,RANGE/STEP APPEARS ADEQUATE
ResNet18_CIFAR10_Training,end,gradients,layer4.1.bn1.weight,-6.568324897671118e-05,3.799459591391496e-05,6.568324897671118e-05,9.79536629586164e-09,6.4453125,1.3503154150384944e-10,6705.5429059821,True,RANGE ADEQUATE,True,RANGE ADEQUATE,True,RANGE ADEQUATE,5.171909368244975e-07,5.171909368244975e-07,2.5859546841224874e-07,True,SMALL VALUES MAY BE LOST,2.004554856310043e-09,2.004554856310043e-09,1.0022774281550215e-09,False,RANGE/STEP APPEARS ADEQUATE
ResNet18_CIFAR10_Training,end,gradients,layer4.1.bn2.bias,-0.0166054405272007,0.0166459083557128,0.0166459083557128,3.81549762096256e-06,0.0,2.468004822731018e-08,4362.7096670849005,True,RANGE ADEQUATE,True,RANGE ADEQUATE,True,RANGE ADEQUATE,0.00013107014453317165,0.00013107014453317165,6.553507226658582e-05,True,SMALL VALUES MAY BE LOST,5.080083118904019e-07,5.080083118904019e-07,2.5400415594520095e-07,False,RANGE/STEP APPEARS ADEQUATE
ResNet18_CIFAR10_Training,end,gradients,layer4.1.bn2.weight,-0.000356184435077,0.0002782149240374,0.000356184435077,2.7336000130162574e-10,0.0,1.7121237760875374e-10,1302986.6600124342,True,RANGE ADEQUATE,True,RANGE ADEQUATE,True,RANGE ADEQUATE,2.804601851e-06,2.804601851e-06,1.4023009255e-06,True,SMALL VALUES MAY BE LOST,1.0870218057100131e-08,1.0870218057100131e-08,5.435109028550066e-09,True,SMALL VALUES MAY BE LOST
ResNet18_CIFAR10_Training,end,gradients,layer4.1.conv1.weight,-5.7865130656864494e-05,4.78377151011955e-05,5.7865130656864494e-05,2.400293505622209e-14,89.62533738878038,9.540979117872439e-17,2410752290.1398087,True,RANGE ADEQUATE,True,RANGE ADEQUATE,True,RANGE ADEQUATE,4.5563095005405115e-07,4.5563095005405115e-07,2.2781547502702557e-07,True,SMALL VALUES MAY BE LOST,1.7659575382813348e-09,1.7659575382813348e-09,8.829787691406674e-10,True,SMALL VALUES MAY BE LOST
ResNet18_CIFAR10_Training,end,gradients,layer4.1.conv2.weight,-7.810925308149308e-05,0.0001424667279934,0.0001424667279934,1.7170835066304683e-14,89.60503472222221,1.3877787807814457e-17,8297018021.736791,True,RANGE ADEQUATE,True,RANGE ADEQUATE,True,RANGE ADEQUATE,1.121785259790551e-06,1.121785259790551e-06,5.608926298952755e-07,True,SMALL VALUES MAY BE LOST,4.347872188280892e-09,4.347872188280892e-09,2.173936094140446e-09,True,SMALL VALUES MAY BE LOST
ResNet18_CIFAR10_Training,end,inputs,avgpool,0.0,3.103550672531128,3.103550672531128,2.1977018604957266e-07,48.46666666666667,8.731149137020111e-11,14121800.269264335,True,RANGE ADEQUATE,True,RANGE ADEQUATE,True,RANGE ADEQUATE,0.024437406870323843,0.024437406870323843,0.012218703435161921,True,SMALL VALUES MAY BE LOST,9.471574060887868e-05,9.471574060887868e-05,4.735787030443934e-05,True,SMALL VALUES MAY BE LOST
ResNet18_CIFAR10_Training,end,inputs,bn1,-19.26459503173828,17.284982681274414,19.26459503173828,1.553500806039665e-05,0.0,3.725290298461914e-09,1240076.2817014211,True,RANGE ADEQUATE,True,RANGE ADEQUATE,True,RANGE ADEQUATE,0.15168972465935654,0.15168972465935654,0.07584486232967827,True,SMALL VALUES MAY BE LOST,0.0005879267260273532,0.0005879267260273532,0.0002939633630136766,True,SMALL VALUES MAY BE LOST
ResNet18_CIFAR10_Training,end,inputs,conv1,-1.9894737005233765,2.12648868560791,2.12648868560791,0.0006281130481511,0.0,5.5283308029174805e-06,3385.519042897447,True,RANGE ADEQUATE,True,RANGE ADEQUATE,True,RANGE ADEQUATE,0.016744005398487482,0.016744005398487482,0.008372002699243741,True,SMALL VALUES MAY BE LOST,6.489726510232582e-05,6.489726510232582e-05,3.244863255116291e-05,False,RANGE/STEP APPEARS ADEQUATE
ResNet18_CIFAR10_Training,end,inputs,fc,0.0,2.7580952644348145,2.7580952644348145,2.0605511963367465e-07,48.51,5.820766091346741e-11,13385230.463276835,True,RANGE ADEQUATE,True,RANGE ADEQUATE,True,RANGE ADEQUATE,0.021717285546730823,0.021717285546730823,0.010858642773365412,True,SMALL VALUES MAY BE LOST,8.417295646335687e-05,8.417295646335687e-05,4.2086478231678437e-05,True,SMALL VALUES MAY BE LOST
ResNet18_CIFAR10_Training,end,inputs,layer1.0.bn1,-14.777427673339844,16.88880729675293,16.88880729675293,0.000142365694046,0.0,2.9802322387695312e-08,118629.75423907927,True,RANGE ADEQUATE,True,RANGE ADEQUATE,True,RANGE ADEQUATE,0.13298273462010182,0.13298273462010182,0.06649136731005091,True,SMALL VALUES MAY BE LOST,0.0005154212255242449,0.0005154212255242449,0.0002577106127621224,True,SMALL VALUES MAY BE LOST
ResNet18_CIFAR10_Training,end,inputs,layer1.0.bn2,-4.451166152954102,3.485670328140259,4.451166152954102,1.4727935194969176e-05,0.0,7.450580596923828e-09,302226.0822056406,True,RANGE ADEQUATE,True,RANGE ADEQUATE,True,RANGE ADEQUATE,0.035048552385465365,0.035048552385465365,0.017524276192732682,True,SMALL VALUES MAY BE LOST,0.0001358429564181677,0.0001358429564181677,6.792147820908385e-05,True,SMALL VALUES MAY BE LOST
ResNet18_CIFAR10_Training,end,inputs,layer1.0.conv1,0.0,9.57875633239746,9.57875633239746,2.831220626831055e-07,33.800000000000004,2.2351741790771484e-08,33832602.947368406,True,RANGE ADEQUATE,True,RANGE ADEQUATE,True,RANGE ADEQUATE,0.07542327820785401,0.07542327820785401,0.037711639103927004,True,SMALL VALUES MAY BE LOST,0.00029232936589853995,0.00029232936589853995,0.00014616468294926998,True,SMALL VALUES MAY BE LOST
ResNet18_CIFAR10_Training,end,inputs,layer1.0.conv2,0.0,1.532469630241394,1.532469630241394,2.1531246602535248e-05,61.18,3.725290298461914e-09,71174.2175699641,True,RANGE ADEQUATE,True,RANGE ADEQUATE,True,RANGE ADEQUATE,0.01206669000190074,0.01206669000190074,0.00603334500095037,True,SMALL VALUES MAY BE LOST,4.67686889321999e-05,4.67686889321999e-05,2.338434446609995e-05,True,SMALL VALUES MAY BE LOST
ResNet18_CIFAR10_Training,end,inputs,layer1.0.relu,0.0,8.668280601501465,8.668280601501465,9.506754577159882e-05,25.923333333333332,1.4901161193847656e-08,91180.22907972334,True,RANGE ADEQUATE,True,RANGE ADEQUATE,True,RANGE ADEQUATE,0.06825417796457846,0.06825417796457846,0.03412708898228923,True,SMALL VALUES MAY BE LOST,0.0002645430036775251,0.0002645430036775251,0.00013227150183876254,True,SMALL VALUES MAY BE LOST
ResNet18_CIFAR10_Training,end,inputs,layer1.1.bn1,-13.59571933746338,17.837501525878906,17.837501525878906,8.644163608551025e-05,0.0,5.960464477539064e-08,206353.122565075,True,RANGE ADEQUATE,True,RANGE ADEQUATE,True,RANGE ADEQUATE,0.14045276792030634,0.14045276792030634,0.07022638396015317,True,SMALL VALUES MAY BE LOST,0.0005443739593456498,0.0005443739593456498,0.0002721869796728249,True,SMALL VALUES MAY BE LOST
ResNet18_CIFAR10_Training,end,inputs,layer1.1.bn2,-3.219003200531006,2.684788465499878,3.219003200531006,1.659989356994629e-05,0.0,7.450580596923828e-09,193917.0987432675,True,RANGE ADEQUATE,True,RANGE ADEQUATE,True,RANGE ADEQUATE,0.02534648189394493,0.02534648189394493,0.012673240946972465,True,SMALL VALUES MAY BE LOST,9.823917967867079e-05,9.823917967867079e-05,4.9119589839335396e-05,True,SMALL VALUES MAY BE LOST
ResNet18_CIFAR10_Training,end,inputs,layer1.1.conv1,0.0,9.19619083404541,9.19619083404541,1.287087798118591e-06,25.633333333333336,2.2351741790771484e-08,7144960.000000001,True,RANGE ADEQUATE,True,RANGE ADEQUATE,True,RANGE ADEQUATE,0.07241095144917646,0.07241095144917646,0.03620547572458823,True,SMALL VALUES MAY BE LOST,0.0002806540371118934,0.0002806540371118934,0.0001403270185559467,True,SMALL VALUES MAY BE LOST
ResNet18_CIFAR10_Training,end,inputs,layer1.1.conv2,0.0,2.5246336460113525,2.5246336460113525,3.754347562789917e-05,65.53999999999999,3.725290298461914e-09,67245.6026989482,True,RANGE ADEQUATE,True,RANGE ADEQUATE,True,RANGE ADEQUATE,0.019879005086703563,0.019879005086703563,0.009939502543351781,True,SMALL VALUES MAY BE LOST,7.70480558492188e-05,7.70480558492188e-05,3.85240279246094e-05,True,SMALL VALUES MAY BE LOST
ResNet18_CIFAR10_Training,end,inputs,layer1.1.relu,0.0,7.3803324699401855,7.3803324699401855,4.589557647705078e-06,28.860000000000003,7.450580596923828e-09,1608070.5454545454,True,RANGE ADEQUATE,True,RANGE ADEQUATE,True,RANGE ADEQUATE,0.05811285409401721,0.05811285409401721,0.029056427047008605,True,SMALL VALUES MAY BE LOST,0.00022523674641987932,0.00022523674641987932,0.00011261837320993966,True,SMALL VALUES MAY BE LOST
ResNet18_CIFAR10_Training,end,inputs,layer2.0.bn1,-13.53225326538086,9.547191619873049,13.53225326538086,1.981652712856885e-05,0.0,2.9802322387695312e-08,682877.1347060023,True,RANGE ADEQUATE,True,RANGE ADEQUATE,True,RANGE ADEQUATE,0.10655317531795952,0.10655317531795952,0.05327658765897976,True,SMALL VALUES MAY BE LOST,0.00041298419951111973,0.00041298419951111973,0.00020649209975555987,True,SMALL VALUES MAY BE LOST
ResNet18_CIFAR10_Training,end,inputs,layer2.0.bn2,-3.7390618324279785,3.2812986373901367,3.7390618324279785,2.5898218154907227e-05,0.0,1.4901161193847656e-08,144375.25431530495,True,RANGE ADEQUATE,True,RANGE ADEQUATE,True,RANGE ADEQUATE,0.029441431751401407,0.029441431751401407,0.014720715875700703,True,SMALL VALUES MAY BE LOST,0.00011411059396429268,0.00011411059396429268,5.705529698214634e-05,True,SMALL VALUES MAY BE LOST
ResNet18_CIFAR10_Training,end,inputs,layer2.0.conv1,0.0,7.539323806762695,7.539323806762695,1.7404556274414062e-05,28.38,2.9802322387695312e-08,433181.0410958904,True,RANGE ADEQUATE,True,RANGE ADEQUATE,True,RANGE ADEQUATE,0.05936475438395823,0.05936475438395823,0.029682377191979116,True,SMALL VALUES MAY BE LOST,0.00023008892503929853,0.00023008892503929853,0.00011504446251964927,True,SMALL VALUES MAY BE LOST
ResNet18_CIFAR10_Training,end,inputs,layer2.0.conv2,0.0,2.883422374725342,2.883422374725342,2.887845039367676e-05,70.45,1.4901161193847656e-08,99846.8524251806,True,RANGE ADEQUATE,True,RANGE ADEQUATE,True,RANGE ADEQUATE,0.022704113186813715,0.022704113186813715,0.011352056593406858,True,SMALL VALUES MAY BE LOST,8.799775306635768e-05,8.799775306635768e-05,4.399887653317884e-05,True,SMALL VALUES MAY BE LOST
ResNet18_CIFAR10_Training,end,inputs,layer2.0.downsample.0,0.0,6.639102935791016,6.639102935791016,4.589557647705078e-06,29.026666666666667,1.4901161193847656e-08,1446567.0649350649,True,RANGE ADEQUATE,True,RANGE ADEQUATE,True,RANGE ADEQUATE,0.052276401069220595,0.052276401069220595,0.026138200534610297,True,SMALL VALUES MAY BE LOST,0.00020261552585805888,0.00020261552585805888,0.00010130776292902944,True,SMALL VALUES MAY BE LOST
ResNet18_CIFAR10_Training,end,inputs,layer2.0.downsample.1,-5.315383434295654,5.601611614227295,5.601611614227295,0.0001557839132146,0.0,2.9802322387695312e-08,35957.57417205716,True,RANGE ADEQUATE,True,RANGE ADEQUATE,True,RANGE ADEQUATE,0.04410717806478185,0.04410717806478185,0.022053589032390925,True,SMALL VALUES MAY BE LOST,0.00017095283712965164,0.00017095283712965164,8.547641856482582e-05,False,RANGE/STEP APPEARS ADEQUATE
ResNet18_CIFAR10_Training,end,inputs,layer2.0.relu,0.0,4.498483657836914,4.498483657836914,5.8710575103759766e-06,66.93,2.9802322387695312e-08,766213.5228426396,True,RANGE ADEQUATE,True,RANGE ADEQUATE,True,RANGE ADEQUATE,0.03542113116407019,0.03542113116407019,0.017710565582035095,True,SMALL VALUES MAY BE LOST,0.00013728701613931437,0.00013728701613931437,6.864350806965719e-05,True,SMALL VALUES MAY BE LOST
ResNet18_CIFAR10_Training,end,inputs,layer2.1.bn1,-4.268942832946777,4.718306064605713,4.718306064605713,1.5497207641601562e-06,0.0,7.450580596923828e-09,3044616.923076923,True,RANGE ADEQUATE,True,RANGE ADEQUATE,True,RANGE ADEQUATE,0.0371520162567379,0.0371520162567379,0.01857600812836895,True,SMALL VALUES MAY BE LOST,0.00014399566834332446,0.00014399566834332446,7.199783417166223e-05,True,SMALL VALUES MAY BE LOST
ResNet18_CIFAR10_Training,end,inputs,layer2.1.bn2,-1.4311091899871826,1.0467207431793213,1.4311091899871826,3.21120023727417e-06,0.0,3.725290298461914e-09,445661.77262180974,True,RANGE ADEQUATE,True,RANGE ADEQUATE,True,RANGE ADEQUATE,0.011268576299111674,0.011268576299111674,0.005634288149555837,True,SMALL VALUES MAY BE LOST,4.36753193758105e-05,4.36753193758105e-05,2.183765968790525e-05,True,SMALL VALUES MAY BE LOST
ResNet18_CIFAR10_Training,end,inputs,layer2.1.conv1,0.0,4.498483657836914,4.498483657836914,0.0001736879348754,66.70666666666666,2.9802322387695312e-08,25899.80507894247,True,RANGE ADEQUATE,True,RANGE ADEQUATE,True,RANGE ADEQUATE,0.03542113116407019,0.03542113116407019,0.017710565582035095,True,SMALL VALUES MAY BE LOST,0.00013728701613931437,0.00013728701613931437,6.864350806965719e-05,False,RANGE/STEP APPEARS ADEQUATE
ResNet18_CIFAR10_Training,end,inputs,layer2.1.conv2,0.0,1.8530420064926147,1.8530420064926147,3.038346767425537e-05,83.45333333333333,1.4901161193847656e-08,60988.496321726336,True,RANGE ADEQUATE,True,RANGE ADEQUATE,True,RANGE ADEQUATE,0.01459088194088673,0.01459088194088673,0.007295440970443365,True,SMALL VALUES MAY BE LOST,5.6552080034565716e-05,5.6552080034565716e-05,2.8276040017282858e-05,False,RANGE/STEP APPEARS ADEQUATE
ResNet18_CIFAR10_Training,end,inputs,layer2.1.relu,0.0,4.203037261962891,4.203037261962891,3.2670795917510986e-05,71.85000000000001,2.2351741790771484e-08,128648.1441277081,True,RANGE ADEQUATE,True,RANGE ADEQUATE,True,RANGE ADEQUATE,0.033094781590258984,0.033094781590258984,0.016547390795129492,True,SMALL VALUES MAY BE LOST,0.00012827043250718378,0.00012827043250718378,6.413521625359189e-05,True,SMALL VALUES MAY BE LOST
ResNet18_CIFAR10_Training,end,inputs,layer3.0.bn1,-4.339450359344482,6.538298606872559,6.538298606872559,3.377571556484327e-05,0.0,7.450580596923828e-09,193579.8693685766,True,RANGE ADEQUATE,True,RANGE ADEQUATE,True,RANGE ADEQUATE,0.05148266619584692,0.05148266619584692,0.02574133309792346,True,SMALL VALUES MAY BE LOST,0.00019953912799073941,0.00019953912799073941,9.976956399536971e-05,True,SMALL VALUES MAY BE LOST
ResNet18_CIFAR10_Training,end,inputs,layer3.0.bn2,-2.165010929107666,2.697936534881592,2.697936534881592,1.1861324310302734e-05,0.0,3.725290298461914e-09,227456.60301507538,True,RANGE ADEQUATE,True,RANGE ADEQUATE,True,RANGE ADEQUATE,0.02124359476284718,0.02124359476284718,0.01062179738142359,True,SMALL VALUES MAY BE LOST,8.233700170542289e-05,8.233700170542289e-05,4.1168500852711447e-05,True,SMALL VALUES MAY BE LOST
ResNet18_CIFAR10_Training,end,inputs,layer3.0.conv1,0.0,5.007833003997803,5.007833003997803,5.3942203521728516e-06,71.84666666666666,1.4901161193847656e-08,928370.1215469614,True,RANGE ADEQUATE,True,RANGE ADEQUATE,True,RANGE ADEQUATE,0.039431755936990574,0.039431755936990574,0.019715877968495287,True,SMALL VALUES MAY BE LOST,0.00015283159898671843,0.00015283159898671843,7.641579949335922e-05,True,SMALL VALUES MAY BE LOST
ResNet18_CIFAR10_Training,end,inputs,layer3.0.conv2,0.0,2.64522123336792,2.64522123336792,1.481175422668457e-05,77.92,1.4901161193847656e-08,178589.32796780684,True,RANGE ADEQUATE,True,RANGE ADEQUATE,True,RANGE ADEQUATE,0.020828513648566298,0.020828513648566298,0.010414256824283149,True,SMALL VALUES MAY BE LOST,8.072820927664784e-05,8.072820927664784e-05,4.036410463832392e-05,True,SMALL VALUES MAY BE LOST
ResNet18_CIFAR10_Training,end,inputs,layer3.0.downsample.0,0.0,4.417606353759766,4.417606353759766,0.0001168251037597,71.59666666666666,2.9802322387695312e-08,37813.84489798042,True,RANGE ADEQUATE,True,RANGE ADEQUATE,True,RANGE ADEQUATE,0.03478430199810839,0.03478430199810839,0.017392150999054196,True,SMALL VALUES MAY BE LOST,0.0001348187613684428,0.0001348187613684428,6.74093806842214e-05,False,RANGE/STEP APPEARS ADEQUATE
ResNet18_CIFAR10_Training,end,inputs,layer3.0.downsample.1,-1.3559424877166748,1.789287805557251,1.789287805557251,9.273531759390607e-06,0.0,1.862645149230957e-09,192945.67075217853,True,RANGE ADEQUATE,True,RANGE ADEQUATE,True,RANGE ADEQUATE,0.014088880358718511,0.014088880358718511,0.007044440179359256,True,SMALL VALUES MAY BE LOST,5.4606396849185185e-05,5.4606396849185185e-05,2.7303198424592593e-05,True,SMALL VALUES MAY BE LOST
ResNet18_CIFAR10_Training,end,inputs,layer3.0.relu,0.0,2.446512222290039,2.446512222290039,3.516674041748047e-05,59.596666666666664,3.725290298461914e-09,69568.9220338983,True,RANGE ADEQUATE,True,RANGE ADEQUATE,True,RANGE ADEQUATE,0.0192638757660633,0.0192638757660633,0.00963193788303165,True,SMALL VALUES MAY BE LOST,7.466390643910151e-05,7.466390643910151e-05,3.7331953219550756e-05,True,SMALL VALUES MAY BE LOST
ResNet18_CIFAR10_Training,end,inputs,layer3.1.bn1,-0.1837562620639801,0.1961041092872619,0.1961041092872619,8.200295269489288e-07,0.0,4.656612873077393e-10,239142.74162407717,True,RANGE ADEQUATE,True,RANGE ADEQUATE,True,RANGE ADEQUATE,0.0015441268447815898,0.0015441268447815898,0.0007720634223907949,True,SMALL VALUES MAY BE LOST,5.984805117565292e-06,5.984805117565292e-06,2.992402558782646e-06,True,SMALL VALUES MAY BE LOST
ResNet18_CIFAR10_Training,end,inputs,layer3.1.bn2,-0.0290156099945306,0.0171396769583225,0.0290156099945306,8.731149137020111e-09,0.0,2.9103830456733704e-11,3323229.2266666577,True,RANGE ADEQUATE,True,RANGE ADEQUATE,True,RANGE ADEQUATE,0.00022846937003567403,0.00022846937003567403,0.00011423468501783701,True,SMALL VALUES MAY BE LOST,8.85513168569921e-07,8.85513168569921e-07,4.427565842849605e-07,True,SMALL VALUES MAY BE LOST
ResNet18_CIFAR10_Training,end,inputs,layer3.1.conv1,0.0,3.1159417629241943,3.1159417629241943,5.248934030532837e-05,59.91333333333333,1.4901161193847656e-08,59363.3249112846,True,RANGE ADEQUATE,True,RANGE ADEQUATE,True,RANGE ADEQUATE,0.024534974511214128,0.024534974511214128,0.012267487255607064,True,SMALL VALUES MAY BE LOST,9.509389821845742e-05,9.509389821845742e-05,4.754694910922871e-05,False,RANGE/STEP APPEARS ADEQUATE
ResNet18_CIFAR10_Training,end,inputs,layer3.1.conv2,0.0,0.0369017831981182,0.0369017831981182,1.595530193299055e-06,59.64666666666667,2.3283064365386963e-10,23128.226186567434,True,RANGE ADEQUATE,True,RANGE ADEQUATE,True,RANGE ADEQUATE,0.0002905652220324268,0.0002905652220324268,0.0001452826110162134,True,SMALL VALUES MAY BE LOST,1.1261874202129644e-06,1.1261874202129644e-06,5.630937101064822e-07,False,RANGE/STEP APPEARS ADEQUATE
ResNet18_CIFAR10_Training,end,inputs,layer3.1.relu,0.0,2.8123767375946045,2.8123767375946045,5.0961971282958984e-06,12.86,1.1641532182693479e-10,551857.918128655,True,RANGE ADEQUATE,True,RANGE ADEQUATE,True,RANGE ADEQUATE,0.022144698721217358,0.022144698721217358,0.011072349360608679,True,SMALL VALUES MAY BE LOST,8.5829546116355e-05,8.5829546116355e-05,4.29147730581775e-05,True,SMALL VALUES MAY BE LOST
ResNet18_CIFAR10_Training,end,inputs,layer4.0.bn1,-1.8323721885681152,2.4892663955688477,2.4892663955688477,2.0274962935218355e-06,0.0,3.725290298461914e-09,1227753.8575643464,True,RANGE ADEQUATE,True,RANGE ADEQUATE,True,RANGE ADEQUATE,0.019600522799754706,0.019600522799754706,0.009800261399877353,True,SMALL VALUES MAY BE LOST,7.596870008144925e-05,7.596870008144925e-05,3.7984350040724624e-05,True,SMALL VALUES MAY BE LOST
ResNet18_CIFAR10_Training,end,inputs,layer4.0.bn2,-0.5742356181144714,0.8737102746963501,0.8737102746963501,1.662338036112487e-06,0.0,6.984919309616089e-10,525591.2189434062,True,RANGE ADEQUATE,True,RANGE ADEQUATE,True,RANGE ADEQUATE,0.006879608462175985,0.006879608462175985,0.0034398042310879924,True,SMALL VALUES MAY BE LOST,2.666433529759667e-05,2.666433529759667e-05,1.3332167648798336e-05,True,SMALL VALUES MAY BE LOST
ResNet18_CIFAR10_Training,end,inputs,layer4.0.conv1,0.0,2.7099294662475586,2.7099294662475586,2.817995846271515e-05,13.196666666666667,1.1641532182693479e-10,96165.13345231014,True,RANGE ADEQUATE,True,RANGE ADEQUATE,True,RANGE ADEQUATE,0.021338027293287862,0.021338027293287862,0.010669013646643931,True,SMALL VALUES MAY BE LOST,8.270300809496012e-05,8.270300809496012e-05,4.135150404748006e-05,True,SMALL VALUES MAY BE LOST
ResNet18_CIFAR10_Training,end,inputs,layer4.0.conv2,0.0,1.2891769409179688,1.2891769409179688,6.038229912519455e-06,46.01,1.862645149230957e-09,213502.46009100022,True,RANGE ADEQUATE,True,RANGE ADEQUATE,True,RANGE ADEQUATE,0.010150999534787156,0.010150999534787156,0.005075499767393578,True,SMALL VALUES MAY BE LOST,3.93437586876421e-05,3.93437586876421e-05,1.967187934382105e-05,True,SMALL VALUES MAY BE LOST
ResNet18_CIFAR10_Training,end,inputs,layer4.0.downsample.0,0.0,3.118558883666992,3.118558883666992,2.822279930114746e-05,13.226666666666668,2.3283064365386963e-10,110497.85850052799,True,RANGE ADEQUATE,True,RANGE ADEQUATE,True,RANGE ADEQUATE,0.02455558176115742,0.02455558176115742,0.01227779088057871,True,SMALL VALUES MAY BE LOST,9.517376884264633e-05,9.517376884264633e-05,4.7586884421323166e-05,True,SMALL VALUES MAY BE LOST
ResNet18_CIFAR10_Training,end,inputs,layer4.0.downsample.1,-1.542667269706726,1.681249499320984,1.681249499320984,3.681010980471911e-07,0.0,3.4924596548080444e-10,4567358.011807521,True,RANGE ADEQUATE,True,RANGE ADEQUATE,True,RANGE ADEQUATE,0.013238185034023497,0.013238185034023497,0.0066190925170117485,True,SMALL VALUES MAY BE LOST,5.130922877654299e-05,5.130922877654299e-05,2.5654614388271495e-05,True,SMALL VALUES MAY BE LOST
ResNet18_CIFAR10_Training,end,inputs,layer4.0.relu,0.0,3.1047043800354004,3.1047043800354004,1.3208016753196716e-05,47.7,7.450580596923828e-09,235062.1170497814,True,RANGE ADEQUATE,True,RANGE ADEQUATE,True,RANGE ADEQUATE,0.024446491181381105,0.024446491181381105,0.012223245590690553,True,SMALL VALUES MAY BE LOST,9.475095004228036e-05,9.475095004228036e-05,4.737547502114018e-05,True,SMALL VALUES MAY BE LOST
ResNet18_CIFAR10_Training,end,inputs,layer4.1.bn1,-0.0638284981250763,0.0289084166288375,0.0638284981250763,4.4010812416672707e-07,0.0,2.3283064365386963e-10,145029.12948022748,True,RANGE ADEQUATE,True,RANGE ADEQUATE,True,RANGE ADEQUATE,0.0005025865994100496,0.0005025865994100496,0.0002512932997050248,True,SMALL VALUES MAY BE LOST,1.94795062486881e-06,1.94795062486881e-06,9.73975312434405e-07,True,SMALL VALUES MAY BE LOST
ResNet18_CIFAR10_Training,end,inputs,layer4.1.bn2,-0.0007364513585343,0.0007581593818031,0.0007581593818031,6.079972081352024e-10,0.0,4.547473508864641e-13,1246978.393418059,True,RANGE ADEQUATE,True,RANGE ADEQUATE,True,RANGE ADEQUATE,5.969758911835433e-06,5.969758911835433e-06,2.9848794559177167e-06,True,SMALL VALUES MAY BE LOST,2.313789427787408e-08,2.313789427787408e-08,1.156894713893704e-08,True,SMALL VALUES MAY BE LOST
ResNet18_CIFAR10_Training,end,inputs,layer4.1.conv1,0.0,2.8824191093444824,2.8824191093444824,3.0476367101073265e-06,48.04333333333333,1.862645149230957e-09,945788.2889338783,True,RANGE ADEQUATE,True,RANGE ADEQUATE,True,RANGE ADEQUATE,0.022696213459405375,0.022696213459405375,0.011348106729702687,True,SMALL VALUES MAY BE LOST,8.796713490232497e-05,8.796713490232497e-05,4.3983567451162484e-05,True,SMALL VALUES MAY BE LOST
ResNet18_CIFAR10_Training,end,inputs,layer4.1.conv2,0.0,0.0132256541401147,0.0132256541401147,2.8309295885264874e-07,70.73,5.820766091346741e-11,46718.414310681306,True,RANGE ADEQUATE,True,RANGE ADEQUATE,True,RANGE ADEQUATE,0.00010413900897728109,0.00010413900897728109,5.2069504488640545e-05,True,SMALL VALUES MAY BE LOST,4.0362725120135196e-07,4.0362725120135196e-07,2.0181362560067598e-07,False,RANGE/STEP APPEARS ADEQUATE
ResNet18_CIFAR10_Training,end,inputs,layer4.1.relu,0.0,3.09649395942688,3.09649395942688,2.1977018604957266e-07,48.42,2.9103830456733704e-11,14089690.758729286,True,RANGE ADEQUATE,True,RANGE ADEQUATE,True,RANGE ADEQUATE,0.024381842200211654,0.024381842200211654,0.012190921100105827,True,SMALL VALUES MAY BE LOST,9.45003802431373e-05,9.45003802431373e-05,4.725019012156865e-05,True,SMALL VALUES MAY BE LOST
ResNet18_CIFAR10_Training,end,inputs,maxpool,0.0,7.287583827972412,7.287583827972412,4.882737994194031e-05,59.10333333333333,2.2351741790771484e-08,149251.99420157168,True,RANGE ADEQUATE,True,RANGE ADEQUATE,True,RANGE ADEQUATE,0.05738254982655443,0.05738254982655443,0.028691274913277214,True,SMALL VALUES MAY BE LOST,0.00022240619611109996,0.00022240619611109996,0.00011120309805554998,True,SMALL VALUES MAY BE LOST
ResNet18_CIFAR10_Training,end,inputs,relu,0.0,6.606221675872803,6.606221675872803,3.2570213079452515e-05,59.21666666666666,1.4901161193847656e-08,202830.1644744367,True,RANGE ADEQUATE,True,RANGE ADEQUATE,True,RANGE ADEQUATE,0.05201749351080947,0.05201749351080947,0.026008746755404735,True,SMALL VALUES MAY BE LOST,0.00020161203881566219,0.00020161203881566219,0.00010080601940783109,True,SMALL VALUES MAY BE LOST
ResNet18_CIFAR10_Training,end,updates,bn1.bias,-0.0044280141592025,0.0050909668207168,0.0050909668207168,6.93020410835743e-07,0.0,5.3085386753082275e-08,7346.056106164875,True,RANGE ADEQUATE,True,RANGE ADEQUATE,True,RANGE ADEQUATE,4.008635291902992e-05,4.008635291902992e-05,2.004317645951496e-05,True,SMALL VALUES MAY BE LOST,1.5536871916003296e-07,1.5536871916003296e-07,7.768435958001648e-08,False,RANGE/STEP APPEARS ADEQUATE
ResNet18_CIFAR10_Training,end,updates,bn1.weight,-0.0093637704849243,0.0080246925354003,0.0093637704849243,3.14757926389575e-08,0.0,1.5133991837501524e-09,297491.1733703185,True,RANGE ADEQUATE,True,RANGE ADEQUATE,True,RANGE ADEQUATE,7.373047625924646e-05,7.373047625924646e-05,3.686523812962323e-05,True,SMALL VALUES MAY BE LOST,2.857683182752251e-07,2.857683182752251e-07,1.4288415913761254e-07,True,SMALL VALUES MAY BE LOST
ResNet18_CIFAR10_Training,end,updates,conv1.weight,-0.0079195797443389,0.0056800805032253,0.0079195797443389,7.146638836275088e-11,0.0,1.8189894035458565e-12,110815446.61443503,True,RANGE ADEQUATE,True,RANGE ADEQUATE,True,RANGE ADEQUATE,6.235889562471575e-05,6.235889562471575e-05,3.1179447812357875e-05,True,SMALL VALUES MAY BE LOST,2.416937694735222e-07,2.416937694735222e-07,1.208468847367611e-07,True,SMALL VALUES MAY BE LOST
ResNet18_CIFAR10_Training,end,updates,fc.bias,-0.0073923394083976,0.0070116817951202,0.0073923394083976,0.0015398114919662,0.0,0.0002728700637817,4.80080805148314,True,RANGE ADEQUATE,True,RANGE ADEQUATE,True,RANGE ADEQUATE,5.8207396916516534e-05,5.8207396916516534e-05,2.9103698458258267e-05,False,RANGE/STEP APPEARS ADEQUATE,2.2560318028496963e-07,2.2560318028496963e-07,1.1280159014248481e-07,False,RANGE/STEP APPEARS ADEQUATE
ResNet18_CIFAR10_Training,end,updates,fc.weight,-0.0084421634674072,0.0057962536811828,0.0084421634674072,2.3515895009040833e-08,0.0,5.820766091346741e-11,358998.17821782065,True,RANGE ADEQUATE,True,RANGE ADEQUATE,True,RANGE ADEQUATE,6.647372808982047e-05,6.647372808982047e-05,3.323686404491024e-05,True,SMALL VALUES MAY BE LOST,2.5764224577798395e-07,2.5764224577798395e-07,1.2882112288899197e-07,True,SMALL VALUES MAY BE LOST
ResNet18_CIFAR10_Training,end,updates,layer1.0.bn1.bias,-0.0030215233564376,0.0022647529840469,0.0030215233564376,5.1244162023067474e-05,0.0,1.1138617992401123e-06,58.963269905310696,True,RANGE ADEQUATE,True,RANGE ADEQUATE,True,RANGE ADEQUATE,2.3791522491634644e-05,2.3791522491634644e-05,1.1895761245817322e-05,False,RANGE/STEP APPEARS ADEQUATE,9.221238918538773e-08,9.221238918538773e-08,4.6106194592693866e-08,False,RANGE/STEP APPEARS ADEQUATE
ResNet18_CIFAR10_Training,end,updates,layer1.0.bn1.weight,-0.0033056437969207,0.0030147731304168,0.0033056437969207,2.491474151611328e-05,0.0,6.854534149169922e-07,132.6782296650687,True,RANGE ADEQUATE,True,RANGE ADEQUATE,True,RANGE ADEQUATE,2.602869131433622e-05,2.602869131433622e-05,1.301434565716811e-05,False,RANGE/STEP APPEARS ADEQUATE,1.0088332154059573e-07,1.0088332154059573e-07,5.0441660770297864e-08,False,RANGE/STEP APPEARS ADEQUATE
ResNet18_CIFAR10_Training,end,updates,layer1.0.bn2.bias,-0.0055612921714782,0.0044374968856573,0.0055612921714782,5.140900611877441e-06,0.0,7.264316082000732e-07,1081.7739130434645,True,RANGE ADEQUATE,True,RANGE ADEQUATE,True,RANGE ADEQUATE,4.378970213762363e-05,4.378970213762363e-05,2.1894851068811813e-05,True,SMALL VALUES MAY BE LOST,1.6972234783404645e-07,1.6972234783404645e-07,8.486117391702323e-08,False,RANGE/STEP APPEARS ADEQUATE
ResNet18_CIFAR10_Training,end,updates,layer1.0.bn2.weight,-0.0099204406142234,0.010962575674057,0.010962575674057,1.5497207641601562e-05,0.0,7.666647434234619e-06,707.3903846153842,True,RANGE ADEQUATE,True,RANGE ADEQUATE,True,RANGE ADEQUATE,8.631949349651181e-05,8.631949349651181e-05,4.315974674825591e-05,True,SMALL VALUES MAY BE LOST,3.345614695900449e-07,3.345614695900449e-07,1.6728073479502244e-07,False,RANGE/STEP APPEARS ADEQUATE
ResNet18_CIFAR10_Training,end,updates,layer1.0.conv1.weight,-0.0023088119924068,0.0015066787600517,0.0023088119924068,1.530864324195136e-11,0.0,9.094947017729282e-13,150817545.0898091,True,RANGE ADEQUATE,True,RANGE ADEQUATE,True,RANGE ADEQUATE,1.8179621987455118e-05,1.8179621987455118e-05,9.089810993727559e-06,True,SMALL VALUES MAY BE LOST,7.046150066856288e-08,7.046150066856288e-08,3.523075033428144e-08,True,SMALL VALUES MAY BE LOST
ResNet18_CIFAR10_Training,end,updates,layer1.0.conv2.weight,-0.0013179332017898,0.0017002895474433,0.0017002895474433,1.3969838619232178e-09,0.0,1.4551915228366852e-11,1217114.6666666023,True,RANGE ADEQUATE,True,RANGE ADEQUATE,True,RANGE ADEQUATE,1.338810667278189e-05,1.338810667278189e-05,6.694053336390945e-06,True,SMALL VALUES MAY BE LOST,5.189030266558733e-08,5.189030266558733e-08,2.5945151332793663e-08,True,SMALL VALUES MAY BE LOST
ResNet18_CIFAR10_Training,end,updates,layer1.1.bn1.bias,-0.0056211054325103,0.0044617056846618,0.0056211054325103,3.975629806518555e-05,0.0,2.831220626831055e-07,141.38905547226196,True,RANGE ADEQUATE,True,RANGE ADEQUATE,True,RANGE ADEQUATE,4.426067269693149e-05,4.426067269693149e-05,2.2130336348465745e-05,False,RANGE/STEP APPEARS ADEQUATE,1.7154775940764487e-07,1.7154775940764487e-07,8.577387970382244e-08,False,RANGE/STEP APPEARS ADEQUATE
ResNet18_CIFAR10_Training,end,updates,layer1.1.bn1.weight,-0.0093521177768707,0.0083948373794555,0.0093521177768707,6.717443466186523e-05,0.0,8.478760719299316e-06,139.22138420585586,True,RANGE ADEQUATE,True,RANGE ADEQUATE,True,RANGE ADEQUATE,7.36387226525252e-05,7.36387226525252e-05,3.68193613262626e-05,False,RANGE/STEP APPEARS ADEQUATE,2.8541269499407023e-07,2.8541269499407023e-07,1.4270634749703512e-07,False,RANGE/STEP APPEARS ADEQUATE
ResNet18_CIFAR10_Training,end,updates,layer1.1.bn2.bias,-0.0046122968196868,0.0034393742680549,0.0046122968196868,5.505979061126709e-06,0.0,1.043081283569336e-07,837.6887686062084,True,RANGE ADEQUATE,True,RANGE ADEQUATE,True,RANGE ADEQUATE,3.631729779280945e-05,3.631729779280945e-05,1.8158648896404726e-05,True,SMALL VALUES MAY BE LOST,1.4076042419772333e-07,1.4076042419772333e-07,7.038021209886166e-08,False,RANGE/STEP APPEARS ADEQUATE
ResNet18_CIFAR10_Training,end,updates,layer1.1.bn2.weight,-0.0070033445954322,0.0061073843389749,0.0070033445954322,1.5832483768463135e-05,0.0,2.60770320892334e-06,442.3402352941125,True,RANGE ADEQUATE,True,RANGE ADEQUATE,True,RANGE ADEQUATE,5.514444563332441e-05,5.514444563332441e-05,2.7572222816662205e-05,True,SMALL VALUES MAY BE LOST,2.137316383993713e-07,2.137316383993713e-07,1.0686581919968565e-07,False,RANGE/STEP APPEARS ADEQUATE
ResNet18_CIFAR10_Training,end,updates,layer1.1.conv1.weight,-0.0029518380761146,0.0020344816148281,0.0029518380761146,7.450580596923828e-09,0.0,2.182787284255028e-11,396188.99999999267,True,RANGE ADEQUATE,True,RANGE ADEQUATE,True,RANGE ADEQUATE,2.3242819496965352e-05,2.3242819496965352e-05,1.1621409748482676e-05,True,SMALL VALUES MAY BE LOST,9.008569829751273e-08,9.008569829751273e-08,4.5042849148756366e-08,True,SMALL VALUES MAY BE LOST
ResNet18_CIFAR10_Training,end,updates,layer1.1.conv2.weight,-0.002585045993328,0.0018615424633026,0.002585045993328,3.725290298461914e-09,0.0,4.365574568510055e-11,693917.9999999746,True,RANGE ADEQUATE,True,RANGE ADEQUATE,True,RANGE ADEQUATE,2.0354692860850394e-05,2.0354692860850394e-05,1.0177346430425197e-05,True,SMALL VALUES MAY BE LOST,7.889175064326914e-08,7.889175064326914e-08,3.944587532163457e-08,True,SMALL VALUES MAY BE LOST
ResNet18_CIFAR10_Training,end,updates,layer2.0.bn1.bias,-0.0091048181056976,0.007225215435028,0.0091048181056976,3.7342309951782227e-05,0.0,2.473592758178711e-06,243.82043096568154,True,RANGE ADEQUATE,True,RANGE ADEQUATE,True,RANGE ADEQUATE,7.16914811472252e-05,7.16914811472252e-05,3.58457405736126e-05,False,RANGE/STEP APPEARS ADEQUATE,2.77865477635963e-07,2.77865477635963e-07,1.389327388179815e-07,False,RANGE/STEP APPEARS ADEQUATE
ResNet18_CIFAR10_Training,end,updates,layer2.0.bn1.weight,-0.0111570954322814,0.0093368291854858,0.0111570954322814,1.3977289199829102e-05,0.0,5.066394805908203e-07,798.2302771854944,True,RANGE ADEQUATE,True,RANGE ADEQUATE,True,RANGE ADEQUATE,8.785114513607401e-05,8.785114513607401e-05,4.3925572568037007e-05,True,SMALL VALUES MAY BE LOST,3.404979226746849e-07,3.404979226746849e-07,1.7024896133734246e-07,False,RANGE/STEP APPEARS ADEQUATE
ResNet18_CIFAR10_Training,end,updates,layer2.0.bn2.bias,-0.0085723102092742,0.0059209465980529,0.0085723102092742,1.4320015907287598e-05,0.0,6.258487701416016e-07,598.6243496357896,True,RANGE ADEQUATE,True,RANGE ADEQUATE,True,RANGE ADEQUATE,6.749850558483623e-05,6.749850558483623e-05,3.3749252792418114e-05,True,SMALL VALUES MAY BE LOST,2.616141303529221e-07,2.616141303529221e-07,1.3080706517646106e-07,False,RANGE/STEP APPEARS ADEQUATE
ResNet18_CIFAR10_Training,end,updates,layer2.0.bn2.weight,-0.0121327638626098,0.0107828974723815,0.0121327638626098,2.199411392211914e-05,0.0,1.2218952178955078e-06,551.6368563685609,True,RANGE ADEQUATE,True,RANGE ADEQUATE,True,RANGE ADEQUATE,9.553357372133702e-05,9.553357372133702e-05,4.776678686066851e-05,True,SMALL VALUES MAY BE LOST,3.702738689110935e-07,3.702738689110935e-07,1.8513693445554676e-07,False,RANGE/STEP APPEARS ADEQUATE
ResNet18_CIFAR10_Training,end,updates,layer2.0.conv1.weight,-0.0046645998954772,0.0054192505776882,0.0054192505776882,1.862645149230957e-09,0.0,1.4551915228366852e-11,2909437.9999999907,True,RANGE ADEQUATE,True,RANGE ADEQUATE,True,RANGE ADEQUATE,4.267126439124567e-05,4.267126439124567e-05,2.1335632195622836e-05,True,SMALL VALUES MAY BE LOST,1.653874501079806e-07,1.653874501079806e-07,8.26937250539903e-08,True,SMALL VALUES MAY BE LOST
ResNet18_CIFAR10_Training,end,updates,layer2.0.conv2.weight,-0.0035934187471866,0.0037836488336324,0.0037836488336324,4.6566128730773926e-09,0.0,1.4551915228366852e-11,812532.3999999851,True,RANGE ADEQUATE,True,RANGE ADEQUATE,True,RANGE ADEQUATE,2.9792510501042516e-05,2.9792510501042516e-05,1.4896255250521258e-05,True,SMALL VALUES MAY BE LOST,1.1547132278305612e-07,1.1547132278305612e-07,5.773566139152806e-08,True,SMALL VALUES MAY BE LOST
ResNet18_CIFAR10_Training,end,updates,layer2.0.downsample.0.weight,-0.0042875707149505,0.0045317821204662,0.0045317821204662,2.2817403078079224e-08,0.0,3.4924596548080444e-10,198610.7755102027,True,RANGE ADEQUATE,True,RANGE ADEQUATE,True,RANGE ADEQUATE,3.5683323783198424e-05,3.5683323783198424e-05,1.7841661891599212e-05,True,SMALL VALUES MAY BE LOST,1.383032355866024e-07,1.383032355866024e-07,6.91516177933012e-08,True,SMALL VALUES MAY BE LOST
ResNet18_CIFAR10_Training,end,updates,layer2.0.downsample.1.bias,-0.0085723102092742,0.0059209465980529,0.0085723102092742,1.4320015907287598e-05,0.0,6.258487701416016e-07,598.6243496357896,True,RANGE ADEQUATE,True,RANGE ADEQUATE,True,RANGE ADEQUATE,6.749850558483623e-05,6.749850558483623e-05,3.3749252792418114e-05,True,SMALL VALUES MAY BE LOST,2.616141303529221e-07,2.616141303529221e-07,1.3080706517646106e-07,False,RANGE/STEP APPEARS ADEQUATE
ResNet18_CIFAR10_Training,end,updates,layer2.0.downsample.1.weight,-0.0080513954162597,0.0057497024536132,0.0080513954162597,3.337860107421875e-05,0.0,2.384185791015625e-07,241.21428571428373,True,RANGE ADEQUATE,True,RANGE ADEQUATE,True,RANGE ADEQUATE,6.339681430125747e-05,6.339681430125747e-05,3.169840715062874e-05,False,RANGE/STEP APPEARS ADEQUATE,2.45716587306122e-07,2.45716587306122e-07,1.22858293653061e-07,False,RANGE/STEP APPEARS ADEQUATE
ResNet18_CIFAR10_Training,end,updates,layer2.1.bn1.bias,-0.003346249461174,0.004677265882492,0.004677265882492,2.2202730178833008e-05,0.0,1.4901161193847656e-07,210.66174496644,True,RANGE ADEQUATE,True,RANGE ADEQUATE,True,RANGE ADEQUATE,3.682886521647244e-05,3.682886521647244e-05,1.841443260823622e-05,False,RANGE/STEP APPEARS ADEQUATE,1.4274318315659048e-07,1.4274318315659048e-07,7.137159157829524e-08,False,RANGE/STEP APPEARS ADEQUATE
ResNet18_CIFAR10_Training,end,updates,layer2.1.bn1.weight,-0.0061467885971069,0.0076552927494049,0.0076552927494049,1.8775463104248047e-05,0.0,1.6689300537109375e-06,407.72857142857106,True,RANGE ADEQUATE,True,RANGE ADEQUATE,True,RANGE ADEQUATE,6.027789566460552e-05,6.027789566460552e-05,3.013894783230276e-05,True,SMALL VALUES MAY BE LOST,2.3362812431424605e-07,2.3362812431424605e-07,1.1681406215712303e-07,False,RANGE/STEP APPEARS ADEQUATE
ResNet18_CIFAR10_Training,end,updates,layer2.1.bn2.bias,-0.0066188275814056,0.004894845187664,0.0066188275814056,2.419948577880859e-05,0.0,5.960464477539064e-08,273.51108374384074,True,RANGE ADEQUATE,True,RANGE ADEQUATE,True,RANGE ADEQUATE,5.211675260949291e-05,5.211675260949291e-05,2.6058376304746454e-05,True,SMALL VALUES MAY BE LOST,2.0199675226311838e-07,2.0199675226311838e-07,1.0099837613155919e-07,False,RANGE/STEP APPEARS ADEQUATE
ResNet18_CIFAR10_Training,end,updates,layer2.1.bn2.weight,-0.0070906728506088,0.0071010291576385,0.0071010291576385,3.649294376373291e-05,0.0,7.152557373046875e-07,194.58636178031713,True,RANGE ADEQUATE,True,RANGE ADEQUATE,True,RANGE ADEQUATE,5.591361541447638e-05,5.591361541447638e-05,2.795680770723819e-05,False,RANGE/STEP APPEARS ADEQUATE,2.1671282563672294e-07,2.1671282563672294e-07,1.0835641281836147e-07,False,RANGE/STEP APPEARS ADEQUATE
ResNet18_CIFAR10_Training,end,updates,layer2.1.conv1.weight,-0.0026109181344509,0.0024201124906539,0.0026109181344509,3.725290298461914e-09,0.0,7.275957614183426e-12,700862.9999999966,True,RANGE ADEQUATE,True,RANGE ADEQUATE,True,RANGE ADEQUATE,2.05584105074874e-05,2.05584105074874e-05,1.02792052537437e-05,True,SMALL VALUES MAY BE LOST,7.96813298272927e-08,7.96813298272927e-08,3.984066491364635e-08,True,SMALL VALUES MAY BE LOST
ResNet18_CIFAR10_Training,end,updates,layer2.1.conv2.weight,-0.0031503818463534,0.0033895224332809,0.0033895224332809,1.862645149230957e-09,0.0013563368055555,1.4551915228366852e-11,1819735.999999976,True,RANGE ADEQUATE,True,RANGE ADEQUATE,True,RANGE ADEQUATE,2.6689153017959843e-05,2.6689153017959843e-05,1.3344576508979921e-05,True,SMALL VALUES MAY BE LOST,1.0344317249918821e-07,1.0344317249918821e-07,5.1721586249594105e-08,True,SMALL VALUES MAY BE LOST
ResNet18_CIFAR10_Training,end,updates,layer3.0.bn1.bias,-0.0064987689256668,0.005662977695465,0.0064987689256668,8.940696716308595e-08,0.0,1.043081283569336e-07,72687.4999999999,True,RANGE ADEQUATE,True,RANGE ADEQUATE,True,RANGE ADEQUATE,5.117140886351811e-05,5.117140886351811e-05,2.5585704431759055e-05,True,SMALL VALUES MAY BE LOST,1.9833274104027834e-07,1.9833274104027834e-07,9.916637052013917e-08,True,SMALL VALUES MAY BE LOST
ResNet18_CIFAR10_Training,end,updates,layer3.0.bn1.weight,-0.0108803808689117,0.007849633693695,0.0108803808689117,6.258487701416016e-07,0.0,2.9802322387695312e-08,17384.99999999993,True,RANGE ADEQUATE,True,RANGE ADEQUATE,True,RANGE ADEQUATE,8.567229030639134e-05,8.567229030639134e-05,4.283614515319567e-05,True,SMALL VALUES MAY BE LOST,3.3205300665034026e-07,3.3205300665034026e-07,1.6602650332517013e-07,False,RANGE/STEP APPEARS ADEQUATE
ResNet18_CIFAR10_Training,end,updates,layer3.0.bn2.bias,-0.0036839307285845,0.003044456243515,0.0036839307285845,7.830560207366943e-06,0.0,7.450580596923828e-09,470.4555780209289,True,RANGE ADEQUATE,True,RANGE ADEQUATE,True,RANGE ADEQUATE,2.90073285715315e-05,2.90073285715315e-05,1.450366428576575e-05,True,SMALL VALUES MAY BE LOST,1.124280748492233e-07,1.124280748492233e-07,5.621403742461165e-08,False,RANGE/STEP APPEARS ADEQUATE
ResNet18_CIFAR10_Training,end,updates,layer3.0.bn2.weight,-0.0045911073684692,0.0035279691219329,0.0045911073684692,2.4139881134033203e-06,0.0,4.4703483581542975e-08,1901.8765432098608,True,RANGE ADEQUATE,True,RANGE ADEQUATE,True,RANGE ADEQUATE,3.6150451720229924e-05,3.6150451720229924e-05,1.8075225860114962e-05,True,SMALL VALUES MAY BE LOST,1.401137537299478e-07,1.401137537299478e-07,7.00568768649739e-08,False,RANGE/STEP APPEARS ADEQUATE
ResNet18_CIFAR10_Training,end,updates,layer3.0.conv1.weight,-0.0035132467746734,0.0028658937662839,0.0035132467746734,2.7939677238464355e-09,0.0,1.4551915228366852e-11,1257439.9999999779,True,RANGE ADEQUATE,True,RANGE ADEQUATE,True,RANGE ADEQUATE,2.766336043049921e-05,2.766336043049921e-05,1.3831680215249605e-05,True,SMALL VALUES MAY BE LOST,1.0721905498438672e-07,1.0721905498438672e-07,5.360952749219336e-08,True,SMALL VALUES MAY BE LOST
ResNet18_CIFAR10_Training,end,updates,layer3.0.conv2.weight,-0.0034922212362289,0.0023398138582706,0.0034922212362289,4.656612873077393e-10,0.0001695421006944,1.8189894035458565e-12,7499487.999999908,True,RANGE ADEQUATE,True,RANGE ADEQUATE,True,RANGE ADEQUATE,2.749780500967638e-05,2.749780500967638e-05,1.374890250483819e-05,True,SMALL VALUES MAY BE LOST,1.0657738689013031e-07,1.0657738689013031e-07,5.328869344506516e-08,True,SMALL VALUES MAY BE LOST
ResNet18_CIFAR10_Training,end,updates,layer3.0.downsample.0.weight,-0.0022073537111282,0.0027862265706062,0.0027862265706062,6.984919309616089e-09,0.0,4.365574568510055e-11,398891.7333333288,True,RANGE ADEQUATE,True,RANGE ADEQUATE,True,RANGE ADEQUATE,2.1938791894537007e-05,2.1938791894537007e-05,1.0969395947268504e-05,True,SMALL VALUES MAY BE LOST,8.503148199732048e-08,8.503148199732048e-08,4.251574099866024e-08,True,SMALL VALUES MAY BE LOST
ResNet18_CIFAR10_Training,end,updates,layer3.0.downsample.1.bias,-0.0036839307285845,0.003044456243515,0.0036839307285845,7.830560207366943e-06,0.0,7.450580596923828e-09,470.4555780209289,True,RANGE ADEQUATE,True,RANGE ADEQUATE,True,RANGE ADEQUATE,2.90073285715315e-05,2.90073285715315e-05,1.450366428576575e-05,True,SMALL VALUES MAY BE LOST,1.124280748492233e-07,1.124280748492233e-07,5.621403742461165e-08,False,RANGE/STEP APPEARS ADEQUATE
ResNet18_CIFAR10_Training,end,updates,layer3.0.downsample.1.weight,-0.0046400651335716,0.0037973076105117,0.0046400651335716,7.450580596923828e-09,0.0,4.0978193283081055e-08,622778.9999999966,True,RANGE ADEQUATE,True,RANGE ADEQUATE,True,RANGE ADEQUATE,3.653594593363464e-05,3.653594593363464e-05,1.826797296681732e-05,True,SMALL VALUES MAY BE LOST,1.4160787174814904e-07,1.4160787174814904e-07,7.080393587407452e-08,True,SMALL VALUES MAY BE LOST
ResNet18_CIFAR10_Training,end,updates,layer3.1.bn1.bias,-0.0002555216196924,0.000240906025283,0.0002555216196924,2.2817403078079226e-07,0.0,4.656612873077393e-10,1119.8540816324567,True,RANGE ADEQUATE,True,RANGE ADEQUATE,True,RANGE ADEQUATE,2.0119812574204727e-06,2.0119812574204727e-06,1.0059906287102364e-06,True,SMALL VALUES MAY BE LOST,7.798138971904661e-09,7.798138971904661e-09,3.8990694859523305e-09,False,RANGE/STEP APPEARS ADEQUATE
ResNet18_CIFAR10_Training,end,updates,layer3.1.bn1.weight,-0.0001756246201694,0.0003261752426624,0.0003261752426624,1.0710209608078005e-08,0.0,2.561137080192566e-09,30454.608695649385,True,RANGE ADEQUATE,True,RANGE ADEQUATE,True,RANGE ADEQUATE,2.5683089973417324e-06,2.5683089973417324e-06,1.2841544986708662e-06,True,SMALL VALUES MAY BE LOST,9.954382234028138e-09,9.954382234028138e-09,4.977191117014069e-09,False,RANGE/STEP APPEARS ADEQUATE
ResNet18_CIFAR10_Training,end,updates,layer3.1.bn2.bias,-0.0020570307970046,0.0019592978060245,0.0020570307970046,4.389439709484577e-07,0.0,2.3283064365386963e-10,4686.317464527024,True,RANGE ADEQUATE,True,RANGE ADEQUATE,True,RANGE ADEQUATE,1.61970928898e-05,1.61970928898e-05,8.0985464449e-06,True,SMALL VALUES MAY BE LOST,6.277751387080294e-08,6.277751387080294e-08,3.138875693540147e-08,False,RANGE/STEP APPEARS ADEQUATE
ResNet18_CIFAR10_Training,end,updates,layer3.1.bn2.weight,-0.0020270310342311,0.0014012083411216,0.0020270310342311,5.368201527744531e-08,0.0,5.398760549724102e-09,37759.96530224834,True,RANGE ADEQUATE,True,RANGE ADEQUATE,True,RANGE ADEQUATE,1.596087428528425e-05,1.596087428528425e-05,7.980437142642126e-06,True,SMALL VALUES MAY BE LOST,6.186196582632222e-08,6.186196582632222e-08,3.093098291316111e-08,False,RANGE/STEP APPEARS ADEQUATE
ResNet18_CIFAR10_Training,end,updates,layer3.1.conv1.weight,-7.282686419785023e-05,6.833032239228487e-05,7.282686419785023e-05,1.7053025658242404e-13,0.0010172526041666,7.105427357601002e-15,427061248.0,True,RANGE ADEQUATE,True,RANGE ADEQUATE,True,RANGE ADEQUATE,5.734398755736238e-07,5.734398755736238e-07,2.867199377868119e-07,True,SMALL VALUES MAY BE LOST,2.222567345129253e-09,2.222567345129253e-09,1.1112836725646265e-09,True,SMALL VALUES MAY BE LOST
ResNet18_CIFAR10_Training,end,updates,layer3.1.conv2.weight,-8.837669156491756e-05,0.0001614303619135,0.0001614303619135,4.4070302962495594e-13,0.0018649631076388,3.552713678800501e-15,366301910.9509625,True,RANGE ADEQUATE,True,RANGE ADEQUATE,True,RANGE ADEQUATE,1.2711052119173226e-06,1.2711052119173226e-06,6.355526059586613e-07,True,SMALL VALUES MAY BE LOST,4.926614029770805e-09,4.926614029770805e-09,2.4633070148854027e-09,True,SMALL VALUES MAY BE LOST
ResNet18_CIFAR10_Training,end,updates,layer4.0.bn1.bias,-0.0027089230716228,0.0022038295865058,0.0027089230716228,2.419576048851013e-06,0.0,2.7939677238464355e-09,1119.5858352578707,True,RANGE ADEQUATE,True,RANGE ADEQUATE,True,RANGE ADEQUATE,2.1330102926163778e-05,2.1330102926163778e-05,1.0665051463081889e-05,True,SMALL VALUES MAY BE LOST,8.267229443106785e-08,8.267229443106785e-08,4.1336147215533923e-08,False,RANGE/STEP APPEARS ADEQUATE
ResNet18_CIFAR10_Training,end,updates,layer4.0.bn1.weight,-0.0024209469556808,0.0024202018976211,0.0024209469556808,1.4528632164001465e-07,0.0,7.450580596923828e-09,16663.282051281727,True,RANGE ADEQUATE,True,RANGE ADEQUATE,True,RANGE ADEQUATE,1.9062574454179525e-05,1.9062574454179525e-05,9.531287227089763e-06,True,SMALL VALUES MAY BE LOST,7.388369260783105e-08,7.388369260783105e-08,3.6941846303915525e-08,False,RANGE/STEP APPEARS ADEQUATE
ResNet18_CIFAR10_Training,end,updates,layer4.0.bn2.bias,-0.0047877058386802,0.0040081217885017,0.0047877058386802,9.562354534864426e-07,0.0,1.1874362826347353e-08,5006.827367908379,True,RANGE ADEQUATE,True,RANGE ADEQUATE,True,RANGE ADEQUATE,3.769847117071023e-05,3.769847117071023e-05,1.8849235585355117e-05,True,SMALL VALUES MAY BE LOST,1.4611364600604876e-07,1.4611364600604876e-07,7.305682300302438e-08,False,RANGE/STEP APPEARS ADEQUATE
ResNet18_CIFAR10_Training,end,updates,layer4.0.bn2.weight,-0.0030062794685363,0.0025910139083862,0.0030062794685363,7.934868335723877e-07,0.0,5.587935447692871e-09,3788.6948356806543,True,RANGE ADEQUATE,True,RANGE ADEQUATE,True,RANGE ADEQUATE,2.3671491878238584e-05,2.3671491878238584e-05,1.1835745939119292e-05,True,SMALL VALUES MAY BE LOST,9.174716844802088e-08,9.174716844802088e-08,4.587358422401044e-08,False,RANGE/STEP APPEARS ADEQUATE
ResNet18_CIFAR10_Training,end,updates,layer4.0.conv1.weight,-0.0010342607274651,0.0011284984648227,0.0011284984648227,1.700029006457271e-13,0.0,8.881784197001252e-16,6638113000.050532,True,RANGE ADEQUATE,True,RANGE ADEQUATE,True,RANGE ADEQUATE,8.885814683643308e-06,8.885814683643308e-06,4.442907341821654e-06,True,SMALL VALUES MAY BE LOST,3.4440091092339855e-08,3.4440091092339855e-08,1.7220045546169927e-08,True,SMALL VALUES MAY BE LOST
ResNet18_CIFAR10_Training,end,updates,layer4.0.conv2.weight,-0.0011070985347032,0.0010076761245727,0.0011070985347032,3.5034475320827596e-14,0.0,2.220446049250313e-16,31600260159.884357,True,RANGE ADEQUATE,True,RANGE ADEQUATE,True,RANGE ADEQUATE,8.71731129687559e-06,8.71731129687559e-06,4.358655648437795e-06,True,SMALL VALUES MAY BE LOST,3.3786997122202217e-08,3.3786997122202217e-08,1.6893498561101108e-08,True,SMALL VALUES MAY BE LOST
ResNet18_CIFAR10_Training,end,updates,layer4.0.downsample.0.weight,-0.0019890032708644,0.0020979810506105,0.0020979810506105,1.1641532182693479e-10,0.000762939453125,1.3642420526593924e-12,18021519.99999964,True,RANGE ADEQUATE,True,RANGE ADEQUATE,True,RANGE ADEQUATE,1.651953583157874e-05,1.651953583157874e-05,8.25976791578937e-06,True,SMALL VALUES MAY BE LOST,6.402725457351908e-08,6.402725457351908e-08,3.201362728675954e-08,True,SMALL VALUES MAY BE LOST
ResNet18_CIFAR10_Training,end,updates,layer4.0.downsample.1.bias,-0.0047877058386802,0.0040081217885017,0.0047877058386802,9.562354534864426e-07,0.0,1.1874362826347353e-08,5006.827367908379,True,RANGE ADEQUATE,True,RANGE ADEQUATE,True,RANGE ADEQUATE,3.769847117071023e-05,3.769847117071023e-05,1.8849235585355117e-05,True,SMALL VALUES MAY BE LOST,1.4611364600604876e-07,1.4611364600604876e-07,7.305682300302438e-08,False,RANGE/STEP APPEARS ADEQUATE
ResNet18_CIFAR10_Training,end,updates,layer4.0.downsample.1.weight,-0.0027683973312377,0.0024256706237792,0.0027683973312377,1.862645149230957e-08,0.0,7.450580596923828e-09,148627.199999995,True,RANGE ADEQUATE,True,RANGE ADEQUATE,True,RANGE ADEQUATE,2.1798404182974016e-05,2.1798404182974016e-05,1.0899202091487008e-05,True,SMALL VALUES MAY BE LOST,8.448736018670308e-08,8.448736018670308e-08,4.224368009335154e-08,True,SMALL VALUES MAY BE LOST
ResNet18_CIFAR10_Training,end,updates,layer4.1.bn1.bias,-1.486227847635746e-05,3.472930984571576e-05,3.472930984571576e-05,2.0954757928848267e-09,0.0,1.1641532182693479e-10,16573.472222222223,True,RANGE ADEQUATE,True,RANGE ADEQUATE,True,RANGE ADEQUATE,2.734591326434312e-07,2.734591326434312e-07,1.367295663217156e-07,True,SMALL VALUES MAY BE LOST,1.0598867716213191e-09,1.0598867716213191e-09,5.299433858106596e-10,False,RANGE/STEP APPEARS ADEQUATE
ResNet18_CIFAR10_Training,end,updates,layer4.1.bn1.weight,-1.81468203663826e-05,1.82432122528553e-05,1.82432122528553e-05,1.5832483768463135e-08,0.0,1.1641532182693479e-10,1152.264705882353,True,RANGE ADEQUATE,True,RANGE ADEQUATE,True,RANGE ADEQUATE,1.436473405736638e-07,1.436473405736638e-07,7.18236702868319e-08,True,SMALL VALUES MAY BE LOST,5.567556460113926e-10,5.567556460113926e-10,2.783778230056963e-10,False,RANGE/STEP APPEARS ADEQUATE
ResNet18_CIFAR10_Training,end,updates,layer4.1.bn2.bias,-0.0047117862850427,0.0040579885244369,0.0047117862850427,4.3958425521850586e-07,0.0,4.074536263942718e-10,10718.733050847315,True,RANGE ADEQUATE,True,RANGE ADEQUATE,True,RANGE ADEQUATE,3.7100679409785044e-05,3.7100679409785044e-05,1.8550339704892522e-05,True,SMALL VALUES MAY BE LOST,1.4379669438894925e-07,1.4379669438894925e-07,7.189834719447462e-08,False,RANGE/STEP APPEARS ADEQUATE
ResNet18_CIFAR10_Training,end,updates,layer4.1.bn2.weight,-3.405427560210228e-05,8.412916213274002e-05,8.412916213274002e-05,1.04482751339674e-08,0.0,2.182787284255028e-11,8051.966573816156,True,RANGE ADEQUATE,True,RANGE ADEQUATE,True,RANGE ADEQUATE,6.6243434750189e-07,6.6243434750189e-07,3.31217173750945e-07,True,SMALL VALUES MAY BE LOST,2.5674966317557303e-09,2.5674966317557303e-09,1.2837483158778652e-09,False,RANGE/STEP APPEARS ADEQUATE
ResNet18_CIFAR10_Training,end,updates,layer4.1.conv1.weight,-1.274162787012756e-05,1.3241544365882874e-05,1.3241544365882874e-05,3.921342417445573e-15,0.0003814697265625,1.1102230246251563e-16,3376788598.4587474,True,RANGE ADEQUATE,True,RANGE ADEQUATE,True,RANGE ADEQUATE,1.0426412886521947e-07,1.0426412886521947e-07,5.213206443260974e-08,True,SMALL VALUES MAY BE LOST,4.041121972070337e-10,4.041121972070337e-10,2.0205609860351685e-10,True,SMALL VALUES MAY BE LOST
ResNet18_CIFAR10_Training,end,updates,layer4.1.conv2.weight,-1.9170576706528664e-05,1.1347699910402298e-05,1.9170576706528664e-05,1.0852430065710904e-14,8.477105034722222e-05,4.440892098500626e-16,1766477792.5728903,True,RANGE ADEQUATE,True,RANGE ADEQUATE,True,RANGE ADEQUATE,1.5094942288605248e-07,1.5094942288605248e-07,7.547471144302624e-08,True,SMALL VALUES MAY BE LOST,5.850574268785261e-10,5.850574268785261e-10,2.9252871343926304e-10,True,SMALL VALUES MAY BE LOST
ResNet18_CIFAR10_Training,end,weights,bn1.weight,-6.263624527491629e-05,1.3150829076766968,1.3150829076766968,6.263624527491629e-05,0.0,2.891523763537407e-06,20995.55779412824,True,RANGE ADEQUATE,True,RANGE ADEQUATE,True,RANGE ADEQUATE,0.01035498352501336,0.01035498352501336,0.00517749176250668,True,SMALL VALUES MAY BE LOST,4.013437017965321e-05,4.013437017965321e-05,2.0067185089826606e-05,False,RANGE/STEP APPEARS ADEQUATE
ResNet18_CIFAR10_Training,end,weights,conv1.weight,-1.037628173828125,0.9103665947914124,1.037628173828125,1.422087336777622e-07,0.0,6.548361852765082e-10,7296515.108413368,True,RANGE ADEQUATE,True,RANGE ADEQUATE,True,RANGE ADEQUATE,0.008170300581323819,0.008170300581323819,0.0040851502906619095,True,SMALL VALUES MAY BE LOST,3.1666865255535296e-05,3.1666865255535296e-05,1.5833432627767648e-05,True,SMALL VALUES MAY BE LOST
ResNet18_CIFAR10_Training,end,weights,fc.weight,-0.3874416053295135,0.4778254926204681,0.4778254926204681,1.9729555788217112e-05,0.0,3.725290298461914e-09,24218.765883509404,True,RANGE ADEQUATE,True,RANGE ADEQUATE,True,RANGE ADEQUATE,0.003762405453704473,0.003762405453704473,0.0018812027268522366,True,SMALL VALUES MAY BE LOST,1.4582521824410781e-05,1.4582521824410781e-05,7.291260912205391e-06,False,RANGE/STEP APPEARS ADEQUATE
ResNet18_CIFAR10_Training,end,weights,layer1.0.bn1.weight,0.0453146807849407,0.4784142971038818,0.4784142971038818,0.0453146807849407,0.0,4.121661186218262e-05,10.557600513052094,True,RANGE ADEQUATE,True,RANGE ADEQUATE,True,RANGE ADEQUATE,0.003767041709479384,0.003767041709479384,0.001883520854739692,False,RANGE/STEP APPEARS ADEQUATE,1.4600491259617352e-05,1.4600491259617352e-05,7.300245629808676e-06,False,RANGE/STEP APPEARS ADEQUATE
ResNet18_CIFAR10_Training,end,weights,layer1.0.bn2.weight,-0.3009915053844452,0.5136190056800842,0.5136190056800842,0.041075475513935,0.0,8.64565372467041e-05,12.50427412595229,True,RANGE ADEQUATE,True,RANGE ADEQUATE,True,RANGE ADEQUATE,0.004044244139213261,0.004044244139213261,0.0020221220696066307,False,RANGE/STEP APPEARS ADEQUATE,1.5674886491899906e-05,1.5674886491899906e-05,7.837443245949953e-06,False,RANGE/STEP APPEARS ADEQUATE
ResNet18_CIFAR10_Training,end,weights,layer1.0.conv1.weight,-0.2815601229667663,0.2256875336170196,0.2815601229667663,3.0466303257981053e-08,0.0,7.275957614183426e-12,9241689.764018478,True,RANGE ADEQUATE,True,RANGE ADEQUATE,True,RANGE ADEQUATE,0.0022170088422580024,0.0022170088422580024,0.0011085044211290012,True,SMALL VALUES MAY BE LOST,8.592795280824192e-06,8.592795280824192e-06,4.296397640412096e-06,True,SMALL VALUES MAY BE LOST
ResNet18_CIFAR10_Training,end,weights,layer1.0.conv2.weight,-0.2465009242296219,0.1773475706577301,0.2465009242296219,2.9698458092752844e-07,0.0,1.7462298274040222e-10,830012.5328384446,True,RANGE ADEQUATE,True,RANGE ADEQUATE,True,RANGE ADEQUATE,0.0019409521592883613,0.0019409521592883613,0.0009704760796441806,True,SMALL VALUES MAY BE LOST,7.5228407919437815e-06,7.5228407919437815e-06,3.7614203959718908e-06,True,SMALL VALUES MAY BE LOST
ResNet18_CIFAR10_Training,end,weights,layer1.1.bn1.weight,0.1126346811652183,0.6032508611679077,0.6032508611679077,0.1126346811652183,0.0,3.090500831604004e-05,5.355818074213115,True,RANGE ADEQUATE,True,RANGE ADEQUATE,True,RANGE ADEQUATE,0.004750006780849667,0.004750006780849667,0.0023750033904248336,False,RANGE/STEP APPEARS ADEQUATE,1.8410317122956257e-05,1.8410317122956257e-05,9.205158561478128e-06,False,RANGE/STEP APPEARS ADEQUATE
ResNet18_CIFAR10_Training,end,weights,layer1.1.bn2.weight,-0.1431786566972732,0.474494457244873,0.474494457244873,0.001093313563615,0.0,3.8042664527893066e-05,433.996680399697,True,RANGE ADEQUATE,True,RANGE ADEQUATE,True,RANGE ADEQUATE,0.0037361768286997875,0.0037361768286997875,0.0018680884143498938,True,SMALL VALUES MAY BE LOST,1.4480863589735801e-05,1.4480863589735801e-05,7.2404317948679005e-06,False,RANGE/STEP APPEARS ADEQUATE
ResNet18_CIFAR10_Training,end,weights,layer1.1.conv1.weight,-0.3554008901119232,0.4597186148166656,0.4597186148166656,4.2257124732714146e-07,0.0,2.3283064365386963e-10,1087907.9391333167,True,RANGE ADEQUATE,True,RANGE ADEQUATE,True,RANGE ADEQUATE,0.0036198316127296504,0.0036198316127296504,0.0018099158063648252,True,SMALL VALUES MAY BE LOST,1.4029926902574712e-05,1.4029926902574712e-05,7.014963451287356e-06,True,SMALL VALUES MAY BE LOST
ResNet18_CIFAR10_Training,end,weights,layer1.1.conv2.weight,-0.3425581455230713,0.2404310405254364,0.3425581455230713,5.301699275150895e-07,0.0,6.984919309616089e-10,646128.9630829194,True,RANGE ADEQUATE,True,RANGE ADEQUATE,True,RANGE ADEQUATE,0.002697308232465128,0.002697308232465128,0.001348654116232564,True,SMALL VALUES MAY BE LOST,1.0454364010225876e-05,1.0454364010225876e-05,5.227182005112938e-06,True,SMALL VALUES MAY BE LOST
ResNet18_CIFAR10_Training,end,weights,layer2.0.bn1.weight,0.2329431027173996,0.7015812397003174,0.7015812397003174,0.2329431027173996,0.0,3.904104232788086e-06,3.0118137498643054,True,RANGE ADEQUATE,True,RANGE ADEQUATE,True,RANGE ADEQUATE,0.0055242617299237585,0.0055242617299237585,0.0027621308649618793,False,RANGE/STEP APPEARS ADEQUATE,2.1411213711975995e-05,2.1411213711975995e-05,1.0705606855987997e-05,False,RANGE/STEP APPEARS ADEQUATE
ResNet18_CIFAR10_Training,end,weights,layer2.0.bn2.weight,0.2148648351430893,0.7626930475234985,0.7626930475234985,0.2148648351430893,0.0,7.808208465576172e-06,3.54964108955094,True,RANGE ADEQUATE,True,RANGE ADEQUATE,True,RANGE ADEQUATE,0.006005457067114162,0.006005457067114162,0.003002728533557081,False,RANGE/STEP APPEARS ADEQUATE,2.3276254998123066e-05,2.3276254998123066e-05,1.1638127499061533e-05,False,RANGE/STEP APPEARS ADEQUATE
ResNet18_CIFAR10_Training,end,weights,layer2.0.conv1.weight,-0.3744234442710876,0.5364503860473633,0.5364503860473633,1.322896423516795e-07,0.0,4.656612873077393e-10,4055120.0873403274,True,RANGE ADEQUATE,True,RANGE ADEQUATE,True,RANGE ADEQUATE,0.004224018787774514,0.004224018787774514,0.002112009393887257,True,SMALL VALUES MAY BE LOST,1.6371666189988807e-05,1.6371666189988807e-05,8.185833094994404e-06,True,SMALL VALUES MAY BE LOST
ResNet18_CIFAR10_Training,end,weights,layer2.0.conv2.weight,-0.2730034291744232,0.4597834646701813,0.4597834646701813,4.9709342420101166e-08,0.0,1.1641532182693479e-10,9249437.676814988,True,RANGE ADEQUATE,True,RANGE ADEQUATE,True,RANGE ADEQUATE,0.0036203422414974903,0.0036203422414974903,0.0018101711207487452,True,SMALL VALUES MAY BE LOST,1.4031906023443748e-05,1.4031906023443748e-05,7.015953011721874e-06,True,SMALL VALUES MAY BE LOST
ResNet18_CIFAR10_Training,end,weights,layer2.0.downsample.0.weight,-0.4656069576740265,0.7109556198120117,0.7109556198120117,6.673316966043785e-05,0.0,7.450580596923828e-09,10653.706746279358,True,RANGE ADEQUATE,True,RANGE ADEQUATE,True,RANGE ADEQUATE,0.005598075746551273,0.005598075746551273,0.0027990378732756366,True,SMALL VALUES MAY BE LOST,2.1697305820246337e-05,2.1697305820246337e-05,1.0848652910123168e-05,False,RANGE/STEP APPEARS ADEQUATE
ResNet18_CIFAR10_Training,end,weights,layer2.0.downsample.1.weight,0.0961042642593383,0.7628185153007507,0.7628185153007507,0.0961042642593383,0.0,3.3974647521972656e-06,7.937405495788173,True,RANGE ADEQUATE,True,RANGE ADEQUATE,True,RANGE ADEQUATE,0.006006445002368116,0.006006445002368116,0.003003222501184058,False,RANGE/STEP APPEARS ADEQUATE,2.328008408767207e-05,2.328008408767207e-05,1.1640042043836036e-05,False,RANGE/STEP APPEARS ADEQUATE
ResNet18_CIFAR10_Training,end,weights,layer2.1.bn1.weight,0.1197305843234062,0.5149416327476501,0.5149416327476501,0.1197305843234062,0.0,8.255243301391602e-06,4.300836212046982,True,RANGE ADEQUATE,True,RANGE ADEQUATE,True,RANGE ADEQUATE,0.004054658525572049,0.004054658525572049,0.0020273292627860243,False,RANGE/STEP APPEARS ADEQUATE,1.5715251098594626e-05,1.5715251098594626e-05,7.857625549297313e-06,False,RANGE/STEP APPEARS ADEQUATE
ResNet18_CIFAR10_Training,end,weights,layer2.1.bn2.weight,-0.0089858658611774,0.4575987756252289,0.4575987756252289,0.0089858658611774,0.0,2.6106834411621097e-05,50.92428294553583,True,RANGE ADEQUATE,True,RANGE ADEQUATE,True,RANGE ADEQUATE,0.0036031399655529835,0.0036031399655529835,0.0018015699827764917,False,RANGE/STEP APPEARS ADEQUATE,1.3965232570123261e-05,1.3965232570123261e-05,6.9826162850616305e-06,False,RANGE/STEP APPEARS ADEQUATE
ResNet18_CIFAR10_Training,end,weights,layer2.1.conv1.weight,-0.1782254427671432,0.3276528120040893,0.3276528120040893,5.48316165804863e-08,0.0,5.820766091346741e-11,5975618.309978767,True,RANGE ADEQUATE,True,RANGE ADEQUATE,True,RANGE ADEQUATE,0.0025799434016070023,0.0025799434016070023,0.0012899717008035012,True,SMALL VALUES MAY BE LOST,9.999475447983926e-06,9.999475447983926e-06,4.999737723991963e-06,True,SMALL VALUES MAY BE LOST
ResNet18_CIFAR10_Training,end,weights,layer2.1.conv2.weight,-0.1879166066646576,0.2903478741645813,0.2903478741645813,2.3862594389356673e-07,0.0,1.091393642127514e-11,1216748.981385209,True,RANGE ADEQUATE,True,RANGE ADEQUATE,True,RANGE ADEQUATE,0.0022862037335793805,0.0022862037335793805,0.0011431018667896903,True,SMALL VALUES MAY BE LOST,8.860984349027415e-06,8.860984349027415e-06,4.430492174513708e-06,True,SMALL VALUES MAY BE LOST
ResNet18_CIFAR10_Training,end,weights,layer3.0.bn1.weight,0.1742135733366012,0.5848353505134583,0.5848353505134583,0.1742135733366012,0.0,1.6689300537109375e-06,3.3570022089122027,True,RANGE ADEQUATE,True,RANGE ADEQUATE,True,RANGE ADEQUATE,0.00460500275994849,0.00460500275994849,0.002302501379974245,False,RANGE/STEP APPEARS ADEQUATE,1.7848303186543114e-05,1.7848303186543114e-05,8.924151593271557e-06,False,RANGE/STEP APPEARS ADEQUATE
ResNet18_CIFAR10_Training,end,weights,layer3.0.bn2.weight,0.0508910529315471,0.3899572789669037,0.3899572789669037,0.0508910529315471,0.0,5.692243576049805e-06,7.662590111692721,True,RANGE ADEQUATE,True,RANGE ADEQUATE,True,RANGE ADEQUATE,0.003070529755644911,0.003070529755644911,0.0015352648778224555,False,RANGE/STEP APPEARS ADEQUATE,1.190091491338553e-05,1.190091491338553e-05,5.950457456692765e-06,False,RANGE/STEP APPEARS ADEQUATE
ResNet18_CIFAR10_Training,end,weights,layer3.0.conv1.weight,-0.2110018730163574,0.3502865135669708,0.3502865135669708,5.0960807129740715e-08,0.0,1.1641532182693479e-10,6873645.322672758,True,RANGE ADEQUATE,True,RANGE ADEQUATE,True,RANGE ADEQUATE,0.0027581615241493765,0.0027581615241493765,0.0013790807620746883,True,SMALL VALUES MAY BE LOST,1.0690222283607618e-05,1.0690222283607618e-05,5.345111141803809e-06,True,SMALL VALUES MAY BE LOST
ResNet18_CIFAR10_Training,end,weights,layer3.0.conv2.weight,-0.2031756490468979,0.2496335059404373,0.2496335059404373,1.4266333892010152e-08,0.0,1.4551915228366852e-11,17498083.798546474,True,RANGE ADEQUATE,True,RANGE ADEQUATE,True,RANGE ADEQUATE,0.0019656181570113173,0.0019656181570113173,0.0009828090785056586,True,SMALL VALUES MAY BE LOST,7.618442516569637e-06,7.618442516569637e-06,3.8092212582848183e-06,True,SMALL VALUES MAY BE LOST
ResNet18_CIFAR10_Training,end,weights,layer3.0.downsample.0.weight,-0.2468661516904831,0.2400252074003219,0.2468661516904831,1.3492826838046312e-06,0.0,2.037268131971359e-10,182961.03155669637,True,RANGE ADEQUATE,True,RANGE ADEQUATE,True,RANGE ADEQUATE,0.001943827966066796,0.001943827966066796,0.000971913983033398,True,SMALL VALUES MAY BE LOST,7.533986989668968e-06,7.533986989668968e-06,3.766993494834484e-06,True,SMALL VALUES MAY BE LOST
ResNet18_CIFAR10_Training,end,weights,layer3.0.downsample.1.weight,-0.0718762055039405,0.363884299993515,0.363884299993515,0.0012734254123643,0.0,1.0889023542404176e-05,285.75234674947376,True,RANGE ADEQUATE,True,RANGE ADEQUATE,True,RANGE ADEQUATE,0.0028652307086103543,0.0028652307086103543,0.0014326153543051771,True,SMALL VALUES MAY BE LOST,1.1105206457518693e-05,1.1105206457518693e-05,5.552603228759347e-06,False,RANGE/STEP APPEARS ADEQUATE
ResNet18_CIFAR10_Training,end,weights,layer3.1.bn1.weight,-0.000850306591019,0.0118797365576028,0.0118797365576028,0.0001330367958871,0.0,1.7741695046424868e-07,89.29662262525017,True,RANGE ADEQUATE,True,RANGE ADEQUATE,True,RANGE ADEQUATE,9.354123273702993e-05,9.354123273702993e-05,4.6770616368514965e-05,False,RANGE/STEP APPEARS ADEQUATE,3.6255185270555136e-07,3.6255185270555136e-07,1.8127592635277568e-07,False,RANGE/STEP APPEARS ADEQUATE
ResNet18_CIFAR10_Training,end,weights,layer3.1.bn2.weight,-0.0055783307179808,0.1203725263476371,0.1203725263476371,5.8194927987642586e-08,0.0,1.3278622645884752e-07,2068436.726533928,True,RANGE ADEQUATE,True,RANGE ADEQUATE,True,RANGE ADEQUATE,0.0009478151680916306,0.0009478151680916306,0.0004739075840458153,True,SMALL VALUES MAY BE LOST,3.6735900859900843e-06,3.6735900859900843e-06,1.8367950429950422e-06,True,SMALL VALUES MAY BE LOST
ResNet18_CIFAR10_Training,end,weights,layer3.1.conv1.weight,-0.0085779288783669,0.0127694439142942,0.0127694439142942,6.318714440567419e-10,0.0,3.979039320256561e-13,20208927.044260457,True,RANGE ADEQUATE,True,RANGE ADEQUATE,True,RANGE ADEQUATE,0.00010054680247475747,0.00010054680247475747,5.0273401237378735e-05,True,SMALL VALUES MAY BE LOST,3.897043951016022e-07,3.897043951016022e-07,1.948521975508011e-07,True,SMALL VALUES MAY BE LOST
ResNet18_CIFAR10_Training,end,weights,layer3.1.conv2.weight,-0.0163905173540115,0.0097167985513806,0.0163905173540115,2.6429347599332687e-10,0.0,2.273736754432321e-13,62016352.43703611,True,RANGE ADEQUATE,True,RANGE ADEQUATE,True,RANGE ADEQUATE,0.00012905919176387008,0.00012905919176387008,6.452959588193504e-05,True,SMALL VALUES MAY BE LOST,5.002141591848964e-07,5.002141591848964e-07,2.501070795924482e-07,True,SMALL VALUES MAY BE LOST
ResNet18_CIFAR10_Training,end,weights,layer4.0.bn1.weight,0.0068556442856788,0.2573691010475158,0.2573691010475158,0.0068556442856788,0.0,6.258487701416016e-07,37.54119821898444,True,RANGE ADEQUATE,True,RANGE ADEQUATE,True,RANGE ADEQUATE,0.002026528354704849,0.002026528354704849,0.0010132641773524245,False,RANGE/STEP APPEARS ADEQUATE,7.85452134914749e-06,7.85452134914749e-06,3.927260674573745e-06,False,RANGE/STEP APPEARS ADEQUATE
ResNet18_CIFAR10_Training,end,weights,layer4.0.bn2.weight,0.0019130177097395,0.5339034795761108,0.5339034795761108,0.0019130177097395,0.0,2.3655593395233154e-07,279.0896690908385,True,RANGE ADEQUATE,True,RANGE ADEQUATE,True,RANGE ADEQUATE,0.004203964406111109,0.004203964406111109,0.0021019822030555546,True,SMALL VALUES MAY BE LOST,1.6293938400711413e-05,1.6293938400711413e-05,8.146969200355707e-06,False,RANGE/STEP APPEARS ADEQUATE
ResNet18_CIFAR10_Training,end,weights,layer4.0.conv1.weight,-0.0979138985276222,0.1378172188997268,0.1378172188997268,3.38278183242835e-10,0.0,1.1368683772161605e-13,407407943.30444276,True,RANGE ADEQUATE,True,RANGE ADEQUATE,True,RANGE ADEQUATE,0.001085174951966353,0.001085174951966353,0.0005425874759831765,True,SMALL VALUES MAY BE LOST,4.205976100946892e-06,4.205976100946892e-06,2.102988050473446e-06,True,SMALL VALUES MAY BE LOST
ResNet18_CIFAR10_Training,end,weights,layer4.0.conv2.weight,-0.0842481032013893,0.1621730029582977,0.1621730029582977,6.971784954901139e-11,0.0,4.618527782440651e-14,2326133178.337503,True,RANGE ADEQUATE,True,RANGE ADEQUATE,True,RANGE ADEQUATE,0.0012769527791991946,0.0012769527791991946,0.0006384763895995973,True,SMALL VALUES MAY BE LOST,4.949278327533729e-06,4.949278327533729e-06,2.4746391637668645e-06,True,SMALL VALUES MAY BE LOST
ResNet18_CIFAR10_Training,end,weights,layer4.0.downsample.0.weight,-0.1540061980485916,0.2535402774810791,0.2535402774810791,2.1784671844216064e-08,0.0,2.9103830456733704e-11,11638471.274397245,True,RANGE ADEQUATE,True,RANGE ADEQUATE,True,RANGE ADEQUATE,0.0019963801376462922,0.0019963801376462922,0.0009981900688231461,True,SMALL VALUES MAY BE LOST,7.73767136085327e-06,7.73767136085327e-06,3.868835680426635e-06,True,SMALL VALUES MAY BE LOST
ResNet18_CIFAR10_Training,end,weights,layer4.0.downsample.1.weight,-0.0031852205283939,0.545063853263855,0.545063853263855,0.0007931526051834,0.0,5.960464477539064e-08,687.2118299829833,True,RANGE ADEQUATE,True,RANGE ADEQUATE,True,RANGE ADEQUATE,0.004291841364282322,0.004291841364282322,0.002145920682141161,True,SMALL VALUES MAY BE LOST,1.6634536370856503e-05,1.6634536370856503e-05,8.317268185428251e-06,False,RANGE/STEP APPEARS ADEQUATE
ResNet18_CIFAR10_Training,end,weights,layer4.1.bn1.weight,0.0006677386118099,0.0078598605468869,0.0078598605468869,0.0006677386118099,0.0,2.8172507882118225e-08,11.770864239201044,True,RANGE ADEQUATE,True,RANGE ADEQUATE,True,RANGE ADEQUATE,6.18886657235189e-05,6.18886657235189e-05,3.094433286175945e-05,False,RANGE/STEP APPEARS ADEQUATE,2.398712285801843e-07,2.398712285801843e-07,1.1993561429009216e-07,False,RANGE/STEP APPEARS ADEQUATE
ResNet18_CIFAR10_Training,end,weights,layer4.1.bn2.weight,-0.0026568290777504,0.0190147161483764,0.0190147161483764,4.862313289777376e-07,0.0,3.4924596548080444e-10,39106.3163049434,True,RANGE ADEQUATE,True,RANGE ADEQUATE,True,RANGE ADEQUATE,0.00014972217439666456,0.00014972217439666456,7.486108719833228e-05,True,SMALL VALUES MAY BE LOST,5.80300794957622e-07,5.80300794957622e-07,2.90150397478811e-07,False,RANGE/STEP APPEARS ADEQUATE
ResNet18_CIFAR10_Training,end,weights,layer4.1.conv1.weight,-0.0028411897365003,0.0021746489219367,0.0028411897365003,7.802779256049774e-12,8.477105034722222e-05,2.8421709430404014e-14,364125351.142982,True,RANGE ADEQUATE,True,RANGE ADEQUATE,True,RANGE ADEQUATE,2.237157272834882e-05,2.237157272834882e-05,1.118578636417441e-05,True,SMALL VALUES MAY BE LOST,8.670887589649038e-08,8.670887589649038e-08,4.335443794824519e-08,True,SMALL VALUES MAY BE LOST
ResNet18_CIFAR10_Training,end,weights,layer4.1.conv2.weight,-0.0031581372022628,0.0040689622983336,0.0040689622983336,2.1595829291509716e-11,0.0,1.4210854715202004e-14,188414264.7827509,True,RANGE ADEQUATE,True,RANGE ADEQUATE,True,RANGE ADEQUATE,3.203907321522519e-05,3.203907321522519e-05,1.6019536607612596e-05,True,SMALL VALUES MAY BE LOST,1.2417866445916927e-07,1.2417866445916927e-07,6.208933222958464e-08,True,SMALL VALUES MAY BE LOST
ResNet18_CIFAR10_Training,middle,activations,avgpool,0.0,2.5673820972442627,2.5673820972442627,1.5068799257278442e-06,57.946666666666665,2.7939677238464355e-09,1703773.5080346107,True,RANGE ADEQUATE,True,RANGE ADEQUATE,True,RANGE ADEQUATE,0.020215607064915455,0.020215607064915455,0.010107803532457727,True,SMALL VALUES MAY BE LOST,7.835267486325458e-05,7.835267486325458e-05,3.917633743162729e-05,True,SMALL VALUES MAY BE LOST
ResNet18_CIFAR10_Training,middle,activations,bn1,-9.466864585876465,6.814687728881836,9.466864585876465,2.2448599338531498e-05,0.0,3.725290298461914e-09,421712.9293063391,True,RANGE ADEQUATE,True,RANGE ADEQUATE,True,RANGE ADEQUATE,0.07454224083367295,0.07454224083367295,0.03727112041683647,True,SMALL VALUES MAY BE LOST,0.00028891459657205313,0.00028891459657205313,0.00014445729828602656,True,SMALL VALUES MAY BE LOST
ResNet18_CIFAR10_Training,middle,activations,conv1,-20.318883895874023,18.095075607299805,20.318883895874023,6.216890324139968e-05,0.0,3.725290298461914e-09,326833.55884495034,True,RANGE ADEQUATE,True,RANGE ADEQUATE,True,RANGE ADEQUATE,0.15999121177853562,0.15999121177853562,0.07999560588926781,True,SMALL VALUES MAY BE LOST,0.0006201020507179181,0.0006201020507179181,0.00031005102535895906,True,SMALL VALUES MAY BE LOST
ResNet18_CIFAR10_Training,middle,activations,fc,-4.851881980895996,12.162116050720217,12.162116050720217,0.0043361783027648,0.0,1.6510486602783203e-05,2804.800725783233,True,RANGE ADEQUATE,True,RANGE ADEQUATE,True,RANGE ADEQUATE,0.09576469331275761,0.09576469331275761,0.047882346656378805,True,SMALL VALUES MAY BE LOST,0.0003711696539420825,0.0003711696539420825,0.00018558482697104124,False,RANGE/STEP APPEARS ADEQUATE
ResNet18_CIFAR10_Training,middle,activations,layer1.0.bn1,-2.1330535411834717,1.4635682106018066,2.1330535411834717,7.316470146179199e-06,0.0,3.725290298461914e-09,291541.34419551934,True,RANGE ADEQUATE,True,RANGE ADEQUATE,True,RANGE ADEQUATE,0.016795697174673007,0.016795697174673007,0.008397848587336504,True,SMALL VALUES MAY BE LOST,6.509761470941715e-05,6.509761470941715e-05,3.2548807354708574e-05,True,SMALL VALUES MAY BE LOST
ResNet18_CIFAR10_Training,middle,activations,layer1.0.bn2,-1.7478082180023191,2.563434362411499,2.563434362411499,6.362795829772949e-06,0.0,7.450580596923828e-09,402878.61358313815,True,RANGE ADEQUATE,True,RANGE ADEQUATE,True,RANGE ADEQUATE,0.02018452253867322,0.02018452253867322,0.01009226126933661,True,SMALL VALUES MAY BE LOST,7.823219588035216e-05,7.823219588035216e-05,3.911609794017608e-05,True,SMALL VALUES MAY BE LOST
ResNet18_CIFAR10_Training,middle,activations,layer1.0.conv1,-16.01943588256836,11.96048069000244,16.01943588256836,2.750009298324585e-05,0.0,5.960464477539064e-08,582522.9715524248,True,RANGE ADEQUATE,True,RANGE ADEQUATE,True,RANGE ADEQUATE,0.1261372904139241,0.1261372904139241,0.06306864520696205,True,SMALL VALUES MAY BE LOST,0.0004888893057822919,0.0004888893057822919,0.00024444465289114595,True,SMALL VALUES MAY BE LOST
ResNet18_CIFAR10_Training,middle,activations,layer1.0.conv2,-2.7861201763153076,2.6879208087921143,2.7861201763153076,2.436339855194092e-06,0.0,1.862645149230957e-09,1143567.9510703364,True,RANGE ADEQUATE,True,RANGE ADEQUATE,True,RANGE ADEQUATE,0.02193795414421502,0.02193795414421502,0.01096897707210751,True,SMALL VALUES MAY BE LOST,8.502823500214569e-05,8.502823500214569e-05,4.251411750107284e-05,True,SMALL VALUES MAY BE LOST
ResNet18_CIFAR10_Training,middle,activations,layer1.0.relu,0.0,7.757513523101807,7.757513523101807,3.975629806518555e-05,26.19666666666667,1.1175870895385742e-08,195126.65667166415,True,RANGE ADEQUATE,True,RANGE ADEQUATE,True,RANGE ADEQUATE,0.06108278364647092,0.06108278364647092,0.03054139182323546,True,SMALL VALUES MAY BE LOST,0.00023674774996495886,0.00023674774996495886,0.00011837387498247943,True,SMALL VALUES MAY BE LOST
ResNet18_CIFAR10_Training,middle,activations,layer1.1.bn1,-2.7877883911132812,2.4739296436309814,2.7877883911132812,2.171844244003296e-06,0.0,7.450580596923828e-09,1283604.1989708405,True,RANGE ADEQUATE,True,RANGE ADEQUATE,True,RANGE ADEQUATE,0.021951089693805364,0.021951089693805364,0.010975544846902682,True,SMALL VALUES MAY BE LOST,8.507914643126563e-05,8.507914643126563e-05,4.253957321563282e-05,True,SMALL VALUES MAY BE LOST
ResNet18_CIFAR10_Training,middle,activations,layer1.1.bn2,-1.675617218017578,1.4947344064712524,1.675617218017578,2.4884939193725586e-06,0.0,3.725290298461914e-09,673345.9161676646,True,RANGE ADEQUATE,True,RANGE ADEQUATE,True,RANGE ADEQUATE,0.013193836362343133,0.013193836362343133,0.006596918181171567,True,SMALL VALUES MAY BE LOST,5.11373399462135e-05,5.11373399462135e-05,2.556866997310675e-05,True,SMALL VALUES MAY BE LOST
ResNet18_CIFAR10_Training,middle,activations,layer1.1.conv1,-17.692380905151367,12.842119216918944,17.692380905151367,6.54757022857666e-05,0.0,2.9802322387695312e-08,270212.92307692306,True,RANGE ADEQUATE,True,RANGE ADEQUATE,True,RANGE ADEQUATE,0.1393100858673336,0.1393100858673336,0.0696550429336668,True,SMALL VALUES MAY BE LOST,0.0005399450943068138,0.0005399450943068138,0.0002699725471534069,True,SMALL VALUES MAY BE LOST
ResNet18_CIFAR10_Training,middle,activations,layer1.1.conv2,-3.810009479522705,2.011819362640381,3.810009479522705,6.0051679611206055e-06,0.0,7.450580596923828e-09,634455.1066997518,True,RANGE ADEQUATE,True,RANGE ADEQUATE,True,RANGE ADEQUATE,0.030000074641911064,0.030000074641911064,0.015000037320955532,True,SMALL VALUES MAY BE LOST,0.00011627581040445281,0.00011627581040445281,5.8137905202226404e-05,True,SMALL VALUES MAY BE LOST
ResNet18_CIFAR10_Training,middle,activations,layer1.1.relu,0.0,8.063846588134766,8.063846588134766,6.40377402305603e-06,28.813333333333336,7.450580596923828e-09,1259233.470622455,True,RANGE ADEQUATE,True,RANGE ADEQUATE,True,RANGE ADEQUATE,0.06349485502468319,0.06349485502468319,0.031747427512341594,True,SMALL VALUES MAY BE LOST,0.00024609657851297847,0.00024609657851297847,0.00012304828925648924,True,SMALL VALUES MAY BE LOST
ResNet18_CIFAR10_Training,middle,activations,layer2.0.bn1,-4.9143829345703125,2.698030471801758,4.9143829345703125,8.642673492431641e-07,0.0,1.4901161193847656e-08,5686183.724137931,True,RANGE ADEQUATE,True,RANGE ADEQUATE,True,RANGE ADEQUATE,0.038695928618663875,0.038695928618663875,0.019347964309331937,True,SMALL VALUES MAY BE LOST,0.00014997964215736296,0.00014997964215736296,7.498982107868148e-05,True,SMALL VALUES MAY BE LOST
ResNet18_CIFAR10_Training,middle,activations,layer2.0.bn2,-3.047600507736206,2.92468786239624,3.047600507736206,1.7136335372924805e-06,0.0,1.4901161193847656e-08,1778443.5478260869,True,RANGE ADEQUATE,True,RANGE ADEQUATE,True,RANGE ADEQUATE,0.02399685439162367,0.02399685439162367,0.011998427195811835,True,SMALL VALUES MAY BE LOST,9.300822497440127e-05,9.300822497440127e-05,4.650411248720063e-05,True,SMALL VALUES MAY BE LOST
ResNet18_CIFAR10_Training,middle,activations,layer2.0.conv1,-13.595049858093262,9.89899444580078,13.595049858093262,6.277133797993883e-05,0.0,2.9802322387695312e-08,216580.533338928,True,RANGE ADEQUATE,True,RANGE ADEQUATE,True,RANGE ADEQUATE,0.1070476366778997,0.1070476366778997,0.05352381833894985,True,SMALL VALUES MAY BE LOST,0.0004149006579208735,0.0004149006579208735,0.00020745032896043675,True,SMALL VALUES MAY BE LOST
ResNet18_CIFAR10_Training,middle,activations,layer2.0.conv2,-3.061277389526367,3.29097843170166,3.29097843170166,3.590155392885208e-05,0.0,1.4901161193847656e-08,91666.74061583958,True,RANGE ADEQUATE,True,RANGE ADEQUATE,True,RANGE ADEQUATE,0.025913215997650868,0.025913215997650868,0.012956607998825434,True,SMALL VALUES MAY BE LOST,0.0001004357564531895,0.0001004357564531895,5.021787822659475e-05,True,SMALL VALUES MAY BE LOST
ResNet18_CIFAR10_Training,middle,activations,layer2.0.downsample.0,-5.851286888122559,4.619292736053467,5.851286888122559,9.09506889001932e-06,0.0,1.4901161193847656e-08,643347.1762422384,True,RANGE ADEQUATE,True,RANGE ADEQUATE,True,RANGE ADEQUATE,0.046073125103327235,0.046073125103327235,0.023036562551663618,True,SMALL VALUES MAY BE LOST,0.00017857255434194642,0.00017857255434194642,8.928627717097321e-05,True,SMALL VALUES MAY BE LOST
ResNet18_CIFAR10_Training,middle,activations,layer2.0.downsample.1,-2.838456630706787,3.0973644256591797,3.0973644256591797,4.8547983169555664e-05,0.0,7.450580596923828e-09,63800.06384284837,True,RANGE ADEQUATE,True,RANGE ADEQUATE,True,RANGE ADEQUATE,0.02438869626503291,0.02438869626503291,0.012194348132516455,True,SMALL VALUES MAY BE LOST,9.452694557509627e-05,9.452694557509627e-05,4.7263472787548137e-05,False,RANGE/STEP APPEARS ADEQUATE
ResNet18_CIFAR10_Training,middle,activations,layer2.0.relu,0.0,3.5589590072631836,3.5589590072631836,4.405528306961059e-05,65.26666666666667,1.4901161193847656e-08,80783.93235244378,True,RANGE ADEQUATE,True,RANGE ADEQUATE,True,RANGE ADEQUATE,0.028023299269788846,0.028023299269788846,0.014011649634894423,True,SMALL VALUES MAY BE LOST,0.00010861412418784703,0.00010861412418784703,5.4307062093923516e-05,True,SMALL VALUES MAY BE LOST
ResNet18_CIFAR10_Training,middle,activations,layer2.1.bn1,-2.358973741531372,1.7881420850753784,2.358973741531372,2.2038817405700684e-05,0.0,7.450580596923828e-09,107037.21974306964,True,RANGE ADEQUATE,True,RANGE ADEQUATE,True,RANGE ADEQUATE,0.018574596390010804,0.018574596390010804,0.009287298195005402,True,SMALL VALUES MAY BE LOST,7.199236248455372e-05,7.199236248455372e-05,3.599618124227686e-05,True,SMALL VALUES MAY BE LOST
ResNet18_CIFAR10_Training,middle,activations,layer2.1.bn2,-2.2626357078552246,1.3089426755905151,2.2626357078552246,4.023313522338867e-07,0.0,3.725290298461914e-09,5623811.555555556,True,RANGE ADEQUATE,True,RANGE ADEQUATE,True,RANGE ADEQUATE,0.01781602919571043,0.01781602919571043,0.008908014597855216,True,SMALL VALUES MAY BE LOST,6.905226929090929e-05,6.905226929090929e-05,3.4526134645454645e-05,True,SMALL VALUES MAY BE LOST
ResNet18_CIFAR10_Training,middle,activations,layer2.1.conv1,-4.2039713859558105,3.440913438796997,4.2039713859558105,8.061528205871582e-05,0.0,1.4901161193847656e-08,52148.56635859519,True,RANGE ADEQUATE,True,RANGE ADEQUATE,True,RANGE ADEQUATE,0.033102136897289844,0.033102136897289844,0.016551068448644922,True,SMALL VALUES MAY BE LOST,0.00012829894057911345,0.00012829894057911345,6.414947028955673e-05,False,RANGE/STEP APPEARS ADEQUATE
ResNet18_CIFAR10_Training,middle,activations,layer2.1.conv2,-1.513589859008789,1.1619027853012085,1.513589859008789,1.519918441772461e-06,0.0,7.450580596923828e-09,995836.2352941176,True,RANGE ADEQUATE,True,RANGE ADEQUATE,True,RANGE ADEQUATE,0.011918030385895976,0.011918030385895976,0.005959015192947988,True,SMALL VALUES MAY BE LOST,4.6192506454932985e-05,4.6192506454932985e-05,2.3096253227466492e-05,True,SMALL VALUES MAY BE LOST
ResNet18_CIFAR10_Training,middle,activations,layer2.1.relu,0.0,3.791172981262207,3.791172981262207,3.069639205932617e-06,67.53666666666666,7.450580596923828e-09,1235054.912621359,True,RANGE ADEQUATE,True,RANGE ADEQUATE,True,RANGE ADEQUATE,0.029851755757970135,0.029851755757970135,0.014925877878985068,True,SMALL VALUES MAY BE LOST,0.0001157009485537952,0.0001157009485537952,5.78504742768976e-05,True,SMALL VALUES MAY BE LOST
ResNet18_CIFAR10_Training,middle,activations,layer3.0.bn1,-2.1476120948791504,3.3072807788848877,3.3072807788848877,2.8833746910095215e-06,0.0,7.450580596923828e-09,1147017.3436692506,True,RANGE ADEQUATE,True,RANGE ADEQUATE,True,RANGE ADEQUATE,0.02604158093610148,0.02604158093610148,0.01302079046805074,True,SMALL VALUES MAY BE LOST,0.00010093327979018182,0.00010093327979018182,5.046663989509091e-05,True,SMALL VALUES MAY BE LOST
ResNet18_CIFAR10_Training,middle,activations,layer3.0.bn2,-1.85175096988678,1.8950706720352173,1.8950706720352173,1.739710569381714e-06,0.0,2.7939677238464355e-09,1089302.2698072803,True,RANGE ADEQUATE,True,RANGE ADEQUATE,True,RANGE ADEQUATE,0.014921816315237932,0.014921816315237932,0.007460908157618966,True,SMALL VALUES MAY BE LOST,5.7834732262191146e-05,5.7834732262191146e-05,2.8917366131095573e-05,True,SMALL VALUES MAY BE LOST
ResNet18_CIFAR10_Training,middle,activations,layer3.0.conv1,-4.167023181915283,4.966831207275391,4.966831207275391,4.6497818402713165e-05,0.0,1.4901161193847656e-08,106818.58585833297,True,RANGE ADEQUATE,True,RANGE ADEQUATE,True,RANGE ADEQUATE,0.039108907143900716,0.039108907143900716,0.019554453571950358,True,SMALL VALUES MAY BE LOST,0.00015158028526491259,0.00015158028526491259,7.579014263245629e-05,True,SMALL VALUES MAY BE LOST
ResNet18_CIFAR10_Training,middle,activations,layer3.0.conv2,-2.462745904922486,2.244215488433838,2.462745904922486,6.582587957382202e-06,0.0,3.725290298461914e-09,374130.34521788347,True,RANGE ADEQUATE,True,RANGE ADEQUATE,True,RANGE ADEQUATE,0.01939170003875973,0.01939170003875973,0.009695850019379865,True,SMALL VALUES MAY BE LOST,7.515933423635016e-05,7.515933423635016e-05,3.757966711817508e-05,True,SMALL VALUES MAY BE LOST
ResNet18_CIFAR10_Training,middle,activations,layer3.0.downsample.0,-1.45158588886261,1.7798137664794922,1.7798137664794922,1.1108849321317392e-05,0.0,4.656612873077393e-10,160215.85269539195,True,RANGE ADEQUATE,True,RANGE ADEQUATE,True,RANGE ADEQUATE,0.014014281625822774,0.014014281625822774,0.007007140812911387,True,SMALL VALUES MAY BE LOST,5.431726329781464e-05,5.431726329781464e-05,2.715863164890732e-05,True,SMALL VALUES MAY BE LOST
ResNet18_CIFAR10_Training,middle,activations,layer3.0.downsample.1,-1.3724687099456787,1.596442461013794,1.596442461013794,3.840774297714233e-06,0.0,3.725290298461914e-09,415656.4112512124,True,RANGE ADEQUATE,True,RANGE ADEQUATE,True,RANGE ADEQUATE,0.012570413078848772,0.012570413078848772,0.006285206539424386,True,SMALL VALUES MAY BE LOST,4.8721044374333746e-05,4.8721044374333746e-05,2.4360522187166873e-05,True,SMALL VALUES MAY BE LOST
ResNet18_CIFAR10_Training,middle,activations,layer3.0.relu,0.0,2.13344144821167,2.13344144821167,8.702278137207031e-06,54.290000000000006,7.450580596923828e-09,245158.95890410958,True,RANGE ADEQUATE,True,RANGE ADEQUATE,True,RANGE ADEQUATE,0.01679875156072181,0.01679875156072181,0.008399375780360905,True,SMALL VALUES MAY BE LOST,6.510945305373303e-05,6.510945305373303e-05,3.2554726526866514e-05,True,SMALL VALUES MAY BE LOST
ResNet18_CIFAR10_Training,middle,activations,layer3.1.bn1,-0.2370489537715912,0.4241696000099182,0.4241696000099182,1.317821443080902e-07,0.0,1.862645149230957e-09,3218718.303886926,True,RANGE ADEQUATE,True,RANGE ADEQUATE,True,RANGE ADEQUATE,0.0033399181103143166,0.0033399181103143166,0.0016699590551571583,True,SMALL VALUES MAY BE LOST,1.2945023957332627e-05,1.2945023957332627e-05,6.472511978666314e-06,True,SMALL VALUES MAY BE LOST
ResNet18_CIFAR10_Training,middle,activations,layer3.1.bn2,-0.6641698479652405,0.2546688318252563,0.6641698479652405,1.0710209608078005e-06,0.0,9.313225746154783e-10,620127.7773913043,True,RANGE ADEQUATE,True,RANGE ADEQUATE,True,RANGE ADEQUATE,0.005229683842245988,0.005229683842245988,0.002614841921122994,True,SMALL VALUES MAY BE LOST,2.0269473798798808e-05,2.0269473798798808e-05,1.0134736899399404e-05,True,SMALL VALUES MAY BE LOST
ResNet18_CIFAR10_Training,middle,activations,layer3.1.conv1,-0.3973225951194763,0.5069762468338013,0.5069762468338013,1.1906959116458893e-06,0.0,3.2596290111541752e-09,425781.4626515448,True,RANGE ADEQUATE,True,RANGE ADEQUATE,True,RANGE ADEQUATE,0.003991938951447254,0.003991938951447254,0.001995969475723627,True,SMALL VALUES MAY BE LOST,1.5472159393102856e-05,1.5472159393102856e-05,7.736079696551428e-06,True,SMALL VALUES MAY BE LOST
ResNet18_CIFAR10_Training,middle,activations,layer3.1.conv2,-0.3489607274532318,0.2360469400882721,0.3489607274532318,4.237517714500427e-07,0.0,4.656612873077393e-10,823502.6989010989,True,RANGE ADEQUATE,True,RANGE ADEQUATE,True,RANGE ADEQUATE,0.0027477222634112743,0.0027477222634112743,0.0013738611317056372,True,SMALL VALUES MAY BE LOST,1.0649761267532328e-05,1.0649761267532328e-05,5.324880633766164e-06,True,SMALL VALUES MAY BE LOST
ResNet18_CIFAR10_Training,middle,activations,layer3.1.relu,0.0,2.52007794380188,2.52007794380188,6.65709376335144e-06,27.43,9.313225746154783e-10,378555.2725237829,True,RANGE ADEQUATE,True,RANGE ADEQUATE,True,RANGE ADEQUATE,0.019843133415762833,0.019843133415762833,0.009921566707881416,True,SMALL VALUES MAY BE LOST,7.69090226081692e-05,7.69090226081692e-05,3.84545113040846e-05,True,SMALL VALUES MAY BE LOST
ResNet18_CIFAR10_Training,middle,activations,layer4.0.bn1,-0.82143235206604,1.0764611959457395,1.0764611959457395,1.1318828910589218e-05,0.0,6.984919309616089e-10,95103.58398815154,True,RANGE ADEQUATE,True,RANGE ADEQUATE,True,RANGE ADEQUATE,0.008476072409021571,0.008476072409021571,0.004238036204510786,True,SMALL VALUES MAY BE LOST,3.285199120901332e-05,3.285199120901332e-05,1.642599560450666e-05,True,SMALL VALUES MAY BE LOST
ResNet18_CIFAR10_Training,middle,activations,layer4.0.bn2,-1.0535122156143188,1.483348727226257,1.483348727226257,2.6747584342956543e-06,0.0,1.6298145055770872e-09,554572.9693593314,True,RANGE ADEQUATE,True,RANGE ADEQUATE,True,RANGE ADEQUATE,0.011679911238002024,0.011679911238002024,0.005839955619001012,True,SMALL VALUES MAY BE LOST,4.52695921880629e-05,4.52695921880629e-05,2.263479609403145e-05,True,SMALL VALUES MAY BE LOST
ResNet18_CIFAR10_Training,middle,activations,layer4.0.conv1,-1.4325435161590576,1.822088599205017,1.822088599205017,6.886699338792823e-06,0.0,1.862645149230957e-09,264580.82596131065,True,RANGE ADEQUATE,True,RANGE ADEQUATE,True,RANGE ADEQUATE,0.014347154324448953,0.014347154324448953,0.0071735771622244765,True,SMALL VALUES MAY BE LOST,5.5607428180944766e-05,5.5607428180944766e-05,2.7803714090472383e-05,True,SMALL VALUES MAY BE LOST
ResNet18_CIFAR10_Training,middle,activations,layer4.0.conv2,-0.8743261694908142,1.3369297981262207,1.3369297981262207,2.352753654122353e-07,0.0,5.820766091346741e-10,5682404.5126175145,True,RANGE ADEQUATE,True,RANGE ADEQUATE,True,RANGE ADEQUATE,0.010527006284458431,0.010527006284458431,0.0052635031422292155,True,SMALL VALUES MAY BE LOST,4.080110471285808e-05,4.080110471285808e-05,2.040055235642904e-05,True,SMALL VALUES MAY BE LOST
ResNet18_CIFAR10_Training,middle,activations,layer4.0.downsample.0,-2.0284807682037354,2.170367479324341,2.170367479324341,6.288310942181852e-06,0.0,2.3283064365386963e-10,345143.15517789737,True,RANGE ADEQUATE,True,RANGE ADEQUATE,True,RANGE ADEQUATE,0.01708950771121528,0.01708950771121528,0.00854475385560764,True,SMALL VALUES MAY BE LOST,6.623638048415603e-05,6.623638048415603e-05,3.3118190242078015e-05,True,SMALL VALUES MAY BE LOST
ResNet18_CIFAR10_Training,middle,activations,layer4.0.downsample.1,-1.3589138984680176,1.8497227430343628,1.8497227430343628,9.117648005485536e-07,0.0,1.862645149230957e-09,2028727.9591419813,True,RANGE ADEQUATE,True,RANGE ADEQUATE,True,RANGE ADEQUATE,0.014564746008144589,0.014564746008144589,0.0072823730040722946,True,SMALL VALUES MAY BE LOST,5.645078106126172e-05,5.645078106126172e-05,2.822539053063086e-05,True,SMALL VALUES MAY BE LOST
ResNet18_CIFAR10_Training,middle,activations,layer4.0.relu,0.0,2.5884108543395996,2.5884108543395996,1.948326826095581e-05,56.28333333333333,3.725290298461914e-09,132853.01108986617,True,RANGE ADEQUATE,True,RANGE ADEQUATE,True,RANGE ADEQUATE,0.020381187829445667,0.020381187829445667,0.010190593914722833,True,SMALL VALUES MAY BE LOST,7.899444118593706e-05,7.899444118593706e-05,3.949722059296853e-05,True,SMALL VALUES MAY BE LOST
ResNet18_CIFAR10_Training,middle,activations,layer4.1.bn1,-0.2648299932479858,0.4400103986263275,0.4400103986263275,3.537861630320549e-06,0.0,9.313225746154783e-10,124371.85074037513,True,RANGE ADEQUATE,True,RANGE ADEQUATE,True,RANGE ADEQUATE,0.003464648808081319,0.003464648808081319,0.0017323244040406596,True,SMALL VALUES MAY BE LOST,1.3428461520014879e-05,1.3428461520014879e-05,6.714230760007439e-06,True,SMALL VALUES MAY BE LOST
ResNet18_CIFAR10_Training,middle,activations,layer4.1.bn2,-0.5377329587936401,0.2457679361104965,0.5377329587936401,4.817266017198563e-06,0.0,9.313225746154783e-10,111626.17071048816,True,RANGE ADEQUATE,True,RANGE ADEQUATE,True,RANGE ADEQUATE,0.004234117785776694,0.004234117785776694,0.002117058892888347,True,SMALL VALUES MAY BE LOST,1.6410808398499715e-05,1.6410808398499715e-05,8.205404199249858e-06,True,SMALL VALUES MAY BE LOST
ResNet18_CIFAR10_Training,middle,activations,layer4.1.conv1,-0.3369208872318268,0.3826090693473816,0.3826090693473816,9.201467037200928e-07,0.0,1.862645149230957e-09,415813.11740890687,True,RANGE ADEQUATE,True,RANGE ADEQUATE,True,RANGE ADEQUATE,0.0030126698373809575,0.0030126698373809575,0.0015063349186904787,True,SMALL VALUES MAY BE LOST,1.1676658508480532e-05,1.1676658508480532e-05,5.838329254240266e-06,True,SMALL VALUES MAY BE LOST
ResNet18_CIFAR10_Training,middle,activations,layer4.1.conv2,-0.3011650145053863,0.2027927339076995,0.3011650145053863,6.621121428906917e-09,0.0,2.037268131971359e-10,45485499.35824176,True,RANGE ADEQUATE,True,RANGE ADEQUATE,True,RANGE ADEQUATE,0.0023713780669715454,0.0023713780669715454,0.0011856890334857727,True,SMALL VALUES MAY BE LOST,9.191107349021464e-06,9.191107349021464e-06,4.595553674510732e-06,True,SMALL VALUES MAY BE LOST
ResNet18_CIFAR10_Training,middle,activations,layer4.1.relu,0.0,2.786149740219116,2.786149740219116,1.5068799257278442e-06,57.513333333333335,3.725290298461914e-09,1848952.7218788627,True,RANGE ADEQUATE,True,RANGE ADEQUATE,True,RANGE ADEQUATE,0.021938186930859183,0.021938186930859183,0.010969093465429592,True,SMALL VALUES MAY BE LOST,8.502913724842422e-05,8.502913724842422e-05,4.251456862421211e-05,True,SMALL VALUES MAY BE LOST
ResNet18_CIFAR10_Training,middle,activations,maxpool,0.0,8.671483993530273,8.671483993530273,4.038959741592407e-05,31.01,1.1175870895385742e-08,214695.9749123778,True,RANGE ADEQUATE,True,RANGE ADEQUATE,True,RANGE ADEQUATE,0.06827940152386042,0.06827940152386042,0.03413970076193021,True,SMALL VALUES MAY BE LOST,0.00026464076642751164,0.00026464076642751164,0.00013232038321375582,True,SMALL VALUES MAY BE LOST
ResNet18_CIFAR10_Training,middle,activations,relu,0.0,7.014533996582031,7.014533996582031,1.835078001022339e-05,55.61333333333334,7.450580596923828e-09,382247.18473406415,True,RANGE ADEQUATE,True,RANGE ADEQUATE,True,RANGE ADEQUATE,0.05523255115418922,0.05523255115418922,0.02761627557709461,True,SMALL VALUES MAY BE LOST,0.00021407312224439316,0.00021407312224439316,0.00010703656112219658,True,SMALL VALUES MAY BE LOST
ResNet18_CIFAR10_Training,middle,biases,bn1.bias,-0.2808023393154144,0.6337610483169556,0.6337610483169556,5.6922726798802614e-05,0.0,0.0003043841570615,11133.708519569496,True,RANGE ADEQUATE,True,RANGE ADEQUATE,True,RANGE ADEQUATE,0.004990244474936658,0.004990244474936658,0.002495122237468329,True,SMALL VALUES MAY BE LOST,1.9341442558578922e-05,1.9341442558578922e-05,9.670721279289461e-06,False,RANGE/STEP APPEARS ADEQUATE
ResNet18_CIFAR10_Training,middle,biases,fc.bias,-0.221637338399887,0.3046175837516784,0.3046175837516784,0.0232475250959396,0.0,0.0025734677910804,13.103226364723131,True,RANGE ADEQUATE,True,RANGE ADEQUATE,True,RANGE ADEQUATE,0.002398563651588019,0.002398563651588019,0.0011992818257940095,False,RANGE/STEP APPEARS ADEQUATE,9.296474616280966e-06,9.296474616280966e-06,4.648237308140483e-06,False,RANGE/STEP APPEARS ADEQUATE
ResNet18_CIFAR10_Training,middle,biases,layer1.0.bn1.bias,-0.2141143232583999,0.1597302109003067,0.2141143232583999,0.001167683978565,0.0,4.043057560920715e-05,183.366670425273,True,RANGE ADEQUATE,True,RANGE ADEQUATE,True,RANGE ADEQUATE,0.0016859395532157473,0.0016859395532157473,0.0008429697766078737,False,RANGE/STEP APPEARS ADEQUATE,6.534450003308204e-06,6.534450003308204e-06,3.267225001654102e-06,False,RANGE/STEP APPEARS ADEQUATE
ResNet18_CIFAR10_Training,middle,biases,layer1.0.bn2.bias,-0.3070763051509857,0.0909088775515556,0.3070763051509857,0.0062435092404484,0.0,0.0001340545713901,49.183286726253314,True,RANGE ADEQUATE,True,RANGE ADEQUATE,True,RANGE ADEQUATE,0.0024179236626061867,0.0024179236626061867,0.0012089618313030934,False,RANGE/STEP APPEARS ADEQUATE,9.371511128604564e-06,9.371511128604564e-06,4.685755564302282e-06,False,RANGE/STEP APPEARS ADEQUATE
ResNet18_CIFAR10_Training,middle,biases,layer1.1.bn1.bias,-0.5388943552970886,0.0556420721113681,0.5388943552970886,0.0049730436876416,0.0,1.7780810594558716e-05,108.36308489231313,True,RANGE ADEQUATE,True,RANGE ADEQUATE,True,RANGE ADEQUATE,0.004243262640134556,0.004243262640134556,0.002121631320067278,False,RANGE/STEP APPEARS ADEQUATE,1.6446252488695595e-05,1.6446252488695595e-05,8.223126244347798e-06,False,RANGE/STEP APPEARS ADEQUATE
ResNet18_CIFAR10_Training,middle,biases,layer1.1.bn2.bias,-0.4204577505588531,0.1100154891610145,0.4204577505588531,0.0035747620277106,0.0,6.025843322277069e-05,117.61838894437643,True,RANGE ADEQUATE,True,RANGE ADEQUATE,True,RANGE ADEQUATE,0.003310690949282308,0.003310690949282308,0.001655345474641154,False,RANGE/STEP APPEARS ADEQUATE,1.2831743844686822e-05,1.2831743844686822e-05,6.415871922343411e-06,False,RANGE/STEP APPEARS ADEQUATE
ResNet18_CIFAR10_Training,middle,biases,layer2.0.bn1.bias,-0.4684235453605652,-0.0007535273325629,0.4684235453605652,0.0007535273325629,0.0,4.868209362030029e-05,621.6410807121771,True,RANGE ADEQUATE,True,RANGE ADEQUATE,True,RANGE ADEQUATE,0.0036883743729178363,0.0036883743729178363,0.0018441871864589181,True,SMALL VALUES MAY BE LOST,1.429558840786661e-05,1.429558840786661e-05,7.147794203933305e-06,False,RANGE/STEP APPEARS ADEQUATE
ResNet18_CIFAR10_Training,middle,biases,layer2.0.bn2.bias,-0.2831019163131714,0.0290914699435234,0.2831019163131714,0.0113228810951113,0.0,3.0294060707092285e-05,25.002639693478876,True,RANGE ADEQUATE,True,RANGE ADEQUATE,True,RANGE ADEQUATE,0.0022291489473478063,0.0022291489473478063,0.0011145744736739032,False,RANGE/STEP APPEARS ADEQUATE,8.639848515676485e-06,8.639848515676485e-06,4.319924257838243e-06,False,RANGE/STEP APPEARS ADEQUATE
ResNet18_CIFAR10_Training,middle,biases,layer2.0.downsample.1.bias,-0.2831019163131714,0.0290914699435234,0.2831019163131714,0.0113228810951113,0.0,3.0294060707092285e-05,25.002639693478876,True,RANGE ADEQUATE,True,RANGE ADEQUATE,True,RANGE ADEQUATE,0.0022291489473478063,0.0022291489473478063,0.0011145744736739032,False,RANGE/STEP APPEARS ADEQUATE,8.639848515676485e-06,8.639848515676485e-06,4.319924257838243e-06,False,RANGE/STEP APPEARS ADEQUATE
ResNet18_CIFAR10_Training,middle,biases,layer2.1.bn1.bias,-0.4079388678073883,-0.0261645782738924,0.4079388678073883,0.0261645782738924,0.0,7.525086402893066e-06,15.591264783137698,True,RANGE ADEQUATE,True,RANGE ADEQUATE,True,RANGE ADEQUATE,0.0032121170693495144,0.0032121170693495144,0.0016060585346747572,False,RANGE/STEP APPEARS ADEQUATE,1.2449686202807345e-05,1.2449686202807345e-05,6.224843101403673e-06,False,RANGE/STEP APPEARS ADEQUATE
ResNet18_CIFAR10_Training,middle,biases,layer2.1.bn2.bias,-0.3758129179477691,-0.0354690290987491,0.3758129179477691,0.0354690290987491,0.0,1.1682510375976562e-05,10.595523122481609,True,RANGE ADEQUATE,True,RANGE ADEQUATE,True,RANGE ADEQUATE,0.0029591568342344026,0.0029591568342344026,0.0014795784171172013,False,RANGE/STEP APPEARS ADEQUATE,1.1469250097591147e-05,1.1469250097591147e-05,5.7346250487955735e-06,False,RANGE/STEP APPEARS ADEQUATE
ResNet18_CIFAR10_Training,middle,biases,layer3.0.bn1.bias,-0.4326530992984772,-0.050485011190176,0.4326530992984772,0.050485011190176,0.0,1.347064971923828e-05,8.56993173020566,True,RANGE ADEQUATE,True,RANGE ADEQUATE,True,RANGE ADEQUATE,0.003406717317310844,0.003406717317310844,0.001703358658655422,False,RANGE/STEP APPEARS ADEQUATE,1.320392771076013e-05,1.320392771076013e-05,6.601963855380065e-06,False,RANGE/STEP APPEARS ADEQUATE
ResNet18_CIFAR10_Training,middle,biases,layer3.0.bn2.bias,-0.1507873833179474,0.2000817507505417,0.2000817507505417,7.40348914405331e-05,0.0,3.725290298461914e-07,2702.5331820909464,True,RANGE ADEQUATE,True,RANGE ADEQUATE,True,RANGE ADEQUATE,0.0015754468563034779,0.0015754468563034779,0.0007877234281517389,True,SMALL VALUES MAY BE LOST,6.1061968062545145e-06,6.1061968062545145e-06,3.0530984031272572e-06,False,RANGE/STEP APPEARS ADEQUATE
ResNet18_CIFAR10_Training,middle,biases,layer3.0.downsample.1.bias,-0.1507873833179474,0.2000817507505417,0.2000817507505417,7.40348914405331e-05,0.0,3.725290298461914e-07,2702.5331820909464,True,RANGE ADEQUATE,True,RANGE ADEQUATE,True,RANGE ADEQUATE,0.0015754468563034779,0.0015754468563034779,0.0007877234281517389,True,SMALL VALUES MAY BE LOST,6.1061968062545145e-06,6.1061968062545145e-06,3.0530984031272572e-06,False,RANGE/STEP APPEARS ADEQUATE
ResNet18_CIFAR10_Training,middle,biases,layer3.1.bn1.bias,-0.0498488768935203,0.0316063798964023,0.0498488768935203,0.0004049725830554,0.0,2.7939677238464355e-09,123.09197950494591,True,RANGE ADEQUATE,True,RANGE ADEQUATE,True,RANGE ADEQUATE,0.0003925108416812622,0.0003925108416812622,0.0001962554208406311,False,RANGE/STEP APPEARS ADEQUATE,1.5213134218427167e-06,1.5213134218427167e-06,7.606567109213584e-07,False,RANGE/STEP APPEARS ADEQUATE
ResNet18_CIFAR10_Training,middle,biases,layer3.1.bn2.bias,-0.0770711004734039,0.0577638782560825,0.0770711004734039,9.961880277842285e-05,0.0,1.9632279872894287e-06,773.6601758287471,True,RANGE ADEQUATE,True,RANGE ADEQUATE,True,RANGE ADEQUATE,0.0006068590588457,0.0006068590588457,0.00030342952942285,True,SMALL VALUES MAY BE LOST,2.3520951101231088e-06,2.3520951101231088e-06,1.1760475550615544e-06,False,RANGE/STEP APPEARS ADEQUATE
ResNet18_CIFAR10_Training,middle,biases,layer4.0.bn1.bias,-0.089652307331562,0.1021102741360664,0.1021102741360664,0.0001939127105288,0.0,8.195638656616212e-08,526.5785510274786,True,RANGE ADEQUATE,True,RANGE ADEQUATE,True,RANGE ADEQUATE,0.0008040179065832,0.0008040179065832,0.0004020089532916,True,SMALL VALUES MAY BE LOST,3.1162533688182135e-06,3.1162533688182135e-06,1.5581266844091067e-06,False,RANGE/STEP APPEARS ADEQUATE
ResNet18_CIFAR10_Training,middle,biases,layer4.0.bn2.bias,-0.0414931401610374,0.1568863838911056,0.1568863838911056,4.4403248466551304e-05,0.0,3.6228448152542114e-07,3533.218611455582,True,RANGE ADEQUATE,True,RANGE ADEQUATE,True,RANGE ADEQUATE,0.0012353258574102804,0.0012353258574102804,0.0006176629287051402,True,SMALL VALUES MAY BE LOST,4.787938593435639e-06,4.787938593435639e-06,2.3939692967178196e-06,False,RANGE/STEP APPEARS ADEQUATE
ResNet18_CIFAR10_Training,middle,biases,layer4.0.downsample.1.bias,-0.0414931401610374,0.1568863838911056,0.1568863838911056,4.4403248466551304e-05,0.0,3.6228448152542114e-07,3533.218611455582,True,RANGE ADEQUATE,True,RANGE ADEQUATE,True,RANGE ADEQUATE,0.0012353258574102804,0.0012353258574102804,0.0006176629287051402,True,SMALL VALUES MAY BE LOST,4.787938593435639e-06,4.787938593435639e-06,2.3939692967178196e-06,False,RANGE/STEP APPEARS ADEQUATE
ResNet18_CIFAR10_Training,middle,biases,layer4.1.bn1.bias,-0.0205462407320737,0.0042968420311808,0.0205462407320737,0.000304080400383,0.0,1.6763806343078613e-08,67.568448036095,True,RANGE ADEQUATE,True,RANGE ADEQUATE,True,RANGE ADEQUATE,0.00016178142308719449,0.00016178142308719449,8.089071154359724e-05,False,RANGE/STEP APPEARS ADEQUATE,6.270406424779107e-07,6.270406424779107e-07,3.1352032123895537e-07,False,RANGE/STEP APPEARS ADEQUATE
ResNet18_CIFAR10_Training,middle,biases,layer4.1.bn2.bias,-0.0882694497704505,0.0182353090494871,0.0882694497704505,0.0003016011323779,0.0,4.041939973831177e-07,292.6694905768812,True,RANGE ADEQUATE,True,RANGE ADEQUATE,True,RANGE ADEQUATE,0.0006950350375626023,0.0006950350375626023,0.00034751751878130116,True,SMALL VALUES MAY BE LOST,2.6938520392605515e-06,2.6938520392605515e-06,1.3469260196302757e-06,False,RANGE/STEP APPEARS ADEQUATE
ResNet18_CIFAR10_Training,middle,gradients,bn1.bias,-0.0226135812699794,0.0352799631655216,0.0352799631655216,6.245333497645333e-05,6.25,1.607462763786316e-06,564.9011886846898,True,RANGE ADEQUATE,True,RANGE ADEQUATE,True,RANGE ADEQUATE,0.0002777949855552882,0.0002777949855552882,0.0001388974927776441,True,SMALL VALUES MAY BE LOST,1.0766918901798029e-06,1.0766918901798029e-06,5.383459450899014e-07,False,RANGE/STEP APPEARS ADEQUATE
ResNet18_CIFAR10_Training,middle,gradients,bn1.weight,-0.0385209247469902,0.0499577671289444,0.0499577671289444,2.695553848752752e-05,6.25,1.5730038285255432e-05,1853.339607816039,True,RANGE ADEQUATE,True,RANGE ADEQUATE,True,RANGE ADEQUATE,0.0003933682451097984,0.0003933682451097984,0.0001966841225548992,True,SMALL VALUES MAY BE LOST,1.5246365895243507e-06,1.5246365895243507e-06,7.623182947621754e-07,False,RANGE/STEP APPEARS ADEQUATE
ResNet18_CIFAR10_Training,middle,gradients,conv1.weight,-0.0416403524577617,0.0223466958850622,0.0416403524577617,1.8717400962486863e-08,6.25,5.820766091346741e-11,2224686.67210884,True,RANGE ADEQUATE,True,RANGE ADEQUATE,True,RANGE ADEQUATE,0.00032787679100599763,0.00032787679100599763,0.00016393839550299882,True,SMALL VALUES MAY BE LOST,1.2708014910660635e-06,1.2708014910660635e-06,6.354007455330317e-07,True,SMALL VALUES MAY BE LOST
ResNet18_CIFAR10_Training,middle,gradients,fc.bias,-0.0452910847961902,0.0665573328733444,0.0665573328733444,0.0013568010181188,0.0,0.0013188915327191,49.054601216047075,True,RANGE ADEQUATE,True,RANGE ADEQUATE,True,RANGE ADEQUATE,0.0005240734871916882,0.0005240734871916882,0.0002620367435958441,False,RANGE/STEP APPEARS ADEQUATE,2.03123059399226e-06,2.03123059399226e-06,1.01561529699613e-06,False,RANGE/STEP APPEARS ADEQUATE
ResNet18_CIFAR10_Training,middle,gradients,fc.weight,-0.0484730191528797,0.0652050524950027,0.0652050524950027,1.1183146852999926e-08,0.0,8.731149137020111e-11,5830653.335068312,True,RANGE ADEQUATE,True,RANGE ADEQUATE,True,RANGE ADEQUATE,0.0005134256101968717,0.0005134256101968717,0.00025671280509843587,True,SMALL VALUES MAY BE LOST,1.9899610124516346e-06,1.9899610124516346e-06,9.949805062258173e-07,True,SMALL VALUES MAY BE LOST
ResNet18_CIFAR10_Training,middle,gradients,layer1.0.bn1.bias,-0.0100810630246996,0.0159629322588443,0.0159629322588443,9.979965398088098e-05,0.0,6.42961822450161e-06,159.94977559644028,True,RANGE ADEQUATE,True,RANGE ADEQUATE,True,RANGE ADEQUATE,0.0001256923799909,0.0001256923799909,6.284618999545e-05,False,RANGE/STEP APPEARS ADEQUATE,4.87164899406241e-07,4.87164899406241e-07,2.435824497031205e-07,False,RANGE/STEP APPEARS ADEQUATE
ResNet18_CIFAR10_Training,middle,gradients,layer1.0.bn1.weight,-0.0146717093884944,0.0159582607448101,0.0159582607448101,9.18298028409481e-05,0.0,6.328336894512177e-07,173.78084511898902,True,RANGE ADEQUATE,True,RANGE ADEQUATE,True,RANGE ADEQUATE,0.00012565559641582758,0.00012565559641582758,6.282779820791379e-05,False,RANGE/STEP APPEARS ADEQUATE,4.870223317609211e-07,4.870223317609211e-07,2.4351116588046055e-07,False,RANGE/STEP APPEARS ADEQUATE
ResNet18_CIFAR10_Training,middle,gradients,layer1.0.bn2.bias,-0.0243048034608364,0.0260213166475296,0.0260213166475296,0.0002105571329593,0.0,1.4033401384949684e-05,123.58316377987266,True,RANGE ADEQUATE,True,RANGE ADEQUATE,True,RANGE ADEQUATE,0.00020489225706716218,0.00020489225706716218,0.00010244612853358109,False,RANGE/STEP APPEARS ADEQUATE,7.941317986855555e-07,7.941317986855555e-07,3.9706589934277776e-07,False,RANGE/STEP APPEARS ADEQUATE
ResNet18_CIFAR10_Training,middle,gradients,layer1.0.bn2.weight,-0.0698714405298233,0.0557954907417297,0.0698714405298233,0.0005266317166388,0.0,5.712732672691345e-06,132.6760966387938,True,RANGE ADEQUATE,True,RANGE ADEQUATE,True,RANGE ADEQUATE,0.0005501688230694748,0.0005501688230694748,0.0002750844115347374,False,RANGE/STEP APPEARS ADEQUATE,2.1323722199109867e-06,2.1323722199109867e-06,1.0661861099554934e-06,False,RANGE/STEP APPEARS ADEQUATE
ResNet18_CIFAR10_Training,middle,gradients,layer1.0.conv1.weight,-0.009083324111998,0.007085925899446,0.009083324111998,8.415867114308641e-09,6.25,1.6484591469634324e-12,1079309.355604552,True,RANGE ADEQUATE,True,RANGE ADEQUATE,True,RANGE ADEQUATE,7.152223710234645e-05,7.152223710234645e-05,3.5761118551173224e-05,True,SMALL VALUES MAY BE LOST,2.772095129855647e-07,2.772095129855647e-07,1.3860475649278236e-07,True,SMALL VALUES MAY BE LOST
ResNet18_CIFAR10_Training,middle,gradients,layer1.0.conv2.weight,-0.0096295066177845,0.0107129421085119,0.0107129421085119,9.019004210131245e-09,0.0,4.547473508864641e-13,1187818.7279786186,True,RANGE ADEQUATE,True,RANGE ADEQUATE,True,RANGE ADEQUATE,8.435387487017244e-05,8.435387487017244e-05,4.217693743508622e-05,True,SMALL VALUES MAY BE LOST,3.269430252544298e-07,3.269430252544298e-07,1.634715126272149e-07,True,SMALL VALUES MAY BE LOST
ResNet18_CIFAR10_Training,middle,gradients,layer1.1.bn1.bias,-0.0163487363606691,0.0134241385385394,0.0163487363606691,0.0001284908503293,0.0,5.5355485528707504e-06,127.23658002706102,True,RANGE ADEQUATE,True,RANGE ADEQUATE,True,RANGE ADEQUATE,0.00012873020756432363,0.00012873020756432363,6.436510378216182e-05,False,RANGE/STEP APPEARS ADEQUATE,4.989390655436598e-07,4.989390655436598e-07,2.494695327718299e-07,False,RANGE/STEP APPEARS ADEQUATE
ResNet18_CIFAR10_Training,middle,gradients,layer1.1.bn1.weight,-0.0185421258211135,0.0164970252662897,0.0185421258211135,0.0002177075948566,0.0,5.4747797548770905e-06,85.16986204972251,True,RANGE ADEQUATE,True,RANGE ADEQUATE,True,RANGE ADEQUATE,0.00014600099071742913,0.00014600099071742913,7.300049535871456e-05,False,RANGE/STEP APPEARS ADEQUATE,5.658780425767846e-07,5.658780425767846e-07,2.829390212883923e-07,False,RANGE/STEP APPEARS ADEQUATE
ResNet18_CIFAR10_Training,middle,gradients,layer1.1.bn2.bias,-0.0242253895848989,0.0210370644927024,0.0242253895848989,0.0001658694818615,0.0,8.824281394481659e-06,146.0509149303725,True,RANGE ADEQUATE,True,RANGE ADEQUATE,True,RANGE ADEQUATE,0.00019075109909369212,0.00019075109909369212,9.537554954684606e-05,False,RANGE/STEP APPEARS ADEQUATE,7.393227816064608e-07,7.393227816064608e-07,3.696613908032304e-07,False,RANGE/STEP APPEARS ADEQUATE
ResNet18_CIFAR10_Training,middle,gradients,layer1.1.bn2.weight,-0.034778919070959,0.0243117250502109,0.034778919070959,0.0001627597957849,0.0,4.4209882616996765e-06,213.68249390606329,True,RANGE ADEQUATE,True,RANGE ADEQUATE,True,RANGE ADEQUATE,0.0002738497564642441,0.0002738497564642441,0.00013692487823212205,False,RANGE/STEP APPEARS ADEQUATE,1.0614007712320017e-06,1.0614007712320017e-06,5.307003856160009e-07,False,RANGE/STEP APPEARS ADEQUATE
ResNet18_CIFAR10_Training,middle,gradients,layer1.1.conv1.weight,-0.0110948272049427,0.0108173415064811,0.0110948272049427,1.609805622138083e-08,0.0,3.637978807091713e-12,689202.910734463,True,RANGE ADEQUATE,True,RANGE ADEQUATE,True,RANGE ADEQUATE,8.736084413340709e-05,8.736084413340709e-05,4.368042206670354e-05,True,SMALL VALUES MAY BE LOST,3.3859758918859524e-07,3.3859758918859524e-07,1.6929879459429762e-07,True,SMALL VALUES MAY BE LOST
ResNet18_CIFAR10_Training,middle,gradients,layer1.1.conv2.weight,-0.0126129714772105,0.0118681825697422,0.0126129714772105,6.83940015733242e-09,0.0,1.4551915228366852e-11,1844163.404255316,True,RANGE ADEQUATE,True,RANGE ADEQUATE,True,RANGE ADEQUATE,9.931473604102756e-05,9.931473604102756e-05,4.965736802051378e-05,True,SMALL VALUES MAY BE LOST,3.849290895477309e-07,3.849290895477309e-07,1.9246454477386546e-07,True,SMALL VALUES MAY BE LOST
ResNet18_CIFAR10_Training,middle,gradients,layer2.0.bn1.bias,-0.0394913703203201,0.033518299460411,0.0394913703203201,0.0003191092982888,0.0,1.8568243831396105e-06,123.75499721283477,True,RANGE ADEQUATE,True,RANGE ADEQUATE,True,RANGE ADEQUATE,0.0003109556718135441,0.0003109556718135441,0.00015547783590677205,False,RANGE/STEP APPEARS ADEQUATE,1.2052177593408033e-06,1.2052177593408033e-06,6.026088796704017e-07,False,RANGE/STEP APPEARS ADEQUATE
ResNet18_CIFAR10_Training,middle,gradients,layer2.0.bn1.weight,-0.072127066552639,0.0440059341490268,0.072127066552639,6.930646486580372e-05,0.0,1.446576789021492e-06,1040.697526447161,True,RANGE ADEQUATE,True,RANGE ADEQUATE,True,RANGE ADEQUATE,0.0005679296578947952,0.0005679296578947952,0.0002839648289473976,True,SMALL VALUES MAY BE LOST,2.201210564062593e-06,2.201210564062593e-06,1.1006052820312966e-06,False,RANGE/STEP APPEARS ADEQUATE
ResNet18_CIFAR10_Training,middle,gradients,layer2.0.bn2.bias,-0.0217645987868309,0.0295657478272914,0.0295657478272914,0.0002008371520787,0.0,1.7802231013774872e-06,147.21254270577276,True,RANGE ADEQUATE,True,RANGE ADEQUATE,True,RANGE ADEQUATE,0.00023280116399442046,0.00023280116399442046,0.00011640058199721023,False,RANGE/STEP APPEARS ADEQUATE,9.023025552321359e-07,9.023025552321359e-07,4.5115127761606796e-07,False,RANGE/STEP APPEARS ADEQUATE
ResNet18_CIFAR10_Training,middle,gradients,layer2.0.bn2.weight,-0.035583458840847,0.0415808260440826,0.0415808260440826,1.2192642316222193e-05,0.0,1.8295831978321075e-06,3410.3211564534877,True,RANGE ADEQUATE,True,RANGE ADEQUATE,True,RANGE ADEQUATE,0.0003274080790872646,0.0003274080790872646,0.0001637040395436323,True,SMALL VALUES MAY BE LOST,1.2689848336461256e-06,1.2689848336461256e-06,6.344924168230628e-07,False,RANGE/STEP APPEARS ADEQUATE
ResNet18_CIFAR10_Training,middle,gradients,layer2.0.conv1.weight,-0.0199071541428565,0.0330561622977256,0.0330561622977256,1.2791133485734464e-08,0.0,1.4551915228366852e-11,2584302.816837309,True,RANGE ADEQUATE,True,RANGE ADEQUATE,True,RANGE ADEQUATE,0.0002602847425017764,0.0002602847425017764,0.0001301423712508882,True,SMALL VALUES MAY BE LOST,1.0088248023232398e-06,1.0088248023232398e-06,5.044124011616199e-07,True,SMALL VALUES MAY BE LOST
ResNet18_CIFAR10_Training,middle,gradients,layer2.0.conv2.weight,-0.0308882538229227,0.0160413347184658,0.0308882538229227,9.74978320300579e-09,0.0,7.275957614183426e-12,3168096.4776119394,True,RANGE ADEQUATE,True,RANGE ADEQUATE,True,RANGE ADEQUATE,0.0002432145970308874,0.0002432145970308874,0.0001216072985154437,True,SMALL VALUES MAY BE LOST,9.42663466991873e-07,9.42663466991873e-07,4.713317334959365e-07,True,SMALL VALUES MAY BE LOST
ResNet18_CIFAR10_Training,middle,gradients,layer2.0.downsample.0.weight,-0.03892682492733,0.0274462066590785,0.03892682492733,1.4568286132998765e-08,0.0,1.6007106751203534e-10,2672025.0118616545,True,RANGE ADEQUATE,True,RANGE ADEQUATE,True,RANGE ADEQUATE,0.00030651043249866147,0.00030651043249866147,0.00015325521624933073,True,SMALL VALUES MAY BE LOST,1.1879886754152043e-06,1.1879886754152043e-06,5.939943377076022e-07,True,SMALL VALUES MAY BE LOST
ResNet18_CIFAR10_Training,middle,gradients,layer2.0.downsample.1.bias,-0.0217645987868309,0.0295657478272914,0.0295657478272914,0.0002008371520787,0.0,1.7802231013774872e-06,147.21254270577276,True,RANGE ADEQUATE,True,RANGE ADEQUATE,True,RANGE ADEQUATE,0.00023280116399442046,0.00023280116399442046,0.00011640058199721023,False,RANGE/STEP APPEARS ADEQUATE,9.023025552321359e-07,9.023025552321359e-07,4.5115127761606796e-07,False,RANGE/STEP APPEARS ADEQUATE
ResNet18_CIFAR10_Training,middle,gradients,layer2.0.downsample.1.weight,-0.0374004989862442,0.0468626245856285,0.0468626245856285,0.0004133887123316,0.0,3.693625330924988e-06,113.36212912373287,True,RANGE ADEQUATE,True,RANGE ADEQUATE,True,RANGE ADEQUATE,0.0003689970439813268,0.0003689970439813268,0.0001844985219906634,False,RANGE/STEP APPEARS ADEQUATE,1.4301774524866025e-06,1.4301774524866025e-06,7.150887262433012e-07,False,RANGE/STEP APPEARS ADEQUATE
ResNet18_CIFAR10_Training,middle,gradients,layer2.1.bn1.bias,-0.0169553570449352,0.0220854990184307,0.0220854990184307,6.978563033044338e-05,0.0,1.5874393284320831e-06,316.476313445235,True,RANGE ADEQUATE,True,RANGE ADEQUATE,True,RANGE ADEQUATE,0.00017390156707425747,0.00017390156707425747,8.695078353712873e-05,True,SMALL VALUES MAY BE LOST,6.74016511076104e-07,6.74016511076104e-07,3.37008255538052e-07,False,RANGE/STEP APPEARS ADEQUATE
ResNet18_CIFAR10_Training,middle,gradients,layer2.1.bn1.weight,-0.0250214077532291,0.033565379679203,0.033565379679203,1.24308280646801e-05,0.0,1.937616616487503e-06,2700.172466754071,True,RANGE ADEQUATE,True,RANGE ADEQUATE,True,RANGE ADEQUATE,0.0002642943281827008,0.0002642943281827008,0.0001321471640913504,True,SMALL VALUES MAY BE LOST,1.0243653578052002e-06,1.0243653578052002e-06,5.121826789026001e-07,False,RANGE/STEP APPEARS ADEQUATE
ResNet18_CIFAR10_Training,middle,gradients,layer2.1.bn2.bias,-0.0235478896647691,0.025052361190319,0.025052361190319,0.0001465978566557,0.0,4.827976226806641e-06,170.8917289913523,True,RANGE ADEQUATE,True,RANGE ADEQUATE,True,RANGE ADEQUATE,0.00019726268653794487,0.00019726268653794487,9.863134326897244e-05,False,RANGE/STEP APPEARS ADEQUATE,7.645607223828546e-07,7.645607223828546e-07,3.822803611914273e-07,False,RANGE/STEP APPEARS ADEQUATE
ResNet18_CIFAR10_Training,middle,gradients,layer2.1.bn2.weight,-0.0348487831652164,0.0437805876135826,0.0437805876135826,0.0001173089258372,0.0,3.5529956221580505e-07,373.2076421391907,True,RANGE ADEQUATE,True,RANGE ADEQUATE,True,RANGE ADEQUATE,0.000344729036327422,0.000344729036327422,0.000172364518163711,True,SMALL VALUES MAY BE LOST,1.3361182779498457e-06,1.3361182779498457e-06,6.680591389749229e-07,False,RANGE/STEP APPEARS ADEQUATE
ResNet18_CIFAR10_Training,middle,gradients,layer2.1.conv1.weight,-0.0163118857890367,0.0155907701700925,0.0163118857890367,2.823071554303169e-09,0.0,1.8189894035458565e-12,5778063.175257714,True,RANGE ADEQUATE,True,RANGE ADEQUATE,True,RANGE ADEQUATE,0.00012844004558296612,0.00012844004558296612,6.422002279148306e-05,True,SMALL VALUES MAY BE LOST,4.978144410241004e-07,4.978144410241004e-07,2.489072205120502e-07,True,SMALL VALUES MAY BE LOST
ResNet18_CIFAR10_Training,middle,gradients,layer2.1.conv2.weight,-0.0221949853003025,0.0231036022305488,0.0231036022305488,1.178705133497715e-09,0.0,2.273736754432321e-13,19600832.790123407,True,RANGE ADEQUATE,True,RANGE ADEQUATE,True,RANGE ADEQUATE,0.00018191812779959685,0.00018191812779959685,9.095906389979842e-05,True,SMALL VALUES MAY BE LOST,7.050875036026734e-07,7.050875036026734e-07,3.525437518013367e-07,True,SMALL VALUES MAY BE LOST
ResNet18_CIFAR10_Training,middle,gradients,layer3.0.bn1.bias,-0.0337032303214073,0.0310083888471126,0.0337032303214073,4.3153995648026466e-05,0.0,1.8673017621040347e-07,780.9990666055189,True,RANGE ADEQUATE,True,RANGE ADEQUATE,True,RANGE ADEQUATE,0.0002653797663102937,0.0002653797663102937,0.00013268988315514685,True,SMALL VALUES MAY BE LOST,1.0285723539355845e-06,1.0285723539355845e-06,5.142861769677922e-07,False,RANGE/STEP APPEARS ADEQUATE
ResNet18_CIFAR10_Training,middle,gradients,layer3.0.bn1.weight,-0.0507190264761447,0.050099242478609,0.0507190264761447,5.611334927380085e-06,0.0,1.0477378964424133e-07,9038.673886433875,True,RANGE ADEQUATE,True,RANGE ADEQUATE,True,RANGE ADEQUATE,0.00039936241319798977,0.00039936241319798977,0.00019968120659899488,True,SMALL VALUES MAY BE LOST,1.5478690901255745e-06,1.5478690901255745e-06,7.739345450627872e-07,False,RANGE/STEP APPEARS ADEQUATE
ResNet18_CIFAR10_Training,middle,gradients,layer3.0.bn2.bias,-0.0144508741796016,0.0211852267384529,0.0211852267384529,2.2350606741383672e-05,0.0,7.140915840864182e-07,947.8591334716211,True,RANGE ADEQUATE,True,RANGE ADEQUATE,True,RANGE ADEQUATE,0.00016681280896419607,0.00016681280896419607,8.340640448209804e-05,True,SMALL VALUES MAY BE LOST,6.46541542968624e-07,6.46541542968624e-07,3.23270771484312e-07,False,RANGE/STEP APPEARS ADEQUATE
ResNet18_CIFAR10_Training,middle,gradients,layer3.0.bn2.weight,-0.0293955095112323,0.0362831987440586,0.0362831987440586,3.322400152683258e-05,0.0,4.5227352529764175e-08,1092.077927902674,True,RANGE ADEQUATE,True,RANGE ADEQUATE,True,RANGE ADEQUATE,0.00028569447829967403,0.00028569447829967403,0.00014284723914983701,True,SMALL VALUES MAY BE LOST,1.1073091446900418e-06,1.1073091446900418e-06,5.536545723450209e-07,False,RANGE/STEP APPEARS ADEQUATE
ResNet18_CIFAR10_Training,middle,gradients,layer3.0.conv1.weight,-0.0312697663903236,0.0285103991627693,0.0312697663903236,1.520675141364336e-09,0.0,1.3642420526593924e-12,20563081.186602842,True,RANGE ADEQUATE,True,RANGE ADEQUATE,True,RANGE ADEQUATE,0.000246218632994674,0.000246218632994674,0.000123109316497337,True,SMALL VALUES MAY BE LOST,9.543066618953092e-07,9.543066618953092e-07,4.771533309476546e-07,True,SMALL VALUES MAY BE LOST
ResNet18_CIFAR10_Training,middle,gradients,layer3.0.conv2.weight,-0.0187838785350322,0.0214495826512575,0.0214495826512575,1.255102688446641e-10,0.0,2.273736754432321e-13,170899025.6231883,True,RANGE ADEQUATE,True,RANGE ADEQUATE,True,RANGE ADEQUATE,0.00016889435158470474,0.00016889435158470474,8.444717579235237e-05,True,SMALL VALUES MAY BE LOST,6.54609291398587e-07,6.54609291398587e-07,3.273046456992935e-07,True,SMALL VALUES MAY BE LOST
ResNet18_CIFAR10_Training,middle,gradients,layer3.0.downsample.0.weight,-0.0121176233515143,0.0154330963268876,0.0154330963268876,2.0292645785957575e-08,0.0,2.9103830456733704e-11,760526.5715310144,True,RANGE ADEQUATE,True,RANGE ADEQUATE,True,RANGE ADEQUATE,0.0001215204435188,0.0001215204435188,6.07602217594e-05,True,SMALL VALUES MAY BE LOST,4.709950964960967e-07,4.709950964960967e-07,2.3549754824804834e-07,True,SMALL VALUES MAY BE LOST
ResNet18_CIFAR10_Training,middle,gradients,layer3.0.downsample.1.bias,-0.0144508741796016,0.0211852267384529,0.0211852267384529,2.2350606741383672e-05,0.0,7.140915840864182e-07,947.8591334716211,True,RANGE ADEQUATE,True,RANGE ADEQUATE,True,RANGE ADEQUATE,0.00016681280896419607,0.00016681280896419607,8.340640448209804e-05,True,SMALL VALUES MAY BE LOST,6.46541542968624e-07,6.46541542968624e-07,3.23270771484312e-07,False,RANGE/STEP APPEARS ADEQUATE
ResNet18_CIFAR10_Training,middle,gradients,layer3.0.downsample.1.weight,-0.0191426165401935,0.0176665559411048,0.0191426165401935,1.9942002836614847e-05,0.0,1.3085082173347473e-07,959.9144427482669,True,RANGE ADEQUATE,True,RANGE ADEQUATE,True,RANGE ADEQUATE,0.0001507292640960118,0.0001507292640960118,7.53646320480059e-05,True,SMALL VALUES MAY BE LOST,5.842041242772759e-07,5.842041242772759e-07,2.9210206213863795e-07,False,RANGE/STEP APPEARS ADEQUATE
ResNet18_CIFAR10_Training,middle,gradients,layer3.1.bn1.bias,-0.0019827433861792,0.0017515387153252,0.0019827433861792,5.920883268117905e-07,0.0,9.895302355289461e-09,3348.729060165145,True,RANGE ADEQUATE,True,RANGE ADEQUATE,True,RANGE ADEQUATE,1.5612152647080315e-05,1.5612152647080315e-05,7.806076323540157e-06,True,SMALL VALUES MAY BE LOST,6.051037281958068e-08,6.051037281958068e-08,3.025518640979034e-08,False,RANGE/STEP APPEARS ADEQUATE
ResNet18_CIFAR10_Training,middle,gradients,layer3.1.bn1.weight,-0.0022926467936486,0.0024531255476176,0.0024531255476176,2.398319338681177e-07,0.0,2.3559550754725933e-08,10228.519230331358,True,RANGE ADEQUATE,True,RANGE ADEQUATE,True,RANGE ADEQUATE,1.931594919383937e-05,1.931594919383937e-05,9.657974596919685e-06,True,SMALL VALUES MAY BE LOST,7.486573527077853e-08,7.486573527077853e-08,3.743286763538927e-08,False,RANGE/STEP APPEARS ADEQUATE
ResNet18_CIFAR10_Training,middle,gradients,layer3.1.bn2.bias,-0.008221773430705,0.0163469295948743,0.0163469295948743,5.820766091346741e-11,0.0,1.4551915228366852e-11,280838111.99999857,True,RANGE ADEQUATE,True,RANGE ADEQUATE,True,RANGE ADEQUATE,0.00012871598106200236,0.00012871598106200236,6.435799053100118e-05,True,SMALL VALUES MAY BE LOST,4.988839257446302e-07,4.988839257446302e-07,2.494419628723151e-07,True,SMALL VALUES MAY BE LOST
ResNet18_CIFAR10_Training,middle,gradients,layer3.1.bn2.weight,-0.0137585708871483,0.0076511721126735,0.0137585708871483,1.4548713807016611e-06,0.0,5.76837919652462e-08,9456.89843765623,True,RANGE ADEQUATE,True,RANGE ADEQUATE,True,RANGE ADEQUATE,0.0001083352038358134,0.0001083352038358134,5.41676019179067e-05,True,SMALL VALUES MAY BE LOST,4.198910759956145e-07,4.198910759956145e-07,2.0994553799780725e-07,False,RANGE/STEP APPEARS ADEQUATE
ResNet18_CIFAR10_Training,middle,gradients,layer3.1.conv1.weight,-0.0012858090922236,0.0010371410753577,0.0012858090922236,1.5961632016114888e-10,0.0,5.684341886080803e-14,8055624.205127929,True,RANGE ADEQUATE,True,RANGE ADEQUATE,True,RANGE ADEQUATE,1.012448104113071e-05,1.012448104113071e-05,5.062240520565355e-06,True,SMALL VALUES MAY BE LOST,3.924097696534929e-08,3.924097696534929e-08,1.9620488482674644e-08,True,SMALL VALUES MAY BE LOST
ResNet18_CIFAR10_Training,middle,gradients,layer3.1.conv2.weight,-0.0010411710245534,0.0012761120451614,0.0012761120451614,8.321762333049487e-13,3.4722222222222223,1.304512053934559e-15,1533463699.261611,True,RANGE ADEQUATE,True,RANGE ADEQUATE,True,RANGE ADEQUATE,1.0048126339853544e-05,1.0048126339853544e-05,5.024063169926772e-06,True,SMALL VALUES MAY BE LOST,3.8945037542692346e-08,3.8945037542692346e-08,1.9472518771346173e-08,True,SMALL VALUES MAY BE LOST
ResNet18_CIFAR10_Training,middle,gradients,layer4.0.bn1.bias,-0.0165611002594232,0.011087343096733,0.0165611002594232,6.458096322603524e-06,0.0,3.958120942115784e-09,2564.393504237289,True,RANGE ADEQUATE,True,RANGE ADEQUATE,True,RANGE ADEQUATE,0.00013040236424742677,0.00013040236424742677,6.520118212371338e-05,True,SMALL VALUES MAY BE LOST,5.054200952001465e-07,5.054200952001465e-07,2.5271004760007324e-07,False,RANGE/STEP APPEARS ADEQUATE
ResNet18_CIFAR10_Training,middle,gradients,layer4.0.bn1.weight,-0.0189348198473453,0.0131821921095252,0.0189348198473453,3.864523023366928e-06,0.0,1.6472768038511276e-08,4899.652488251583,True,RANGE ADEQUATE,True,RANGE ADEQUATE,True,RANGE ADEQUATE,0.0001490930696641362,0.0001490930696641362,7.45465348320681e-05,True,SMALL VALUES MAY BE LOST,5.778624789375072e-07,5.778624789375072e-07,2.889312394687536e-07,False,RANGE/STEP APPEARS ADEQUATE
ResNet18_CIFAR10_Training,middle,gradients,layer4.0.bn2.bias,-0.0270660631358623,0.0324416607618331,0.0324416607618331,3.39706184604438e-06,0.0,2.0256265997886658e-08,9549.917614720187,True,RANGE ADEQUATE,True,RANGE ADEQUATE,True,RANGE ADEQUATE,0.0002554461477309693,0.0002554461477309693,0.00012772307386548466,True,SMALL VALUES MAY BE LOST,9.900711313770898e-07,9.900711313770898e-07,4.950355656885449e-07,False,RANGE/STEP APPEARS ADEQUATE
ResNet18_CIFAR10_Training,middle,gradients,layer4.0.bn2.weight,-0.0216426867991685,0.0335459038615226,0.0335459038615226,3.1170202419161797e-08,0.0,5.471520125865936e-08,1076217.0681605951,True,RANGE ADEQUATE,True,RANGE ADEQUATE,True,RANGE ADEQUATE,0.00026414097528757954,0.00026414097528757954,0.00013207048764378977,True,SMALL VALUES MAY BE LOST,1.0237709848787681e-06,1.0237709848787681e-06,5.118854924393841e-07,True,SMALL VALUES MAY BE LOST
ResNet18_CIFAR10_Training,middle,gradients,layer4.0.conv1.weight,-0.0094426050782203,0.0111022070050239,0.0111022070050239,8.549250196665524e-11,55.55555555555556,1.1368683772161605e-13,129861762.72340363,True,RANGE ADEQUATE,True,RANGE ADEQUATE,True,RANGE ADEQUATE,8.741895279546379e-05,8.741895279546379e-05,4.3709476397731896e-05,True,SMALL VALUES MAY BE LOST,3.3882280968730433e-07,3.3882280968730433e-07,1.6941140484365216e-07,True,SMALL VALUES MAY BE LOST
ResNet18_CIFAR10_Training,middle,gradients,layer4.0.conv2.weight,-0.0067887869663536,0.0087503995746374,0.0087503995746374,5.238689482212067e-10,88.88888888888889,2.273736754432321e-13,16703413.333333306,True,RANGE ADEQUATE,True,RANGE ADEQUATE,True,RANGE ADEQUATE,6.890078405226298e-05,6.890078405226298e-05,3.445039202613149e-05,True,SMALL VALUES MAY BE LOST,2.6704915233733325e-07,2.6704915233733325e-07,1.3352457616866662e-07,True,SMALL VALUES MAY BE LOST
ResNet18_CIFAR10_Training,middle,gradients,layer4.0.downsample.0.weight,-0.014359182678163,0.0147984977811574,0.0147984977811574,4.781242068929713e-10,0.0,5.684341886080803e-14,30951157.81174004,True,RANGE ADEQUATE,True,RANGE ADEQUATE,True,RANGE ADEQUATE,0.00011652360457604252,0.00011652360457604252,5.826180228802126e-05,True,SMALL VALUES MAY BE LOST,4.516280947647755e-07,4.516280947647755e-07,2.2581404738238775e-07,True,SMALL VALUES MAY BE LOST
ResNet18_CIFAR10_Training,middle,gradients,layer4.0.downsample.1.bias,-0.0270660631358623,0.0324416607618331,0.0324416607618331,3.39706184604438e-06,0.0,2.0256265997886658e-08,9549.917614720187,True,RANGE ADEQUATE,True,RANGE ADEQUATE,True,RANGE ADEQUATE,0.0002554461477309693,0.0002554461477309693,0.00012772307386548466,True,SMALL VALUES MAY BE LOST,9.900711313770898e-07,9.900711313770898e-07,4.950355656885449e-07,False,RANGE/STEP APPEARS ADEQUATE
ResNet18_CIFAR10_Training,middle,gradients,layer4.0.downsample.1.weight,-0.0221499763429164,0.0445062778890132,0.0445062778890132,3.473833203315735e-06,0.0,7.198468665592372e-08,12811.863806970483,True,RANGE ADEQUATE,True,RANGE ADEQUATE,True,RANGE ADEQUATE,0.00035044313298435593,0.00035044313298435593,0.00017522156649217796,True,SMALL VALUES MAY BE LOST,1.3582652634972137e-06,1.3582652634972137e-06,6.791326317486069e-07,False,RANGE/STEP APPEARS ADEQUATE
ResNet18_CIFAR10_Training,middle,gradients,layer4.1.bn1.bias,-0.0009763837442733,0.0006833232473582,0.0009763837442733,3.304230631329119e-07,0.0,1.724401954561472e-09,2954.9503446148733,True,RANGE ADEQUATE,True,RANGE ADEQUATE,True,RANGE ADEQUATE,7.688060978529922e-06,7.688060978529922e-06,3.844030489264961e-06,True,SMALL VALUES MAY BE LOST,2.9797776551814325e-08,2.9797776551814325e-08,1.4898888275907163e-08,False,RANGE/STEP APPEARS ADEQUATE
ResNet18_CIFAR10_Training,middle,gradients,layer4.1.bn1.weight,-0.0008918666280806,0.0016078357584774,0.0016078357584774,9.690120350569489e-08,0.0,2.066371962428093e-09,16592.526205135393,True,RANGE ADEQUATE,True,RANGE ADEQUATE,True,RANGE ADEQUATE,1.2660124082499212e-05,1.2660124082499212e-05,6.330062041249606e-06,True,SMALL VALUES MAY BE LOST,4.9068750830939666e-08,4.9068750830939666e-08,2.4534375415469833e-08,False,RANGE/STEP APPEARS ADEQUATE
ResNet18_CIFAR10_Training,middle,gradients,layer4.1.bn2.bias,-0.0266864039003849,0.0324560031294822,0.0324560031294822,3.314373316243291e-06,0.0,9.094947017729282e-08,9792.5007332215,True,RANGE ADEQUATE,True,RANGE ADEQUATE,True,RANGE ADEQUATE,0.00025555907975970235,0.00025555907975970235,0.00012777953987985118,True,SMALL VALUES MAY BE LOST,9.90508839060097e-07,9.90508839060097e-07,4.952544195300485e-07,False,RANGE/STEP APPEARS ADEQUATE
ResNet18_CIFAR10_Training,middle,gradients,layer4.1.bn2.weight,-0.0067449253983795,0.0070954426191747,0.0070954426191747,1.9868602976202965e-06,0.0,5.820766091346741e-10,3571.1834534481654,True,RANGE ADEQUATE,True,RANGE ADEQUATE,True,RANGE ADEQUATE,5.586962692263543e-05,5.586962692263543e-05,2.7934813461317715e-05,True,SMALL VALUES MAY BE LOST,2.165423328096774e-07,2.165423328096774e-07,1.082711664048387e-07,False,RANGE/STEP APPEARS ADEQUATE
ResNet18_CIFAR10_Training,middle,gradients,layer4.1.conv1.weight,-0.0011458431836217,0.0013399227755144,0.0013399227755144,4.0472514228895307e-11,88.88888888888889,5.684341886080803e-14,33106981.393257838,True,RANGE ADEQUATE,True,RANGE ADEQUATE,True,RANGE ADEQUATE,1.0550573035546457e-05,1.0550573035546457e-05,5.275286517773229e-06,True,SMALL VALUES MAY BE LOST,4.0892445921640674e-08,4.0892445921640674e-08,2.0446222960820337e-08,True,SMALL VALUES MAY BE LOST
ResNet18_CIFAR10_Training,middle,gradients,layer4.1.conv2.weight,-0.0006871755467727,0.0009547565132379,0.0009547565132379,5.792344381916337e-11,88.88888888888889,3.552713678800501e-15,16483075.768399473,True,RANGE ADEQUATE,True,RANGE ADEQUATE,True,RANGE ADEQUATE,7.517767820770866e-06,7.517767820770866e-06,3.758883910385433e-06,True,SMALL VALUES MAY BE LOST,2.9137745696520888e-08,2.9137745696520888e-08,1.4568872848260444e-08,True,SMALL VALUES MAY BE LOST
ResNet18_CIFAR10_Training,middle,inputs,avgpool,0.0,2.9525017738342285,2.9525017738342285,1.619383692741394e-05,57.92333333333334,1.862645149230957e-09,182322.55808603636,True,RANGE ADEQUATE,True,RANGE ADEQUATE,True,RANGE ADEQUATE,0.023248045463261643,0.023248045463261643,0.011624022731630821,True,SMALL VALUES MAY BE LOST,9.010595336265842e-05,9.010595336265842e-05,4.505297668132921e-05,True,SMALL VALUES MAY BE LOST
ResNet18_CIFAR10_Training,middle,inputs,bn1,-23.836904525756836,18.510942459106445,23.836904525756836,1.2794695976481307e-05,0.0,2.9802322387695312e-08,1863030.1626215167,True,RANGE ADEQUATE,True,RANGE ADEQUATE,True,RANGE ADEQUATE,0.18769216162013255,0.18769216162013255,0.09384608081006628,True,SMALL VALUES MAY BE LOST,0.0007274667966477503,0.0007274667966477503,0.00036373339832387517,True,SMALL VALUES MAY BE LOST
ResNet18_CIFAR10_Training,middle,inputs,conv1,-1.9894737005233765,2.12648868560791,2.12648868560791,0.0006281130481511,0.0,5.5283308029174805e-06,3385.519042897447,True,RANGE ADEQUATE,True,RANGE ADEQUATE,True,RANGE ADEQUATE,0.016744005398487482,0.016744005398487482,0.008372002699243741,True,SMALL VALUES MAY BE LOST,6.489726510232582e-05,6.489726510232582e-05,3.244863255116291e-05,False,RANGE/STEP APPEARS ADEQUATE
ResNet18_CIFAR10_Training,middle,inputs,fc,0.0,2.9525017738342285,2.9525017738342285,1.5068799257278442e-06,57.47666666666667,1.862645149230957e-09,1959347.737948084,True,RANGE ADEQUATE,True,RANGE ADEQUATE,True,RANGE ADEQUATE,0.023248045463261643,0.023248045463261643,0.011624022731630821,True,SMALL VALUES MAY BE LOST,9.010595336265842e-05,9.010595336265842e-05,4.505297668132921e-05,True,SMALL VALUES MAY BE LOST
ResNet18_CIFAR10_Training,middle,inputs,layer1.0.bn1,-11.98157787322998,11.96048069000244,11.98157787322998,0.0002450942993164,0.0,7.450580596923828e-09,48885.583657588795,True,RANGE ADEQUATE,True,RANGE ADEQUATE,True,RANGE ADEQUATE,0.09434313286007859,0.09434313286007859,0.047171566430039294,True,SMALL VALUES MAY BE LOST,0.00036565989786156743,0.00036565989786156743,0.00018282994893078372,False,RANGE/STEP APPEARS ADEQUATE
ResNet18_CIFAR10_Training,middle,inputs,layer1.0.bn2,-2.8965249061584473,2.454984426498413,2.8965249061584473,3.2708048820495605e-06,0.0,6.286427378654481e-09,885569.4578587699,True,RANGE ADEQUATE,True,RANGE ADEQUATE,True,RANGE ADEQUATE,0.022807282725657064,0.022807282725657064,0.011403641362828532,True,SMALL VALUES MAY BE LOST,8.839762279605845e-05,8.839762279605845e-05,4.419881139802922e-05,True,SMALL VALUES MAY BE LOST
ResNet18_CIFAR10_Training,middle,inputs,layer1.0.conv1,0.0,9.916597366333008,9.916597366333008,1.1898577213287354e-05,31.003333333333337,3.725290298461914e-09,833427.155917345,True,RANGE ADEQUATE,True,RANGE ADEQUATE,True,RANGE ADEQUATE,0.07808344382939376,0.07808344382939376,0.03904172191469688,True,SMALL VALUES MAY BE LOST,0.0003026397706940827,0.0003026397706940827,0.00015131988534704136,True,SMALL VALUES MAY BE LOST
ResNet18_CIFAR10_Training,middle,inputs,layer1.0.conv2,0.0,1.1833183765411377,1.1833183765411377,2.453476190567017e-05,59.306666666666665,7.450580596923828e-09,48230.277558457325,True,RANGE ADEQUATE,True,RANGE ADEQUATE,True,RANGE ADEQUATE,0.009317467531819982,0.009317467531819982,0.004658733765909991,True,SMALL VALUES MAY BE LOST,3.611311308759232e-05,3.611311308759232e-05,1.805655654379616e-05,False,RANGE/STEP APPEARS ADEQUATE
ResNet18_CIFAR10_Training,middle,inputs,layer1.0.relu,0.0,8.07246208190918,8.07246208190918,9.03010368347168e-06,25.840000000000003,1.4901161193847656e-08,893950.0990099009,True,RANGE ADEQUATE,True,RANGE ADEQUATE,True,RANGE ADEQUATE,0.06356269355834,0.06356269355834,0.03178134677917,True,SMALL VALUES MAY BE LOST,0.0002463595105413733,0.0002463595105413733,0.00012317975527068666,True,SMALL VALUES MAY BE LOST
ResNet18_CIFAR10_Training,middle,inputs,layer1.1.bn1,-15.453195571899414,13.412294387817385,15.453195571899414,1.202523708343506e-05,0.0,1.1920928955078125e-07,1285063.6926889713,True,RANGE ADEQUATE,True,RANGE ADEQUATE,True,RANGE ADEQUATE,0.12167870529054657,0.12167870529054657,0.060839352645273286,True,SMALL VALUES MAY BE LOST,0.0004716084954954501,0.0004716084954954501,0.00023580424774772505,True,SMALL VALUES MAY BE LOST
ResNet18_CIFAR10_Training,middle,inputs,layer1.1.bn2,-3.690654754638672,2.798570394515991,3.690654754638672,6.269663572311401e-06,0.0,7.450580596923828e-09,588652.7581699346,True,RANGE ADEQUATE,True,RANGE ADEQUATE,True,RANGE ADEQUATE,0.02906027365857222,0.02906027365857222,0.01453013682928611,True,SMALL VALUES MAY BE LOST,0.0001126332821020744,0.0001126332821020744,5.63166410510372e-05,True,SMALL VALUES MAY BE LOST
ResNet18_CIFAR10_Training,middle,inputs,layer1.1.conv1,0.0,7.912195205688477,7.912195205688477,1.942366361618042e-05,25.869999999999997,3.725290298461914e-09,407348.2408899118,True,RANGE ADEQUATE,True,RANGE ADEQUATE,True,RANGE ADEQUATE,0.062300749651090365,0.062300749651090365,0.031150374825545182,True,SMALL VALUES MAY BE LOST,0.00024146840436074332,0.00024146840436074332,0.00012073420218037166,True,SMALL VALUES MAY BE LOST
ResNet18_CIFAR10_Training,middle,inputs,layer1.1.conv2,0.0,2.088856935501098,2.088856935501098,7.781945168972015e-05,61.32333333333333,9.313225746154783e-10,26842.349697216297,True,RANGE ADEQUATE,True,RANGE ADEQUATE,True,RANGE ADEQUATE,0.016447692405520457,0.016447692405520457,0.008223846202760229,True,SMALL VALUES MAY BE LOST,6.374880018009272e-05,6.374880018009272e-05,3.187440009004636e-05,False,RANGE/STEP APPEARS ADEQUATE
ResNet18_CIFAR10_Training,middle,inputs,layer1.1.relu,0.0,7.387791633605957,7.387791633605957,1.487135887145996e-05,28.46,7.450580596923828e-09,496779.86372745497,True,RANGE ADEQUATE,True,RANGE ADEQUATE,True,RANGE ADEQUATE,0.058171587666188636,0.058171587666188636,0.029085793833094318,True,SMALL VALUES MAY BE LOST,0.00022546438897689617,0.00022546438897689617,0.00011273219448844808,True,SMALL VALUES MAY BE LOST
ResNet18_CIFAR10_Training,middle,inputs,layer2.0.bn1,-16.015892028808594,8.877684593200684,16.015892028808594,9.70889741438441e-05,0.0,9.022187441587448e-09,164960.97698055735,True,RANGE ADEQUATE,True,RANGE ADEQUATE,True,RANGE ADEQUATE,0.12610938605361097,0.12610938605361097,0.06305469302680548,True,SMALL VALUES MAY BE LOST,0.000488781152647743,0.000488781152647743,0.0002443905763238715,True,SMALL VALUES MAY BE LOST
ResNet18_CIFAR10_Training,middle,inputs,layer2.0.bn2,-3.0190858840942383,2.613553524017334,3.0190858840942383,2.6181340217590332e-05,0.0,1.862645149230957e-08,115314.41320432555,True,RANGE ADEQUATE,True,RANGE ADEQUATE,True,RANGE ADEQUATE,0.023772329796017625,0.023772329796017625,0.011886164898008813,True,SMALL VALUES MAY BE LOST,9.213800116257937e-05,9.213800116257937e-05,4.6069000581289684e-05,True,SMALL VALUES MAY BE LOST
ResNet18_CIFAR10_Training,middle,inputs,layer2.0.conv1,0.0,7.325537204742432,7.325537204742432,1.487135887145996e-05,28.623333333333335,1.1175870895385742e-08,492593.6673346694,True,RANGE ADEQUATE,True,RANGE ADEQUATE,True,RANGE ADEQUATE,0.05768139531293253,0.05768139531293253,0.028840697656466265,True,SMALL VALUES MAY BE LOST,0.00022356447659970189,0.00022356447659970189,0.00011178223829985094,True,SMALL VALUES MAY BE LOST
ResNet18_CIFAR10_Training,middle,inputs,layer2.0.conv2,0.0,2.532961845397949,2.532961845397949,6.476044654846191e-05,69.22666666666667,2.9802322387695312e-08,39112.791532443625,True,RANGE ADEQUATE,True,RANGE ADEQUATE,True,RANGE ADEQUATE,0.01994458145982637,0.01994458145982637,0.009972290729913185,True,SMALL VALUES MAY BE LOST,7.730222008111665e-05,7.730222008111665e-05,3.8651110040558323e-05,False,RANGE/STEP APPEARS ADEQUATE
ResNet18_CIFAR10_Training,middle,inputs,layer2.0.downsample.0,0.0,7.760615348815918,7.760615348815918,1.5079975128173828e-05,28.76,1.4901161193847656e-08,514630.51383399207,True,RANGE ADEQUATE,True,RANGE ADEQUATE,True,RANGE ADEQUATE,0.06110720747099148,0.06110720747099148,0.03055360373549574,True,SMALL VALUES MAY BE LOST,0.00023684241306240784,0.00023684241306240784,0.00011842120653120392,True,SMALL VALUES MAY BE LOST
ResNet18_CIFAR10_Training,middle,inputs,layer2.0.downsample.1,-6.2519001960754395,4.571352958679199,6.2519001960754395,0.0001851731503847,0.0,4.4703483581542975e-08,33762.45521063406,True,RANGE ADEQUATE,True,RANGE ADEQUATE,True,RANGE ADEQUATE,0.049227560599019206,0.049227560599019206,0.024613780299509603,True,SMALL VALUES MAY BE LOST,0.00019079867537691702,0.00019079867537691702,9.539933768845851e-05,False,RANGE/STEP APPEARS ADEQUATE
ResNet18_CIFAR10_Training,middle,inputs,layer2.0.relu,0.0,4.62131404876709,4.62131404876709,4.405528306961059e-05,64.41,7.450580596923828e-09,104898.06730931847,True,RANGE ADEQUATE,True,RANGE ADEQUATE,True,RANGE ADEQUATE,0.03638829959659126,0.03638829959659126,0.01819414979829563,True,SMALL VALUES MAY BE LOST,0.00014103561658885739,0.00014103561658885739,7.051780829442869e-05,True,SMALL VALUES MAY BE LOST
ResNet18_CIFAR10_Training,middle,inputs,layer2.1.bn1,-3.860506772994995,3.3441720008850098,3.860506772994995,1.3068318367004396e-05,0.0,1.4901161193847656e-08,295409.60547320405,True,RANGE ADEQUATE,True,RANGE ADEQUATE,True,RANGE ADEQUATE,0.030397691125944842,0.030397691125944842,0.015198845562972421,True,SMALL VALUES MAY BE LOST,0.0001178169125337991,0.0001178169125337991,5.890845626689955e-05,True,SMALL VALUES MAY BE LOST
ResNet18_CIFAR10_Training,middle,inputs,layer2.1.bn2,-1.2968261241912842,0.8971514701843262,1.2968261241912842,7.100403308868408e-06,0.0,1.862645149230957e-09,182641.19202518364,True,RANGE ADEQUATE,True,RANGE ADEQUATE,True,RANGE ADEQUATE,0.01021122932434082,0.01021122932434082,0.00510561466217041,True,SMALL VALUES MAY BE LOST,3.957720035985242e-05,3.957720035985242e-05,1.978860017992621e-05,True,SMALL VALUES MAY BE LOST
ResNet18_CIFAR10_Training,middle,inputs,layer2.1.conv1,0.0,3.4237260818481445,3.4237260818481445,0.0001172497868537,64.77333333333334,4.4703483581542975e-08,29200.275529030554,True,RANGE ADEQUATE,True,RANGE ADEQUATE,True,RANGE ADEQUATE,0.02695847308541846,0.02695847308541846,0.01347923654270923,True,SMALL VALUES MAY BE LOST,0.00010448701687210134,0.00010448701687210134,5.224350843605067e-05,False,RANGE/STEP APPEARS ADEQUATE
ResNet18_CIFAR10_Training,middle,inputs,layer2.1.conv2,0.0,1.6668803691864014,1.6668803691864014,2.454221248626709e-05,79.51,1.4901161193847656e-08,67918.91196114146,True,RANGE ADEQUATE,True,RANGE ADEQUATE,True,RANGE ADEQUATE,0.013125042277058279,0.013125042277058279,0.0065625211385291395,True,SMALL VALUES MAY BE LOST,5.0870704342368886e-05,5.0870704342368886e-05,2.5435352171184443e-05,True,SMALL VALUES MAY BE LOST
ResNet18_CIFAR10_Training,middle,inputs,layer2.1.relu,0.0,3.791172981262207,3.791172981262207,1.7940998077392578e-05,67.25999999999999,2.9802322387695312e-08,211313.38205980067,True,RANGE ADEQUATE,True,RANGE ADEQUATE,True,RANGE ADEQUATE,0.029851755757970135,0.029851755757970135,0.014925877878985068,True,SMALL VALUES MAY BE LOST,0.0001157009485537952,0.0001157009485537952,5.78504742768976e-05,True,SMALL VALUES MAY BE LOST
ResNet18_CIFAR10_Training,middle,inputs,layer3.0.bn1,-4.176425933837891,4.2054219245910645,4.2054219245910645,8.19601791590685e-06,0.0,7.450580596923828e-09,513105.5065691318,True,RANGE ADEQUATE,True,RANGE ADEQUATE,True,RANGE ADEQUATE,0.03311355846134696,0.03311355846134696,0.01655677923067348,True,SMALL VALUES MAY BE LOST,0.00012834320885619875,0.00012834320885619875,6.417160442809937e-05,True,SMALL VALUES MAY BE LOST
ResNet18_CIFAR10_Training,middle,inputs,layer3.0.bn2,-2.632625102996826,1.7674741744995115,2.632625102996826,1.1622905731201172e-06,0.0,1.862645149230957e-09,2265031.794871795,True,RANGE ADEQUATE,True,RANGE ADEQUATE,True,RANGE ADEQUATE,0.020729331519660048,0.020729331519660048,0.010364665759830024,True,SMALL VALUES MAY BE LOST,8.034379415255672e-05,8.034379415255672e-05,4.017189707627836e-05,True,SMALL VALUES MAY BE LOST
ResNet18_CIFAR10_Training,middle,inputs,layer3.0.conv1,0.0,3.323793411254883,3.323793411254883,3.069639205932617e-06,67.48333333333333,2.9802322387695312e-08,1082796.1165048543,True,RANGE ADEQUATE,True,RANGE ADEQUATE,True,RANGE ADEQUATE,0.026171601663424273,0.026171601663424273,0.013085800831712137,True,SMALL VALUES MAY BE LOST,0.00010143722071763918,0.00010143722071763918,5.071861035881959e-05,True,SMALL VALUES MAY BE LOST
ResNet18_CIFAR10_Training,middle,inputs,layer3.0.conv2,0.0,2.2822508811950684,2.2822508811950684,0.0001195818185806,75.27333333333334,7.450580596923828e-09,19085.266542060454,True,RANGE ADEQUATE,True,RANGE ADEQUATE,True,RANGE ADEQUATE,0.017970479379488726,0.017970479379488726,0.008985239689744363,True,SMALL VALUES MAY BE LOST,6.965089514435464e-05,6.965089514435464e-05,3.482544757217732e-05,False,RANGE/STEP APPEARS ADEQUATE
ResNet18_CIFAR10_Training,middle,inputs,layer3.0.downsample.0,0.0,3.846435785293579,3.846435785293579,6.54757022857666e-05,67.35666666666667,2.9802322387695312e-08,58746.00273099681,True,RANGE ADEQUATE,True,RANGE ADEQUATE,True,RANGE ADEQUATE,0.030286895947193537,0.030286895947193537,0.015143447973596768,True,SMALL VALUES MAY BE LOST,0.0001173874869622968,0.0001173874869622968,5.86937434811484e-05,False,RANGE/STEP APPEARS ADEQUATE
ResNet18_CIFAR10_Training,middle,inputs,layer3.0.downsample.1,-1.541188359260559,1.6836493015289309,1.6836493015289309,1.570688681340471e-07,0.0,6.984919309616089e-10,10719178.927883124,True,RANGE ADEQUATE,True,RANGE ADEQUATE,True,RANGE ADEQUATE,0.01325708111440103,0.01325708111440103,0.006628540557200515,True,SMALL VALUES MAY BE LOST,5.1382467162966735e-05,5.1382467162966735e-05,2.5691233581483367e-05,True,SMALL VALUES MAY BE LOST
ResNet18_CIFAR10_Training,middle,inputs,layer3.0.relu,0.0,2.471475601196289,2.471475601196289,3.55839729309082e-05,54.78333333333333,7.450580596923828e-09,69454.74036850921,True,RANGE ADEQUATE,True,RANGE ADEQUATE,True,RANGE ADEQUATE,0.01946043780469519,0.01946043780469519,0.009730218902347595,True,SMALL VALUES MAY BE LOST,7.54257515548048e-05,7.54257515548048e-05,3.77128757774024e-05,True,SMALL VALUES MAY BE LOST
ResNet18_CIFAR10_Training,middle,inputs,layer3.1.bn1,-0.5606658458709717,0.6713029146194458,0.6713029146194458,4.809349775314331e-06,0.0,3.725290298461914e-09,139582.88458559258,True,RANGE ADEQUATE,True,RANGE ADEQUATE,True,RANGE ADEQUATE,0.005285849721412959,0.005285849721412959,0.0026429248607064797,True,SMALL VALUES MAY BE LOST,2.048716436107809e-05,2.048716436107809e-05,1.0243582180539046e-05,True,SMALL VALUES MAY BE LOST
ResNet18_CIFAR10_Training,middle,inputs,layer3.1.bn2,-0.3682262003421783,0.247793972492218,0.3682262003421783,1.257285475730896e-07,0.0,9.313225746154783e-10,2928739.792592592,True,RANGE ADEQUATE,True,RANGE ADEQUATE,True,RANGE ADEQUATE,0.0028994189003321126,0.0028994189003321126,0.0014497094501660563,True,SMALL VALUES MAY BE LOST,1.1237714784453209e-05,1.1237714784453209e-05,5.618857392226604e-06,True,SMALL VALUES MAY BE LOST
ResNet18_CIFAR10_Training,middle,inputs,layer3.1.conv1,0.0,2.6724395751953125,2.6724395751953125,3.55839729309082e-05,55.17999999999999,1.4901161193847656e-08,75102.33835845896,True,RANGE ADEQUATE,True,RANGE ADEQUATE,True,RANGE ADEQUATE,0.021042831300750492,0.021042831300750492,0.010521415650375246,True,SMALL VALUES MAY BE LOST,8.155887249962806e-05,8.155887249962806e-05,4.077943624981403e-05,True,SMALL VALUES MAY BE LOST
ResNet18_CIFAR10_Training,middle,inputs,layer3.1.conv2,0.0,0.3552577495574951,0.3552577495574951,7.107853889465332e-06,58.58,9.313225746154783e-10,49981.014675052415,True,RANGE ADEQUATE,True,RANGE ADEQUATE,True,RANGE ADEQUATE,0.002797305114625946,0.002797305114625946,0.001398652557312973,True,SMALL VALUES MAY BE LOST,1.0841936996291852e-05,1.0841936996291852e-05,5.420968498145926e-06,False,RANGE/STEP APPEARS ADEQUATE
ResNet18_CIFAR10_Training,middle,inputs,layer3.1.relu,0.0,2.6297829151153564,2.6297829151153564,6.474554538726807e-06,27.78333333333333,9.313225746154783e-10,406172.0230149597,True,RANGE ADEQUATE,True,RANGE ADEQUATE,True,RANGE ADEQUATE,0.020706952087522493,0.020706952087522493,0.010353476043761247,True,SMALL VALUES MAY BE LOST,8.025705481476353e-05,8.025705481476353e-05,4.0128527407381764e-05,True,SMALL VALUES MAY BE LOST
ResNet18_CIFAR10_Training,middle,inputs,layer4.0.bn1,-1.6382403373718262,1.8009727001190186,1.8009727001190186,1.6624955605948344e-05,0.0,3.725290298461914e-09,108329.47424380716,True,RANGE ADEQUATE,True,RANGE ADEQUATE,True,RANGE ADEQUATE,0.014180887402511957,0.014180887402511957,0.007090443701255979,True,SMALL VALUES MAY BE LOST,5.496300241459452e-05,5.496300241459452e-05,2.748150120729726e-05,True,SMALL VALUES MAY BE LOST
ResNet18_CIFAR10_Training,middle,inputs,layer4.0.bn2,-0.8743261694908142,1.3369297981262207,1.3369297981262207,2.352753654122353e-07,0.0,4.656612873077393e-10,5682404.5126175145,True,RANGE ADEQUATE,True,RANGE ADEQUATE,True,RANGE ADEQUATE,0.010527006284458431,0.010527006284458431,0.0052635031422292155,True,SMALL VALUES MAY BE LOST,4.080110471285808e-05,4.080110471285808e-05,2.040055235642904e-05,True,SMALL VALUES MAY BE LOST
ResNet18_CIFAR10_Training,middle,inputs,layer4.0.conv1,0.0,2.6845591068267822,2.6845591068267822,6.474554538726807e-06,27.586666666666662,9.313225746154783e-10,414632.248561565,True,RANGE ADEQUATE,True,RANGE ADEQUATE,True,RANGE ADEQUATE,0.021138260683675452,0.021138260683675452,0.010569130341837726,True,SMALL VALUES MAY BE LOST,8.192874254056771e-05,8.192874254056771e-05,4.0964371270283854e-05,True,SMALL VALUES MAY BE LOST
ResNet18_CIFAR10_Training,middle,inputs,layer4.0.conv2,0.0,0.7566213011741638,0.7566213011741638,1.9399449229240417e-06,48.843333333333334,1.862645149230957e-09,390022.05280844937,True,RANGE ADEQUATE,True,RANGE ADEQUATE,True,RANGE ADEQUATE,0.005957648040741447,0.005957648040741447,0.0029788240203707235,True,SMALL VALUES MAY BE LOST,2.3090954349625043e-05,2.3090954349625043e-05,1.1545477174812522e-05,True,SMALL VALUES MAY BE LOST
ResNet18_CIFAR10_Training,middle,inputs,layer4.0.downsample.0,0.0,2.618126392364502,2.618126392364502,1.5117228031158447e-05,27.54666666666667,4.656612873077393e-10,173188.25825529816,True,RANGE ADEQUATE,True,RANGE ADEQUATE,True,RANGE ADEQUATE,0.020615168443814978,0.020615168443814978,0.010307584221907489,True,SMALL VALUES MAY BE LOST,7.99013151147344e-05,7.99013151147344e-05,3.99506575573672e-05,True,SMALL VALUES MAY BE LOST
ResNet18_CIFAR10_Training,middle,inputs,layer4.0.downsample.1,-2.0284807682037354,2.170367479324341,2.170367479324341,5.543988663703203e-06,0.0,2.3283064365386963e-10,391481.2260591107,True,RANGE ADEQUATE,True,RANGE ADEQUATE,True,RANGE ADEQUATE,0.01708950771121528,0.01708950771121528,0.00854475385560764,True,SMALL VALUES MAY BE LOST,6.623638048415603e-05,6.623638048415603e-05,3.3118190242078015e-05,True,SMALL VALUES MAY BE LOST
ResNet18_CIFAR10_Training,middle,inputs,layer4.0.relu,0.0,2.832775592803955,2.832775592803955,1.948326826095581e-05,55.93333333333334,7.450580596923828e-09,145395.29789674951,True,RANGE ADEQUATE,True,RANGE ADEQUATE,True,RANGE ADEQUATE,0.0223053196283776,0.0223053196283776,0.0111526598141888,True,SMALL VALUES MAY BE LOST,8.645208877236106e-05,8.645208877236106e-05,4.322604438618053e-05,True,SMALL VALUES MAY BE LOST
ResNet18_CIFAR10_Training,middle,inputs,layer4.1.bn1,-0.3453536033630371,0.3673467636108398,0.3673467636108398,4.637986421585083e-06,0.0,9.313225746154783e-10,79203.93253012047,True,RANGE ADEQUATE,True,RANGE ADEQUATE,True,RANGE ADEQUATE,0.002892494201660156,0.002892494201660156,0.001446247100830078,True,SMALL VALUES MAY BE LOST,1.1210875686234315e-05,1.1210875686234315e-05,5.605437843117157e-06,True,SMALL VALUES MAY BE LOST
ResNet18_CIFAR10_Training,middle,inputs,layer4.1.bn2,-0.3336668014526367,0.2027927339076995,0.3336668014526367,2.0116567611694339e-07,0.0,5.820766091346741e-11,1658666.6666666665,True,RANGE ADEQUATE,True,RANGE ADEQUATE,True,RANGE ADEQUATE,0.00262729764923336,0.00262729764923336,0.00131364882461668,True,SMALL VALUES MAY BE LOST,1.0183013441957968e-05,1.0183013441957968e-05,5.091506720978984e-06,True,SMALL VALUES MAY BE LOST
ResNet18_CIFAR10_Training,middle,inputs,layer4.1.conv1,0.0,2.832775592803955,2.832775592803955,3.751367330551147e-06,56.13666666666667,7.450580596923828e-09,755131.4875868919,True,RANGE ADEQUATE,True,RANGE ADEQUATE,True,RANGE ADEQUATE,0.0223053196283776,0.0223053196283776,0.0111526598141888,True,SMALL VALUES MAY BE LOST,8.645208877236106e-05,8.645208877236106e-05,4.322604438618053e-05,True,SMALL VALUES MAY BE LOST
ResNet18_CIFAR10_Training,middle,inputs,layer4.1.conv2,0.0,0.4236639142036438,0.4236639142036438,4.71062958240509e-06,59.67666666666667,9.313225746154783e-10,89937.85369711349,True,RANGE ADEQUATE,True,RANGE ADEQUATE,True,RANGE ADEQUATE,0.003335936332312156,0.003335936332312156,0.001667968166156078,True,SMALL VALUES MAY BE LOST,1.2929591180261965e-05,1.2929591180261965e-05,6.4647955901309824e-06,True,SMALL VALUES MAY BE LOST
ResNet18_CIFAR10_Training,middle,inputs,layer4.1.relu,0.0,2.5673820972442627,2.5673820972442627,1.5068799257278442e-06,57.726666666666674,2.7939677238464355e-09,1703773.5080346107,True,RANGE ADEQUATE,True,RANGE ADEQUATE,True,RANGE ADEQUATE,0.020215607064915455,0.020215607064915455,0.010107803532457727,True,SMALL VALUES MAY BE LOST,7.835267486325458e-05,7.835267486325458e-05,3.917633743162729e-05,True,SMALL VALUES MAY BE LOST
ResNet18_CIFAR10_Training,middle,inputs,maxpool,0.0,6.07125997543335,6.07125997543335,6.182119250297546e-06,55.626666666666665,7.450580596923828e-09,982067.7553479964,True,RANGE ADEQUATE,True,RANGE ADEQUATE,True,RANGE ADEQUATE,0.04780519665695551,0.04780519665695551,0.023902598328477756,True,SMALL VALUES MAY BE LOST,0.00018528580509150517,0.00018528580509150517,9.264290254575258e-05,True,SMALL VALUES MAY BE LOST
ResNet18_CIFAR10_Training,middle,inputs,relu,0.0,5.804922103881836,5.804922103881836,2.2470951080322266e-05,55.97666666666667,1.4901161193847656e-08,258330.05835543768,True,RANGE ADEQUATE,True,RANGE ADEQUATE,True,RANGE ADEQUATE,0.0457080480620617,0.0457080480620617,0.02285402403103085,True,SMALL VALUES MAY BE LOST,0.00017715757023474337,0.00017715757023474337,8.857878511737169e-05,True,SMALL VALUES MAY BE LOST
ResNet18_CIFAR10_Training,middle,updates,bn1.bias,-0.0031065195798873,0.0044455081224441,0.0044455081224441,3.688037395477295e-06,0.0,6.221234798431396e-07,1205.3858585858443,True,RANGE ADEQUATE,True,RANGE ADEQUATE,True,RANGE ADEQUATE,3.5004000964126774e-05,3.5004000964126774e-05,1.7502000482063387e-05,True,SMALL VALUES MAY BE LOST,1.3567028176043276e-07,1.3567028176043276e-07,6.783514088021638e-08,False,RANGE/STEP APPEARS ADEQUATE
ResNet18_CIFAR10_Training,middle,updates,bn1.weight,-0.0146855115890502,0.0109282732009887,0.0146855115890502,7.301568984985352e-07,0.0,7.282942533493042e-07,20112.816326530483,True,RANGE ADEQUATE,True,RANGE ADEQUATE,True,RANGE ADEQUATE,0.00011563394952008031,0.00011563394952008031,5.781697476004016e-05,True,SMALL VALUES MAY BE LOST,4.481799245902951e-07,4.481799245902951e-07,2.2408996229514756e-07,False,RANGE/STEP APPEARS ADEQUATE
ResNet18_CIFAR10_Training,middle,updates,conv1.weight,-0.0052670240402221,0.0091391801834106,0.0091391801834106,8.149072527885436e-10,0.0,5.820766091346741e-11,11214994.285714231,True,RANGE ADEQUATE,True,RANGE ADEQUATE,True,RANGE ADEQUATE,7.196204868827243e-05,7.196204868827243e-05,3.598102434413622e-05,True,SMALL VALUES MAY BE LOST,2.7891415703026215e-07,2.7891415703026215e-07,1.3945707851513108e-07,True,SMALL VALUES MAY BE LOST
ResNet18_CIFAR10_Training,middle,updates,fc.bias,-0.0068071782588958,0.0042325630784034,0.0068071782588958,0.0004729181528091,0.0,7.394514977931976e-05,14.393988089612648,True,RANGE ADEQUATE,True,RANGE ADEQUATE,True,RANGE ADEQUATE,5.359982881020315e-05,5.359982881020315e-05,2.6799914405101577e-05,False,RANGE/STEP APPEARS ADEQUATE,2.0774493419891355e-07,2.0774493419891355e-07,1.0387246709945677e-07,False,RANGE/STEP APPEARS ADEQUATE
ResNet18_CIFAR10_Training,middle,updates,fc.weight,-0.006300926208496,0.0055838972330093,0.006300926208496,5.7741999626159675e-08,0.0,2.3283064365386963e-10,109122.0645161274,True,RANGE ADEQUATE,True,RANGE ADEQUATE,True,RANGE ADEQUATE,4.961359219288189e-05,4.961359219288189e-05,2.4806796096440945e-05,True,SMALL VALUES MAY BE LOST,1.9229487620154423e-07,1.9229487620154423e-07,9.614743810077211e-08,True,SMALL VALUES MAY BE LOST
ResNet18_CIFAR10_Training,middle,updates,layer1.0.bn1.bias,-0.0016174688935279,0.0025553256273269,0.0025553256273269,1.4685094356536864e-05,0.0,2.60770320892334e-08,174.0081177067434,True,RANGE ADEQUATE,True,RANGE ADEQUATE,True,RANGE ADEQUATE,2.012067423092047e-05,2.012067423092047e-05,1.0060337115460235e-05,False,RANGE/STEP APPEARS ADEQUATE,7.798472937183446e-08,7.798472937183446e-08,3.899236468591723e-08,False,RANGE/STEP APPEARS ADEQUATE
ResNet18_CIFAR10_Training,middle,updates,layer1.0.bn1.weight,-0.0039479136466979,0.0025407671928405,0.0039479136466979,2.683699131011963e-05,0.0,6.407499313354492e-07,147.10716268739225,True,RANGE ADEQUATE,True,RANGE ADEQUATE,True,RANGE ADEQUATE,3.1085934225967716e-05,3.1085934225967716e-05,1.5542967112983858e-05,False,RANGE/STEP APPEARS ADEQUATE,1.2048444003716848e-07,1.2048444003716848e-07,6.024222001858424e-08,False,RANGE/STEP APPEARS ADEQUATE
ResNet18_CIFAR10_Training,middle,updates,layer1.0.bn2.bias,-0.0037149488925933,0.002636045217514,0.0037149488925933,3.08845192193985e-05,0.0,9.313225746154784e-09,120.28514564863127,True,RANGE ADEQUATE,True,RANGE ADEQUATE,True,RANGE ADEQUATE,2.9251566083411813e-05,2.9251566083411813e-05,1.4625783041705907e-05,False,RANGE/STEP APPEARS ADEQUATE,1.133747029814539e-07,1.133747029814539e-07,5.668735149072695e-08,False,RANGE/STEP APPEARS ADEQUATE
ResNet18_CIFAR10_Training,middle,updates,layer1.0.bn2.weight,-0.0066768079996109,0.0077730417251586,0.0077730417251586,2.980232238769531e-07,0.0,1.5944242477416992e-06,26081.999999999694,True,RANGE ADEQUATE,True,RANGE ADEQUATE,True,RANGE ADEQUATE,6.120505295400473e-05,6.120505295400473e-05,3.0602526477002364e-05,True,SMALL VALUES MAY BE LOST,2.3722164754657432e-07,2.3722164754657432e-07,1.1861082377328716e-07,False,RANGE/STEP APPEARS ADEQUATE
ResNet18_CIFAR10_Training,middle,updates,layer1.0.conv1.weight,-0.0014288262464106,0.0013584867119789,0.0014288262464106,2.3283064365386963e-10,0.0,5.4569682106375694e-12,6136761.999999965,True,RANGE ADEQUATE,True,RANGE ADEQUATE,True,RANGE ADEQUATE,1.1250600365437796e-05,1.1250600365437796e-05,5.625300182718898e-06,True,SMALL VALUES MAY BE LOST,4.3605647340635395e-08,4.3605647340635395e-08,2.1802823670317698e-08,True,SMALL VALUES MAY BE LOST
ResNet18_CIFAR10_Training,middle,updates,layer1.0.conv2.weight,-0.0012180730700492,0.0018559321761131,0.0018559321761131,1.3969838619232178e-09,0.0,7.275957614183426e-12,1328527.9999999795,True,RANGE ADEQUATE,True,RANGE ADEQUATE,True,RANGE ADEQUATE,1.4613639181992913e-05,1.4613639181992913e-05,7.3068195909964565e-06,True,SMALL VALUES MAY BE LOST,5.664028370351573e-08,5.664028370351573e-08,2.8320141851757866e-08,True,SMALL VALUES MAY BE LOST
ResNet18_CIFAR10_Training,middle,updates,layer1.1.bn1.bias,-0.0039817988872528,0.0034211389720439,0.0039817988872528,3.0621886253356938e-06,0.0,1.2069940567016602e-06,1300.3114355231116,True,RANGE ADEQUATE,True,RANGE ADEQUATE,True,RANGE ADEQUATE,3.1352747143722833e-05,3.1352747143722833e-05,1.5676373571861417e-05,True,SMALL VALUES MAY BE LOST,1.2151856707213963e-07,1.2151856707213963e-07,6.075928353606982e-08,False,RANGE/STEP APPEARS ADEQUATE
ResNet18_CIFAR10_Training,middle,updates,layer1.1.bn1.weight,-0.0062374174594879,0.0045703947544097,0.0062374174594879,8.337199687957764e-05,0.0,1.1920928955078125e-07,74.81429848078623,True,RANGE ADEQUATE,True,RANGE ADEQUATE,True,RANGE ADEQUATE,4.9113523303054334e-05,4.9113523303054334e-05,2.4556761651527167e-05,False,RANGE/STEP APPEARS ADEQUATE,1.903566838431318e-07,1.903566838431318e-07,9.51783419215659e-08,False,RANGE/STEP APPEARS ADEQUATE
ResNet18_CIFAR10_Training,middle,updates,layer1.1.bn2.bias,-0.0042661428451538,0.00250706076622,0.0042661428451538,6.274878978729248e-05,0.0,7.301568984985352e-07,67.98765138921857,True,RANGE ADEQUATE,True,RANGE ADEQUATE,True,RANGE ADEQUATE,3.359167594609291e-05,3.359167594609291e-05,1.6795837973046456e-05,False,RANGE/STEP APPEARS ADEQUATE,1.3019632084578387e-07,1.3019632084578387e-07,6.509816042289194e-08,False,RANGE/STEP APPEARS ADEQUATE
ResNet18_CIFAR10_Training,middle,updates,layer1.1.bn2.weight,-0.0107091069221496,0.0090467631816864,0.0107091069221496,1.0967254638671877e-05,0.0,2.980232238769531e-07,976.4619565217336,True,RANGE ADEQUATE,True,RANGE ADEQUATE,True,RANGE ADEQUATE,8.432367655235904e-05,8.432367655235904e-05,4.216183827617952e-05,True,SMALL VALUES MAY BE LOST,3.2682598108308965e-07,3.2682598108308965e-07,1.6341299054154482e-07,False,RANGE/STEP APPEARS ADEQUATE
ResNet18_CIFAR10_Training,middle,updates,layer1.1.conv1.weight,-0.001738503575325,0.0019063577055931,0.0019063577055931,2.7939677238464355e-09,0.0,2.9103830456733704e-11,682311.9999999967,True,RANGE ADEQUATE,True,RANGE ADEQUATE,True,RANGE ADEQUATE,1.501069059522126e-05,1.501069059522126e-05,7.50534529761063e-06,True,SMALL VALUES MAY BE LOST,5.817919570278329e-08,5.817919570278329e-08,2.9089597851391645e-08,True,SMALL VALUES MAY BE LOST
ResNet18_CIFAR10_Training,middle,updates,layer1.1.conv2.weight,-0.0023893564939498,0.0020480677485466,0.0023893564939498,4.6566128730773926e-09,0.0027126736111111,2.9103830456733704e-11,513110.39999998064,True,RANGE ADEQUATE,True,RANGE ADEQUATE,True,RANGE ADEQUATE,1.8813830661022047e-05,1.8813830661022047e-05,9.406915330511023e-06,True,SMALL VALUES MAY BE LOST,7.29195988021424e-08,7.29195988021424e-08,3.64597994010712e-08,True,SMALL VALUES MAY BE LOST
ResNet18_CIFAR10_Training,middle,updates,layer2.0.bn1.bias,-0.0056727603077888,0.0052017271518707,0.0056727603077888,2.086162567138672e-06,0.0,2.9802322387695312e-08,2719.2321428571195,True,RANGE ADEQUATE,True,RANGE ADEQUATE,True,RANGE ADEQUATE,4.466740399833701e-05,4.466740399833701e-05,2.2333701999168506e-05,True,SMALL VALUES MAY BE LOST,1.7312418920831325e-07,1.7312418920831325e-07,8.656209460415663e-08,False,RANGE/STEP APPEARS ADEQUATE
ResNet18_CIFAR10_Training,middle,updates,layer2.0.bn1.weight,-0.0086642205715179,0.0065237283706665,0.0086642205715179,3.933906555175781e-05,0.0,1.0132789611816406e-06,220.2446969696958,True,RANGE ADEQUATE,True,RANGE ADEQUATE,True,RANGE ADEQUATE,6.822220922455039e-05,6.822220922455039e-05,3.4111104612275195e-05,False,RANGE/STEP APPEARS ADEQUATE,2.644190976139988e-07,2.644190976139988e-07,1.322095488069994e-07,False,RANGE/STEP APPEARS ADEQUATE
ResNet18_CIFAR10_Training,middle,updates,layer2.0.bn2.bias,-0.0050959885120391,0.0062888115644454,0.0062888115644454,1.4176592230796814e-05,0.0,1.1920928955078125e-07,443.605308106681,True,RANGE ADEQUATE,True,RANGE ADEQUATE,True,RANGE ADEQUATE,4.951820129484567e-05,4.951820129484567e-05,2.4759100647422835e-05,True,SMALL VALUES MAY BE LOST,1.9192515532228767e-07,1.9192515532228767e-07,9.596257766114384e-08,False,RANGE/STEP APPEARS ADEQUATE
ResNet18_CIFAR10_Training,middle,updates,layer2.0.bn2.weight,-0.008040428161621,0.0104201436042785,0.0104201436042785,3.1948089599609375e-05,0.0,2.9802322387695312e-08,326.15858208955024,True,RANGE ADEQUATE,True,RANGE ADEQUATE,True,RANGE ADEQUATE,8.204837483683858e-05,8.204837483683858e-05,4.102418741841929e-05,True,SMALL VALUES MAY BE LOST,3.1800725132842496e-07,3.1800725132842496e-07,1.5900362566421248e-07,False,RANGE/STEP APPEARS ADEQUATE
ResNet18_CIFAR10_Training,middle,updates,layer2.0.conv1.weight,-0.0046565663069486,0.0037201568484306,0.0046565663069486,1.862645149230957e-09,0.0,7.275957614183426e-12,2499974.999999967,True,RANGE ADEQUATE,True,RANGE ADEQUATE,True,RANGE ADEQUATE,3.666587643266614e-05,3.666587643266614e-05,1.833293821633307e-05,True,SMALL VALUES MAY BE LOST,1.4211146296422012e-07,1.4211146296422012e-07,7.105573148211006e-08,True,SMALL VALUES MAY BE LOST
ResNet18_CIFAR10_Training,middle,updates,layer2.0.conv2.weight,-0.0028669610619544,0.003986433148384,0.003986433148384,2.7939677238464355e-09,0.0006781684027777,7.275957614183426e-12,1426799.9999999662,True,RANGE ADEQUATE,True,RANGE ADEQUATE,True,RANGE ADEQUATE,3.138923738885039e-05,3.138923738885039e-05,1.5694618694425196e-05,True,SMALL VALUES MAY BE LOST,1.2165999781438643e-07,1.2165999781438643e-07,6.082999890719321e-08,True,SMALL VALUES MAY BE LOST
ResNet18_CIFAR10_Training,middle,updates,layer2.0.downsample.0.weight,-0.006908455863595,0.0039655864238739,0.006908455863595,7.078051567077638e-08,0.0,4.656612873077393e-10,97603.92105263144,True,RANGE ADEQUATE,True,RANGE ADEQUATE,True,RANGE ADEQUATE,5.4397290264527564e-05,5.4397290264527564e-05,2.7198645132263782e-05,True,SMALL VALUES MAY BE LOST,2.1083577573763237e-07,2.1083577573763237e-07,1.0541788786881618e-07,True,SMALL VALUES MAY BE LOST
ResNet18_CIFAR10_Training,middle,updates,layer2.0.downsample.1.bias,-0.0050959885120391,0.0062888115644454,0.0062888115644454,1.4176592230796814e-05,0.0,1.1920928955078125e-07,443.605308106681,True,RANGE ADEQUATE,True,RANGE ADEQUATE,True,RANGE ADEQUATE,4.951820129484567e-05,4.951820129484567e-05,2.4759100647422835e-05,True,SMALL VALUES MAY BE LOST,1.9192515532228767e-07,1.9192515532228767e-07,9.596257766114384e-08,False,RANGE/STEP APPEARS ADEQUATE
ResNet18_CIFAR10_Training,middle,updates,layer2.0.downsample.1.weight,-0.0099188983440399,0.0062717199325561,0.0099188983440399,2.2023916244506836e-05,0.0,1.4901161193847656e-07,450.36941813261086,True,RANGE ADEQUATE,True,RANGE ADEQUATE,True,RANGE ADEQUATE,7.81015617640937e-05,7.81015617640937e-05,3.905078088204685e-05,True,SMALL VALUES MAY BE LOST,3.0270999310403456e-07,3.0270999310403456e-07,1.5135499655201728e-07,False,RANGE/STEP APPEARS ADEQUATE
ResNet18_CIFAR10_Training,middle,updates,layer2.1.bn1.bias,-0.0043533742427825,0.0039544850587844,0.0043533742427825,1.8194317817687988e-05,0.0,4.470348358154297e-07,239.27108927108418,True,RANGE ADEQUATE,True,RANGE ADEQUATE,True,RANGE ADEQUATE,3.427853734474409e-05,3.427853734474409e-05,1.7139268672372046e-05,False,RANGE/STEP APPEARS ADEQUATE,1.3285849308091984e-07,1.3285849308091984e-07,6.642924654045992e-08,False,RANGE/STEP APPEARS ADEQUATE
ResNet18_CIFAR10_Training,middle,updates,layer2.1.bn1.weight,-0.0054888725280761,0.0063811242580413,0.0063811242580413,7.095932960510254e-05,0.0,3.129243850708008e-07,89.92650146996945,True,RANGE ADEQUATE,True,RANGE ADEQUATE,True,RANGE ADEQUATE,5.024507289796299e-05,5.024507289796299e-05,2.5122536448981497e-05,False,RANGE/STEP APPEARS ADEQUATE,1.9474240113654897e-07,1.9474240113654897e-07,9.737120056827449e-08,False,RANGE/STEP APPEARS ADEQUATE
ResNet18_CIFAR10_Training,middle,updates,layer2.1.bn2.bias,-0.0053282380104064,0.0053341835737228,0.0053341835737228,1.5228986740112305e-05,0.0,1.1920928955078125e-06,350.26516634050625,True,RANGE ADEQUATE,True,RANGE ADEQUATE,True,RANGE ADEQUATE,4.200144546238425e-05,4.200144546238425e-05,2.1000722731192126e-05,True,SMALL VALUES MAY BE LOST,1.6279133194136785e-07,1.6279133194136785e-07,8.139566597068393e-08,False,RANGE/STEP APPEARS ADEQUATE
ResNet18_CIFAR10_Training,middle,updates,layer2.1.bn2.weight,-0.0067957937717437,0.0093216001987457,0.0093216001987457,5.900859832763672e-06,0.0,5.21540641784668e-08,1579.7020202020155,True,RANGE ADEQUATE,True,RANGE ADEQUATE,True,RANGE ADEQUATE,7.339842676177717e-05,7.339842676177717e-05,3.669921338088858e-05,True,SMALL VALUES MAY BE LOST,2.8448134399687796e-07,2.8448134399687796e-07,1.4224067199843898e-07,False,RANGE/STEP APPEARS ADEQUATE
ResNet18_CIFAR10_Training,middle,updates,layer2.1.conv1.weight,-0.002116423100233,0.0018280521035194,0.002116423100233,1.862645149230957e-09,0.0013563368055555,1.4551915228366852e-11,1136245.999999958,True,RANGE ADEQUATE,True,RANGE ADEQUATE,True,RANGE ADEQUATE,1.6664748820732284e-05,1.6664748820732284e-05,8.332374410366142e-06,True,SMALL VALUES MAY BE LOST,6.459007843968017e-08,6.459007843968017e-08,3.2295039219840084e-08,True,SMALL VALUES MAY BE LOST
ResNet18_CIFAR10_Training,middle,updates,layer2.1.conv2.weight,-0.0019941898062825,0.0021573677659034,0.0021573677659034,1.862645149230957e-09,0.0006781684027777,7.275957614183426e-12,1158227.999999961,True,RANGE ADEQUATE,True,RANGE ADEQUATE,True,RANGE ADEQUATE,1.6987147763018897e-05,1.6987147763018897e-05,8.493573881509449e-06,True,SMALL VALUES MAY BE LOST,6.58396486069338e-08,6.58396486069338e-08,3.29198243034669e-08,True,SMALL VALUES MAY BE LOST
ResNet18_CIFAR10_Training,middle,updates,layer3.0.bn1.bias,-0.0054245293140411,0.0059905797243118,0.0059905797243118,7.4803829193115234e-06,0.0,2.384185791015625e-07,800.8386454183228,True,RANGE ADEQUATE,True,RANGE ADEQUATE,True,RANGE ADEQUATE,4.716991908906929e-05,4.716991908906929e-05,2.3584959544534646e-05,True,SMALL VALUES MAY BE LOST,1.828235640831263e-07,1.828235640831263e-07,9.141178204156315e-08,False,RANGE/STEP APPEARS ADEQUATE
ResNet18_CIFAR10_Training,middle,updates,layer3.0.bn1.weight,-0.0084791481494903,0.0079665780067443,0.0084791481494903,6.645917892456055e-06,0.0,1.1920928955078125e-07,1275.8430493273456,True,RANGE ADEQUATE,True,RANGE ADEQUATE,True,RANGE ADEQUATE,6.676494605897873e-05,6.676494605897873e-05,3.3382473029489364e-05,True,SMALL VALUES MAY BE LOST,2.5877096314860376e-07,2.5877096314860376e-07,1.2938548157430188e-07,False,RANGE/STEP APPEARS ADEQUATE
ResNet18_CIFAR10_Training,middle,updates,layer3.0.bn2.bias,-0.0037696044892072,0.0021146312355995,0.0037696044892072,1.150183379650116e-07,0.0,1.4901161193847656e-08,32773.94331983747,True,RANGE ADEQUATE,True,RANGE ADEQUATE,True,RANGE ADEQUATE,2.968192511186772e-05,2.968192511186772e-05,1.484096255593386e-05,True,SMALL VALUES MAY BE LOST,1.1504271032463149e-07,1.1504271032463149e-07,5.7521355162315746e-08,False,RANGE/STEP APPEARS ADEQUATE
ResNet18_CIFAR10_Training,middle,updates,layer3.0.bn2.weight,-0.0053419172763824,0.003879576921463,0.0053419172763824,1.3574957847595217e-05,0.0,7.450580596923828e-08,393.51262349066616,True,RANGE ADEQUATE,True,RANGE ADEQUATE,True,RANGE ADEQUATE,4.206234075891654e-05,4.206234075891654e-05,2.103117037945827e-05,True,SMALL VALUES MAY BE LOST,1.630273530192694e-07,1.630273530192694e-07,8.15136765096347e-08,False,RANGE/STEP APPEARS ADEQUATE
ResNet18_CIFAR10_Training,middle,updates,layer3.0.conv1.weight,-0.0029767882078886,0.0029942989349365,0.0029942989349365,9.313225746154783e-10,0.0003390842013888,7.275957614183426e-12,3215103.999999976,True,RANGE ADEQUATE,True,RANGE ADEQUATE,True,RANGE ADEQUATE,2.3577156968003938e-05,2.3577156968003938e-05,1.1788578484001969e-05,True,SMALL VALUES MAY BE LOST,9.138154041982787e-08,9.138154041982787e-08,4.5690770209913937e-08,True,SMALL VALUES MAY BE LOST
ResNet18_CIFAR10_Training,middle,updates,layer3.0.conv2.weight,-0.002798393368721,0.0029152929782867,0.0029152929782867,2.3283064365386963e-10,0.0003390842013888,9.094947017729282e-13,12521087.999999814,True,RANGE ADEQUATE,True,RANGE ADEQUATE,True,RANGE ADEQUATE,2.2955062821155118e-05,2.2955062821155118e-05,1.1477531410577559e-05,True,SMALL VALUES MAY BE LOST,8.897039638315072e-08,8.897039638315072e-08,4.448519819157536e-08,True,SMALL VALUES MAY BE LOST
ResNet18_CIFAR10_Training,middle,updates,layer3.0.downsample.0.weight,-0.0019486881792545,0.002080594189465,0.002080594189465,9.313225746154783e-10,0.0030517578125,2.9103830456733704e-11,2234020.999999951,True,RANGE ADEQUATE,True,RANGE ADEQUATE,True,RANGE ADEQUATE,1.6382631413110236e-05,1.6382631413110236e-05,8.191315706555118e-06,True,SMALL VALUES MAY BE LOST,6.34966334868923e-08,6.34966334868923e-08,3.174831674344615e-08,True,SMALL VALUES MAY BE LOST
ResNet18_CIFAR10_Training,middle,updates,layer3.0.downsample.1.bias,-0.0037696044892072,0.0021146312355995,0.0037696044892072,1.150183379650116e-07,0.0,1.4901161193847656e-08,32773.94331983747,True,RANGE ADEQUATE,True,RANGE ADEQUATE,True,RANGE ADEQUATE,2.968192511186772e-05,2.968192511186772e-05,1.484096255593386e-05,True,SMALL VALUES MAY BE LOST,1.1504271032463149e-07,1.1504271032463149e-07,5.7521355162315746e-08,False,RANGE/STEP APPEARS ADEQUATE
ResNet18_CIFAR10_Training,middle,updates,layer3.0.downsample.1.weight,-0.0032426305115222,0.0061578094027936,0.0061578094027936,4.947185516357422e-06,0.0,7.450580596923828e-08,1244.7096197289063,True,RANGE ADEQUATE,True,RANGE ADEQUATE,True,RANGE ADEQUATE,4.8486688210973225e-05,4.8486688210973225e-05,2.4243344105486613e-05,True,SMALL VALUES MAY BE LOST,1.8792716461054108e-07,1.8792716461054108e-07,9.396358230527054e-08,False,RANGE/STEP APPEARS ADEQUATE
ResNet18_CIFAR10_Training,middle,updates,layer3.1.bn1.bias,-0.0004352717660367,0.0004354482516646,0.0004354482516646,9.378418326377868e-07,0.0,5.587935447692871e-09,464.30883813302745,True,RANGE ADEQUATE,True,RANGE ADEQUATE,True,RANGE ADEQUATE,3.4287263910598425e-06,3.4287263910598425e-06,1.7143631955299212e-06,True,SMALL VALUES MAY BE LOST,1.3289231594732504e-08,1.3289231594732504e-08,6.644615797366252e-09,False,RANGE/STEP APPEARS ADEQUATE
ResNet18_CIFAR10_Training,middle,updates,layer3.1.bn1.weight,-0.0003863871097564,0.0004234947264194,0.0004234947264194,1.9744038581848145e-07,0.0,3.725290298461914e-09,2144.9245283016394,True,RANGE ADEQUATE,True,RANGE ADEQUATE,True,RANGE ADEQUATE,3.3346041450346457e-06,3.3346041450346457e-06,1.6673020725173228e-06,True,SMALL VALUES MAY BE LOST,1.2924427821265298e-08,1.2924427821265298e-08,6.462213910632649e-09,False,RANGE/STEP APPEARS ADEQUATE
ResNet18_CIFAR10_Training,middle,updates,layer3.1.bn2.bias,-0.0017380313947796,0.0014828741550445,0.0017380313947796,8.270144462585449e-07,0.0,2.7939677238464355e-09,2101.573198198099,True,RANGE ADEQUATE,True,RANGE ADEQUATE,True,RANGE ADEQUATE,1.3685286573067716e-05,1.3685286573067716e-05,6.842643286533858e-06,True,SMALL VALUES MAY BE LOST,5.304212759116184e-08,5.304212759116184e-08,2.652106379558092e-08,False,RANGE/STEP APPEARS ADEQUATE
ResNet18_CIFAR10_Training,middle,updates,layer3.1.bn2.weight,-0.0020807050168514,0.0024779438972473,0.0024779438972473,1.2228265404701233e-06,0.0,2.421438694000244e-08,2026.4067022086706,True,RANGE ADEQUATE,True,RANGE ADEQUATE,True,RANGE ADEQUATE,1.951136926966378e-05,1.951136926966378e-05,9.75568463483189e-06,True,SMALL VALUES MAY BE LOST,7.562315430913114e-08,7.562315430913114e-08,3.781157715456557e-08,False,RANGE/STEP APPEARS ADEQUATE
ResNet18_CIFAR10_Training,middle,updates,layer3.1.conv1.weight,-0.000415370799601,0.0001891303691081,0.000415370799601,5.820766091346741e-11,0.0008477105034722,2.273736754432321e-13,7136015.99999866,True,RANGE ADEQUATE,True,RANGE ADEQUATE,True,RANGE ADEQUATE,3.270636217330709e-06,3.270636217330709e-06,1.6353181086653544e-06,True,SMALL VALUES MAY BE LOST,1.267649768367565e-08,1.267649768367565e-08,6.338248841837825e-09,True,SMALL VALUES MAY BE LOST
ResNet18_CIFAR10_Training,middle,updates,layer3.1.conv2.weight,-0.0002559907734394,0.0002373857423663,0.0002559907734394,2.7057467377744615e-11,0.0016954210069444,1.1368683772161605e-13,9461002.756302249,True,RANGE ADEQUATE,True,RANGE ADEQUATE,True,RANGE ADEQUATE,2.015675381412598e-06,2.015675381412598e-06,1.007837690706299e-06,True,SMALL VALUES MAY BE LOST,7.812456844978178e-09,7.812456844978178e-09,3.906228422489089e-09,True,SMALL VALUES MAY BE LOST
ResNet18_CIFAR10_Training,middle,updates,layer4.0.bn1.bias,-0.0019943565130233,0.002809103578329,0.002809103578329,4.470348358154297e-07,0.0,1.862645149230957e-09,6283.85833333314,True,RANGE ADEQUATE,True,RANGE ADEQUATE,True,RANGE ADEQUATE,2.2118925813614175e-05,2.2118925813614175e-05,1.1059462906807087e-05,True,SMALL VALUES MAY BE LOST,8.57296541742912e-08,8.57296541742912e-08,4.28648270871456e-08,False,RANGE/STEP APPEARS ADEQUATE
ResNet18_CIFAR10_Training,middle,updates,layer4.0.bn1.weight,-0.0028072148561477,0.0030830949544906,0.0030830949544906,1.9073486328125e-06,0.0,1.4901161193847656e-08,1616.4296874999677,True,RANGE ADEQUATE,True,RANGE ADEQUATE,True,RANGE ADEQUATE,2.4276338224335433e-05,2.4276338224335433e-05,1.2138169112167717e-05,True,SMALL VALUES MAY BE LOST,9.409146258402051e-08,9.409146258402051e-08,4.7045731292010254e-08,False,RANGE/STEP APPEARS ADEQUATE
ResNet18_CIFAR10_Training,middle,updates,layer4.0.bn2.bias,-0.0039866087026894,0.0037483572959899,0.0039866087026894,4.936009645462036e-07,0.0,3.725290298461914e-09,8076.582075471679,True,RANGE ADEQUATE,True,RANGE ADEQUATE,True,RANGE ADEQUATE,3.139061970621575e-05,3.139061970621575e-05,1.5695309853107874e-05,True,SMALL VALUES MAY BE LOST,1.2166535547011932e-07,1.2166535547011932e-07,6.083267773505966e-08,False,RANGE/STEP APPEARS ADEQUATE
ResNet18_CIFAR10_Training,middle,updates,layer4.0.bn2.weight,-0.0054056048393249,0.004836618900299,0.0054056048393249,2.905726432800293e-07,0.0,1.1175870895385742e-08,18603.282051281876,True,RANGE ADEQUATE,True,RANGE ADEQUATE,True,RANGE ADEQUATE,4.256381763247953e-05,4.256381763247953e-05,2.1281908816239765e-05,True,SMALL VALUES MAY BE LOST,1.6497100251243324e-07,1.6497100251243324e-07,8.248550125621662e-08,False,RANGE/STEP APPEARS ADEQUATE
ResNet18_CIFAR10_Training,middle,updates,layer4.0.conv1.weight,-0.0015140743926167,0.0013139508664608,0.0015140743926167,3.2365221613872563e-12,8.477105034722222e-05,7.105427357601002e-15,467809060.8122791,True,RANGE ADEQUATE,True,RANGE ADEQUATE,True,RANGE ADEQUATE,1.1921845611155118e-05,1.1921845611155118e-05,5.960922805577559e-06,True,SMALL VALUES MAY BE LOST,4.620729369843745e-08,4.620729369843745e-08,2.3103646849218725e-08,True,SMALL VALUES MAY BE LOST
ResNet18_CIFAR10_Training,middle,updates,layer4.0.conv2.weight,-0.0011544544249773,0.0010554119944572,0.0011544544249773,6.671330154972567e-13,0.0,3.552713678800501e-15,1730471132.6823058,True,RANGE ADEQUATE,True,RANGE ADEQUATE,True,RANGE ADEQUATE,9.090192322655905e-06,9.090192322655905e-06,4.545096161327952e-06,True,SMALL VALUES MAY BE LOST,3.5232228308276616e-08,3.5232228308276616e-08,1.7616114154138308e-08,True,SMALL VALUES MAY BE LOST
ResNet18_CIFAR10_Training,middle,updates,layer4.0.downsample.0.weight,-0.0019788481295108,0.0018808059394359,0.0019788481295108,4.656612873077393e-10,0.0,1.8189894035458565e-12,4249543.99999983,True,RANGE ADEQUATE,True,RANGE ADEQUATE,True,RANGE ADEQUATE,1.5581481334730708e-05,1.5581481334730708e-05,7.790740667365354e-06,True,SMALL VALUES MAY BE LOST,6.039149539203468e-08,6.039149539203468e-08,3.019574769601734e-08,True,SMALL VALUES MAY BE LOST
ResNet18_CIFAR10_Training,middle,updates,layer4.0.downsample.1.bias,-0.0039866087026894,0.0037483572959899,0.0039866087026894,4.936009645462036e-07,0.0,3.725290298461914e-09,8076.582075471679,True,RANGE ADEQUATE,True,RANGE ADEQUATE,True,RANGE ADEQUATE,3.139061970621575e-05,3.139061970621575e-05,1.5695309853107874e-05,True,SMALL VALUES MAY BE LOST,1.2166535547011932e-07,1.2166535547011932e-07,6.083267773505966e-08,False,RANGE/STEP APPEARS ADEQUATE
ResNet18_CIFAR10_Training,middle,updates,layer4.0.downsample.1.weight,-0.0045185387134552,0.0028675198554992,0.0045185387134552,8.195638656616212e-08,0.0,3.725290298461914e-09,55133.45454545454,True,RANGE ADEQUATE,True,RANGE ADEQUATE,True,RANGE ADEQUATE,3.557904498783622e-05,3.557904498783622e-05,1.778952249391811e-05,True,SMALL VALUES MAY BE LOST,1.378990665442427e-07,1.378990665442427e-07,6.894953327212134e-08,False,RANGE/STEP APPEARS ADEQUATE
ResNet18_CIFAR10_Training,middle,updates,layer4.1.bn1.bias,-0.0001585870049893,0.0001475232420489,0.0001585870049893,2.9802322387695312e-08,0.0,4.656612873077393e-10,5321.296874997128,True,RANGE ADEQUATE,True,RANGE ADEQUATE,True,RANGE ADEQUATE,1.2487165747188976e-06,1.2487165747188976e-06,6.243582873594488e-07,True,SMALL VALUES MAY BE LOST,4.839839014535966e-09,4.839839014535966e-09,2.419919507267983e-09,False,RANGE/STEP APPEARS ADEQUATE
ResNet18_CIFAR10_Training,middle,updates,layer4.1.bn1.weight,-0.000200904905796,8.140504360198975e-05,0.000200904905796,7.450580596923828e-08,0.0,3.725290298461914e-09,2696.499999999315,True,RANGE ADEQUATE,True,RANGE ADEQUATE,True,RANGE ADEQUATE,1.5819283920944881e-06,1.5819283920944881e-06,7.909641960472441e-07,True,SMALL VALUES MAY BE LOST,6.131318271309549e-09,6.131318271309549e-09,3.0656591356547746e-09,False,RANGE/STEP APPEARS ADEQUATE
ResNet18_CIFAR10_Training,middle,updates,layer4.1.bn2.bias,-0.0039445310831069,0.0036197211593389,0.0039445310831069,2.644956111907959e-07,0.0,5.587935447692871e-09,14913.408450703868,True,RANGE ADEQUATE,True,RANGE ADEQUATE,True,RANGE ADEQUATE,3.1059299866983466e-05,3.1059299866983466e-05,1.5529649933491733e-05,True,SMALL VALUES MAY BE LOST,1.203812092381634e-07,1.203812092381634e-07,6.01906046190817e-08,False,RANGE/STEP APPEARS ADEQUATE
ResNet18_CIFAR10_Training,middle,updates,layer4.1.bn2.weight,-0.0019337693229317,0.0030558097641915,0.0030558097641915,2.9243528842926025e-07,0.0,6.984919309616089e-09,10449.524681528634,True,RANGE ADEQUATE,True,RANGE ADEQUATE,True,RANGE ADEQUATE,2.4061494206232286e-05,2.4061494206232286e-05,1.2030747103116143e-05,True,SMALL VALUES MAY BE LOST,9.325875924532304e-08,9.325875924532304e-08,4.662937962266152e-08,False,RANGE/STEP APPEARS ADEQUATE
ResNet18_CIFAR10_Training,middle,updates,layer4.1.conv1.weight,-0.0001463936641812,0.000162802170962,0.000162802170962,7.466249840604179e-14,0.0002543131510416,1.7763568394002505e-15,2180507944.920657,True,RANGE ADEQUATE,True,RANGE ADEQUATE,True,RANGE ADEQUATE,1.281906857968504e-06,1.281906857968504e-06,6.40953428984252e-07,True,SMALL VALUES MAY BE LOST,4.968479597216713e-09,4.968479597216713e-09,2.4842397986083563e-09,True,SMALL VALUES MAY BE LOST
ResNet18_CIFAR10_Training,middle,updates,layer4.1.conv2.weight,-0.0001440313644707,0.000121546909213,0.0001440313644707,2.0664026045835729e-13,8.477105034722222e-05,7.105427357601002e-15,697015016.1019835,True,RANGE ADEQUATE,True,RANGE ADEQUATE,True,RANGE ADEQUATE,1.1341052320527558e-06,1.1341052320527558e-06,5.670526160263779e-07,True,SMALL VALUES MAY BE LOST,4.395622561439863e-09,4.395622561439863e-09,2.1978112807199315e-09,True,SMALL VALUES MAY BE LOST
ResNet18_CIFAR10_Training,middle,weights,bn1.weight,0.0073736011981964,1.2750487327575684,1.2750487327575684,0.0073736011981964,0.0,0.0001485347747802,172.9207613058119,True,RANGE ADEQUATE,True,RANGE ADEQUATE,True,RANGE ADEQUATE,0.010039753801240696,0.010039753801240696,0.005019876900620348,False,RANGE/STEP APPEARS ADEQUATE,3.891258683302006e-05,3.891258683302006e-05,1.945629341651003e-05,False,RANGE/STEP APPEARS ADEQUATE
ResNet18_CIFAR10_Training,middle,weights,conv1.weight,-1.0289655923843384,0.864453911781311,1.0289655923843384,2.073520590784028e-05,0.0,1.862645149230957e-09,49624.08364583791,True,RANGE ADEQUATE,True,RANGE ADEQUATE,True,RANGE ADEQUATE,0.008102091278616838,0.008102091278616838,0.004051045639308419,True,SMALL VALUES MAY BE LOST,3.1402496181656494e-05,3.1402496181656494e-05,1.5701248090828247e-05,False,RANGE/STEP APPEARS ADEQUATE
ResNet18_CIFAR10_Training,middle,weights,fc.weight,-0.3902992308139801,0.5684444904327393,0.5684444904327393,2.0681036403402686e-06,0.0,2.60770320892334e-08,274862.67097291705,True,RANGE ADEQUATE,True,RANGE ADEQUATE,True,RANGE ADEQUATE,0.004475940869549128,0.004475940869549128,0.002237970434774564,True,SMALL VALUES MAY BE LOST,1.734807856784995e-05,1.734807856784995e-05,8.674039283924975e-06,True,SMALL VALUES MAY BE LOST
ResNet18_CIFAR10_Training,middle,weights,layer1.0.bn1.weight,0.0862696319818496,0.4683554470539093,0.4683554470539093,0.0862696319818496,0.0,4.5433640480041504e-05,5.428972354402153,True,RANGE ADEQUATE,True,RANGE ADEQUATE,True,RANGE ADEQUATE,0.0036878381657788136,0.0036878381657788136,0.0018439190828894068,False,RANGE/STEP APPEARS ADEQUATE,1.4293510149049632e-05,1.4293510149049632e-05,7.146755074524816e-06,False,RANGE/STEP APPEARS ADEQUATE
ResNet18_CIFAR10_Training,middle,weights,layer1.0.bn2.weight,-0.2501881718635559,0.4542282521724701,0.4542282521724701,0.0042992569506168,0.0,7.446110248565674e-05,105.65273427244293,True,RANGE ADEQUATE,True,RANGE ADEQUATE,True,RANGE ADEQUATE,0.0035766004108068513,0.0035766004108068513,0.0017883002054034257,False,RANGE/STEP APPEARS ADEQUATE,1.386236921819117e-05,1.386236921819117e-05,6.931184609095585e-06,False,RANGE/STEP APPEARS ADEQUATE
ResNet18_CIFAR10_Training,middle,weights,layer1.0.conv1.weight,-0.2933068573474884,0.1518110036849975,0.2933068573474884,1.5538535080850124e-07,0.0,2.3283064365386963e-10,1887609.4549541113,True,RANGE ADEQUATE,True,RANGE ADEQUATE,True,RANGE ADEQUATE,0.002309502813759751,0.002309502813759751,0.0011547514068798756,True,SMALL VALUES MAY BE LOST,8.951288105334282e-06,8.951288105334282e-06,4.475644052667141e-06,True,SMALL VALUES MAY BE LOST
ResNet18_CIFAR10_Training,middle,weights,layer1.0.conv2.weight,-0.2103671133518219,0.1822231262922287,0.2103671133518219,2.456508809700608e-07,0.0,2.3283064365386963e-10,856366.207689118,True,RANGE ADEQUATE,True,RANGE ADEQUATE,True,RANGE ADEQUATE,0.0016564339634001725,0.0016564339634001725,0.0008282169817000862,True,SMALL VALUES MAY BE LOST,6.420090742265752e-06,6.420090742265752e-06,3.210045371132876e-06,True,SMALL VALUES MAY BE LOST
ResNet18_CIFAR10_Training,middle,weights,layer1.1.bn1.weight,0.1425939053297042,0.6151822209358215,0.6151822209358215,0.1425939053297042,0.0,8.478760719299316e-05,4.314225208387437,True,RANGE ADEQUATE,True,RANGE ADEQUATE,True,RANGE ADEQUATE,0.00484395449555765,0.00484395449555765,0.002421977247778825,False,RANGE/STEP APPEARS ADEQUATE,1.8774444439094868e-05,1.8774444439094868e-05,9.387222219547434e-06,False,RANGE/STEP APPEARS ADEQUATE
ResNet18_CIFAR10_Training,middle,weights,layer1.1.bn2.weight,-0.1008375659584999,0.3976208567619324,0.3976208567619324,0.0382259152829647,0.0,0.0001046657562255,10.401866216114682,True,RANGE ADEQUATE,True,RANGE ADEQUATE,True,RANGE ADEQUATE,0.003130872887889231,0.003130872887889231,0.0015654364439446156,False,RANGE/STEP APPEARS ADEQUATE,1.2134795884943156e-05,1.2134795884943156e-05,6.067397942471578e-06,False,RANGE/STEP APPEARS ADEQUATE
ResNet18_CIFAR10_Training,middle,weights,layer1.1.conv1.weight,-0.3802288770675659,0.3357628881931305,0.3802288770675659,3.698041837196797e-07,0.0,1.3096723705530167e-10,1028189.7658458845,True,RANGE ADEQUATE,True,RANGE ADEQUATE,True,RANGE ADEQUATE,0.0029939281658863458,0.0029939281658863458,0.0014969640829431729,True,SMALL VALUES MAY BE LOST,1.1604018587834283e-05,1.1604018587834283e-05,5.802009293917141e-06,True,SMALL VALUES MAY BE LOST
ResNet18_CIFAR10_Training,middle,weights,layer1.1.conv2.weight,-0.2673268914222717,0.2097271233797073,0.2673268914222717,2.5617591745685786e-06,0.0,2.3283064365386963e-10,104352.85801886188,True,RANGE ADEQUATE,True,RANGE ADEQUATE,True,RANGE ADEQUATE,0.002104936152931273,0.002104936152931273,0.0010524680764656365,True,SMALL VALUES MAY BE LOST,8.15841826905947e-06,8.15841826905947e-06,4.079209134529735e-06,True,SMALL VALUES MAY BE LOST
ResNet18_CIFAR10_Training,middle,weights,layer2.0.bn1.weight,0.1699715405702591,0.7055888175964355,0.7055888175964355,0.1699715405702591,0.0,1.6808509826660156e-05,4.151217405155982,True,RANGE ADEQUATE,True,RANGE ADEQUATE,True,RANGE ADEQUATE,0.005555817461389256,0.005555817461389256,0.002777908730694628,False,RANGE/STEP APPEARS ADEQUATE,2.1533519015974474e-05,2.1533519015974474e-05,1.0766759507987237e-05,False,RANGE/STEP APPEARS ADEQUATE
ResNet18_CIFAR10_Training,middle,weights,layer2.0.bn2.weight,0.1203515157103538,0.7430018186569214,0.7430018186569214,0.1203515157103538,0.0,9.41753387451172e-06,6.173597517833348,True,RANGE ADEQUATE,True,RANGE ADEQUATE,True,RANGE ADEQUATE,0.005850408020920641,0.005850408020920641,0.0029252040104603204,False,RANGE/STEP APPEARS ADEQUATE,2.2675308043364402e-05,2.2675308043364402e-05,1.1337654021682201e-05,False,RANGE/STEP APPEARS ADEQUATE
ResNet18_CIFAR10_Training,middle,weights,layer2.0.conv1.weight,-0.3797297477722168,0.4856701195240021,0.4856701195240021,9.487848728895187e-09,0.0,5.820766091346741e-11,51188644.90797546,True,RANGE ADEQUATE,True,RANGE ADEQUATE,True,RANGE ADEQUATE,0.0038241741694803313,0.0038241741694803313,0.0019120870847401657,True,SMALL VALUES MAY BE LOST,1.4821928144901946e-05,1.4821928144901946e-05,7.410964072450973e-06,True,SMALL VALUES MAY BE LOST
ResNet18_CIFAR10_Training,middle,weights,layer2.0.conv2.weight,-0.2640253007411957,0.3754797875881195,0.3754797875881195,2.735760062932968e-09,0.0,2.3283064365386963e-10,137248800.68085107,True,RANGE ADEQUATE,True,RANGE ADEQUATE,True,RANGE ADEQUATE,0.0029565337605363742,0.0029565337605363742,0.0014782668802681871,True,SMALL VALUES MAY BE LOST,1.1459083455553439e-05,1.1459083455553439e-05,5.729541727776719e-06,True,SMALL VALUES MAY BE LOST
ResNet18_CIFAR10_Training,middle,weights,layer2.0.downsample.0.weight,-0.4943161010742187,0.5181471109390259,0.5181471109390259,3.042677417397499e-05,0.0,6.05359673500061e-09,17029.314641649195,True,RANGE ADEQUATE,True,RANGE ADEQUATE,True,RANGE ADEQUATE,0.004079898511330913,0.004079898511330913,0.0020399492556654564,True,SMALL VALUES MAY BE LOST,1.581307751515323e-05,1.581307751515323e-05,7.906538757576615e-06,False,RANGE/STEP APPEARS ADEQUATE
ResNet18_CIFAR10_Training,middle,weights,layer2.0.downsample.1.weight,0.0751713365316391,0.8928140997886658,0.8928140997886658,0.0751713365316391,0.0,8.285045623779297e-06,11.877055018343148,True,RANGE ADEQUATE,True,RANGE ADEQUATE,True,RANGE ADEQUATE,0.007030032281800518,0.007030032281800518,0.003515016140900259,False,RANGE/STEP APPEARS ADEQUATE,2.72473555647043e-05,2.72473555647043e-05,1.362367778235215e-05,False,RANGE/STEP APPEARS ADEQUATE
ResNet18_CIFAR10_Training,middle,weights,layer2.1.bn1.weight,0.0641659945249557,0.4924207627773285,0.4924207627773285,0.0641659945249557,0.0,3.933906555175781e-06,7.674170195956586,True,RANGE ADEQUATE,True,RANGE ADEQUATE,True,RANGE ADEQUATE,0.003877328840766366,0.003877328840766366,0.001938664420383183,False,RANGE/STEP APPEARS ADEQUATE,1.5027947714997666e-05,1.5027947714997666e-05,7.513973857498833e-06,False,RANGE/STEP APPEARS ADEQUATE
ResNet18_CIFAR10_Training,middle,weights,layer2.1.bn2.weight,-0.0052680196240544,0.3598751723766327,0.3598751723766327,0.0007749306969344,0.0,3.838539123535156e-05,464.3965890114908,True,RANGE ADEQUATE,True,RANGE ADEQUATE,True,RANGE ADEQUATE,0.002833662774619155,0.002833662774619155,0.0014168313873095775,True,SMALL VALUES MAY BE LOST,1.0982853858352388e-05,1.0982853858352388e-05,5.491426929176194e-06,False,RANGE/STEP APPEARS ADEQUATE
ResNet18_CIFAR10_Training,middle,weights,layer2.1.conv1.weight,-0.1951920390129089,0.2511105835437774,0.2511105835437774,1.442240318283439e-07,0.0,4.365574568510055e-11,1741114.7113308439,True,RANGE ADEQUATE,True,RANGE ADEQUATE,True,RANGE ADEQUATE,0.001977248689321082,0.001977248689321082,0.000988624344660541,True,SMALL VALUES MAY BE LOST,7.663520723403955e-06,7.663520723403955e-06,3.831760361701978e-06,True,SMALL VALUES MAY BE LOST
ResNet18_CIFAR10_Training,middle,weights,layer2.1.conv2.weight,-0.1781019270420074,0.2107561826705932,0.2107561826705932,1.5209661796689036e-07,0.0,5.820766091346741e-11,1385673.037887485,True,RANGE ADEQUATE,True,RANGE ADEQUATE,True,RANGE ADEQUATE,0.0016594975013432536,0.0016594975013432536,0.0008297487506716268,True,SMALL VALUES MAY BE LOST,6.431964557957494e-06,6.431964557957494e-06,3.215982278978747e-06,True,SMALL VALUES MAY BE LOST
ResNet18_CIFAR10_Training,middle,weights,layer3.0.bn1.weight,0.1447820663452148,0.5475171208381653,0.5475171208381653,0.1447820663452148,0.0,9.238719940185548e-07,3.781663949543854,True,RANGE ADEQUATE,True,RANGE ADEQUATE,True,RANGE ADEQUATE,0.004311158431796577,0.004311158431796577,0.0021555792158982883,False,RANGE/STEP APPEARS ADEQUATE,1.6709406440570248e-05,1.6709406440570248e-05,8.354703220285124e-06,False,RANGE/STEP APPEARS ADEQUATE
ResNet18_CIFAR10_Training,middle,weights,layer3.0.bn2.weight,0.0546733364462852,0.4378195106983185,0.4378195106983185,0.0546733364462852,0.0,3.0100345611572266e-06,8.00791645720144,True,RANGE ADEQUATE,True,RANGE ADEQUATE,True,RANGE ADEQUATE,0.003447397722034004,0.003447397722034004,0.001723698861017002,False,RANGE/STEP APPEARS ADEQUATE,1.3361598886023087e-05,1.3361598886023087e-05,6.680799443011544e-06,False,RANGE/STEP APPEARS ADEQUATE
ResNet18_CIFAR10_Training,middle,weights,layer3.0.conv1.weight,-0.2162544727325439,0.2980360686779022,0.2980360686779022,4.515095497481525e-07,0.0,2.9103830456733704e-11,660088.0730964467,True,RANGE ADEQUATE,True,RANGE ADEQUATE,True,RANGE ADEQUATE,0.0023467406982511986,0.0023467406982511986,0.0011733703491255993,True,SMALL VALUES MAY BE LOST,9.095616586135509e-06,9.095616586135509e-06,4.547808293067754e-06,True,SMALL VALUES MAY BE LOST
ResNet18_CIFAR10_Training,middle,weights,layer3.0.conv2.weight,-0.233010858297348,0.2429404258728027,0.2429404258728027,3.788954927586019e-09,0.0,1.8189894035458565e-12,64118056.43398943,True,RANGE ADEQUATE,True,RANGE ADEQUATE,True,RANGE ADEQUATE,0.0019129167391559268,0.0019129167391559268,0.0009564583695779634,True,SMALL VALUES MAY BE LOST,7.414179689101923e-06,7.414179689101923e-06,3.7070898445509615e-06,True,SMALL VALUES MAY BE LOST
ResNet18_CIFAR10_Training,middle,weights,layer3.0.downsample.0.weight,-0.1919686943292617,0.2259322702884674,0.2259322702884674,1.9489089027047157e-06,0.0,6.184563972055911e-10,115927.56848455887,True,RANGE ADEQUATE,True,RANGE ADEQUATE,True,RANGE ADEQUATE,0.001778994254239901,0.001778994254239901,0.0008894971271199505,True,SMALL VALUES MAY BE LOST,6.895116131732151e-06,6.895116131732151e-06,3.4475580658660756e-06,True,SMALL VALUES MAY BE LOST
ResNet18_CIFAR10_Training,middle,weights,layer3.0.downsample.1.weight,-0.0234921295195817,0.4302133917808532,0.4302133917808532,0.0016750951763242,0.0,2.637505531311035e-06,256.8292225191085,True,RANGE ADEQUATE,True,RANGE ADEQUATE,True,RANGE ADEQUATE,0.003387507021896482,0.003387507021896482,0.001693753510948241,True,SMALL VALUES MAY BE LOST,1.3129471473764861e-05,1.3129471473764861e-05,6.5647357368824305e-06,False,RANGE/STEP APPEARS ADEQUATE
ResNet18_CIFAR10_Training,middle,weights,layer3.1.bn1.weight,0.0291368290781974,0.0723391026258468,0.0723391026258468,0.0291368290781974,0.0,8.493661880493164e-07,2.4827376524639373,True,RANGE ADEQUATE,True,RANGE ADEQUATE,True,RANGE ADEQUATE,0.0005695992332743842,0.0005695992332743842,0.0002847996166371921,False,RANGE/STEP APPEARS ADEQUATE,2.2076815889720387e-06,2.2076815889720387e-06,1.1038407944860193e-06,False,RANGE/STEP APPEARS ADEQUATE
ResNet18_CIFAR10_Training,middle,weights,layer3.1.bn2.weight,-0.0260405782610178,0.1202926859259605,0.1202926859259605,0.00018849078333,0.0,1.4649704098701477e-06,638.1886891273524,True,RANGE ADEQUATE,True,RANGE ADEQUATE,True,RANGE ADEQUATE,0.0009471865033540196,0.0009471865033540196,0.0004735932516770098,True,SMALL VALUES MAY BE LOST,3.6711534753245796e-06,3.6711534753245796e-06,1.8355767376622898e-06,False,RANGE/STEP APPEARS ADEQUATE
ResNet18_CIFAR10_Training,middle,weights,layer3.1.conv1.weight,-0.0253278464078903,0.0282097160816192,0.0282097160816192,1.3777025742456317e-08,0.0,3.637978807091713e-12,2047591.1571164464,True,RANGE ADEQUATE,True,RANGE ADEQUATE,True,RANGE ADEQUATE,0.00022212374867416692,0.00022212374867416692,0.00011106187433708346,True,SMALL VALUES MAY BE LOST,8.609184875520859e-07,8.609184875520859e-07,4.3045924377604297e-07,True,SMALL VALUES MAY BE LOST
ResNet18_CIFAR10_Training,middle,weights,layer3.1.conv2.weight,-0.024125525727868,0.028357446193695,0.028357446193695,3.532477421686053e-09,0.0,1.1368683772161605e-12,8027636.926879487,True,RANGE ADEQUATE,True,RANGE ADEQUATE,True,RANGE ADEQUATE,0.00022328697790311022,0.00022328697790311022,0.00011164348895155511,True,SMALL VALUES MAY BE LOST,8.654269903773613e-07,8.654269903773613e-07,4.3271349518868065e-07,True,SMALL VALUES MAY BE LOST
ResNet18_CIFAR10_Training,middle,weights,layer4.0.bn1.weight,0.0240390170365571,0.2533392310142517,0.2533392310142517,0.0240390170365571,0.0,9.685754776000977e-08,10.538668475045737,True,RANGE ADEQUATE,True,RANGE ADEQUATE,True,RANGE ADEQUATE,0.0019947970946004073,0.0019947970946004073,0.0009973985473002037,False,RANGE/STEP APPEARS ADEQUATE,7.731535722350283e-06,7.731535722350283e-06,3.8657678611751415e-06,False,RANGE/STEP APPEARS ADEQUATE
ResNet18_CIFAR10_Training,middle,weights,layer4.0.bn2.weight,0.0161369051784276,0.5268828868865967,0.5268828868865967,0.0161369051784276,0.0,4.023313522338867e-07,32.65080144307676,True,RANGE ADEQUATE,True,RANGE ADEQUATE,True,RANGE ADEQUATE,0.00414868414871336,0.00414868414871336,0.00207434207435668,False,RANGE/STEP APPEARS ADEQUATE,1.6079680376189358e-05,1.6079680376189358e-05,8.039840188094679e-06,False,RANGE/STEP APPEARS ADEQUATE
ResNet18_CIFAR10_Training,middle,weights,layer4.0.conv1.weight,-0.0955649241805076,0.1200138702988624,0.1200138702988624,6.440958433273636e-09,0.0,9.094947017729282e-13,18632921.100511592,True,RANGE ADEQUATE,True,RANGE ADEQUATE,True,RANGE ADEQUATE,0.000944991104715452,0.000944991104715452,0.000472495552357726,True,SMALL VALUES MAY BE LOST,3.66264443796693e-06,3.66264443796693e-06,1.831322218983465e-06,True,SMALL VALUES MAY BE LOST
ResNet18_CIFAR10_Training,middle,weights,layer4.0.conv2.weight,-0.0935495346784591,0.184568166732788,0.184568166732788,1.3274600307866535e-09,0.0,3.410605131648481e-13,139038586.81410754,True,RANGE ADEQUATE,True,RANGE ADEQUATE,True,RANGE ADEQUATE,0.0014532926514392757,0.0014532926514392757,0.0007266463257196378,True,SMALL VALUES MAY BE LOST,5.63274534540202e-06,5.63274534540202e-06,2.81637267270101e-06,True,SMALL VALUES MAY BE LOST
ResNet18_CIFAR10_Training,middle,weights,layer4.0.downsample.0.weight,-0.1949937790632248,0.269947737455368,0.269947737455368,5.488618626259267e-08,0.0,1.4551915228366852e-11,4918318.357261217,True,RANGE ADEQUATE,True,RANGE ADEQUATE,True,RANGE ADEQUATE,0.0021255727358690394,0.0021255727358690394,0.0010627863679345197,True,SMALL VALUES MAY BE LOST,8.23840258355565e-06,8.23840258355565e-06,4.119201291777825e-06,True,SMALL VALUES MAY BE LOST
ResNet18_CIFAR10_Training,middle,weights,layer4.0.downsample.1.weight,-0.0026042389217764,0.5947908759117126,0.5947908759117126,0.0026042389217764,0.0,1.3634562492370603e-06,228.39335935659648,True,RANGE ADEQUATE,True,RANGE ADEQUATE,True,RANGE ADEQUATE,0.004683392723714273,0.004683392723714273,0.0023416963618571366,False,RANGE/STEP APPEARS ADEQUATE,1.8152130982748273e-05,1.8152130982748273e-05,9.076065491374137e-06,False,RANGE/STEP APPEARS ADEQUATE
ResNet18_CIFAR10_Training,middle,weights,layer4.1.bn1.weight,0.0371450781822204,0.0811509042978286,0.0811509042978286,0.0371450781822204,0.0,3.725290298461914e-09,2.1847013997313844,True,RANGE ADEQUATE,True,RANGE ADEQUATE,True,RANGE ADEQUATE,0.0006389834984080993,0.0006389834984080993,0.00031949174920404964,False,RANGE/STEP APPEARS ADEQUATE,2.4766046417990235e-06,2.4766046417990235e-06,1.2383023208995117e-06,False,RANGE/STEP APPEARS ADEQUATE
ResNet18_CIFAR10_Training,middle,weights,layer4.1.bn2.weight,-0.0422878786921501,0.0830637365579605,0.0830637365579605,9.75934526650235e-05,0.0,1.8009450286626818e-07,851.1199705482875,True,RANGE ADEQUATE,True,RANGE ADEQUATE,True,RANGE ADEQUATE,0.0006540451697477205,0.0006540451697477205,0.0003270225848738602,True,SMALL VALUES MAY BE LOST,2.5349814312558518e-06,2.5349814312558518e-06,1.2674907156279259e-06,False,RANGE/STEP APPEARS ADEQUATE
ResNet18_CIFAR10_Training,middle,weights,layer4.1.conv1.weight,-0.0188105423003435,0.0228113085031509,0.0228113085031509,1.4856808838725755e-10,8.477105034722222e-05,1.1368683772161605e-13,153541105.29907975,True,RANGE ADEQUATE,True,RANGE ADEQUATE,True,RANGE ADEQUATE,0.00017961660238701495,0.00017961660238701495,8.980830119350748e-05,True,SMALL VALUES MAY BE LOST,6.96167134713306e-07,6.96167134713306e-07,3.48083567356653e-07,True,SMALL VALUES MAY BE LOST
ResNet18_CIFAR10_Training,middle,weights,layer4.1.conv2.weight,-0.0165257416665554,0.0241450369358062,0.0241450369358062,4.1119169180703347e-10,0.0,4.547473508864641e-13,58719661.45448564,True,RANGE ADEQUATE,True,RANGE ADEQUATE,True,RANGE ADEQUATE,0.00019011840106934017,0.00019011840106934017,9.505920053467009e-05,True,SMALL VALUES MAY BE LOST,7.368705385237038e-07,7.368705385237038e-07,3.684352692618519e-07,True,SMALL VALUES MAY BE LOST
